image_id,image_path,mask_path,dataset,script,word,label_word,font_color,background_color,word_type,text_prompt_template,pred_word,pred_score,is_correct_word
textmeaning_red_0000,/content/stroop_expanded_vlm/text_meaning_control/images/textmeaning_red_0000.png,/content/stroop_expanded_vlm/text_meaning_control/masks/textmeaning_red_0000_mask.png,text_meaning_control,english,red,red,black,white,color,the word says {},red,0.334716796875,True
textmeaning_red_0001,/content/stroop_expanded_vlm/text_meaning_control/images/textmeaning_red_0001.png,/content/stroop_expanded_vlm/text_meaning_control/masks/textmeaning_red_0001_mask.png,text_meaning_control,english,red,red,black,white,color,the word says {},red,0.340087890625,True
textmeaning_red_0002,/content/stroop_expanded_vlm/text_meaning_control/images/textmeaning_red_0002.png,/content/stroop_expanded_vlm/text_meaning_control/masks/textmeaning_red_0002_mask.png,text_meaning_control,english,red,red,black,white,color,the word says {},red,0.335205078125,True
textmeaning_red_0003,/content/stroop_expanded_vlm/text_meaning_control/images/textmeaning_red_0003.png,/content/stroop_expanded_vlm/text_meaning_control/masks/textmeaning_red_0003_mask.png,text_meaning_control,english,red,red,black,white,color,the word says {},red,0.325439453125,True
textmeaning_red_0004,/content/stroop_expanded_vlm/text_meaning_control/images/textmeaning_red_0004.png,/content/stroop_expanded_vlm/text_meaning_control/masks/textmeaning_red_0004_mask.png,text_meaning_control,english,red,red,black,white,color,the word says {},red,0.336669921875,True
textmeaning_red_0005,/content/stroop_expanded_vlm/text_meaning_control/images/textmeaning_red_0005.png,/content/stroop_expanded_vlm/text_meaning_control/masks/textmeaning_red_0005_mask.png,text_meaning_control,english,red,red,black,white,color,the word says {},red,0.333984375,True
textmeaning_red_0006,/content/stroop_expanded_vlm/text_meaning_control/images/textmeaning_red_0006.png,/content/stroop_expanded_vlm/text_meaning_control/masks/textmeaning_red_0006_mask.png,text_meaning_control,english,red,red,black,white,color,the word says {},red,0.328369140625,True
textmeaning_red_0007,/content/stroop_expanded_vlm/text_meaning_control/images/textmeaning_red_0007.png,/content/stroop_expanded_vlm/text_meaning_control/masks/textmeaning_red_0007_mask.png,text_meaning_control,english,red,red,black,white,color,the word says {},red,0.34130859375,True
textmeaning_red_0008,/content/stroop_expanded_vlm/text_meaning_control/images/textmeaning_red_0008.png,/content/stroop_expanded_vlm/text_meaning_control/masks/textmeaning_red_0008_mask.png,text_meaning_control,english,red,red,black,white,color,the word says {},red,0.337646484375,True
textmeaning_red_0009,/content/stroop_expanded_vlm/text_meaning_control/images/textmeaning_red_0009.png,/content/stroop_expanded_vlm/text_meaning_control/masks/textmeaning_red_0009_mask.png,text_meaning_control,english,red,red,black,white,color,the word says {},red,0.33642578125,True
textmeaning_red_0010,/content/stroop_expanded_vlm/text_meaning_control/images/textmeaning_red_0010.png,/content/stroop_expanded_vlm/text_meaning_control/masks/textmeaning_red_0010_mask.png,text_meaning_control,english,red,red,black,white,color,the word says {},red,0.33544921875,True
textmeaning_red_0011,/content/stroop_expanded_vlm/text_meaning_control/images/textmeaning_red_0011.png,/content/stroop_expanded_vlm/text_meaning_control/masks/textmeaning_red_0011_mask.png,text_meaning_control,english,red,red,black,white,color,the word says {},red,0.333984375,True
textmeaning_red_0012,/content/stroop_expanded_vlm/text_meaning_control/images/textmeaning_red_0012.png,/content/stroop_expanded_vlm/text_meaning_control/masks/textmeaning_red_0012_mask.png,text_meaning_control,english,red,red,black,white,color,the word says {},red,0.34326171875,True
textmeaning_red_0013,/content/stroop_expanded_vlm/text_meaning_control/images/textmeaning_red_0013.png,/content/stroop_expanded_vlm/text_meaning_control/masks/textmeaning_red_0013_mask.png,text_meaning_control,english,red,red,black,white,color,the word says {},red,0.32373046875,True
textmeaning_red_0014,/content/stroop_expanded_vlm/text_meaning_control/images/textmeaning_red_0014.png,/content/stroop_expanded_vlm/text_meaning_control/masks/textmeaning_red_0014_mask.png,text_meaning_control,english,red,red,black,white,color,the word says {},red,0.333740234375,True
textmeaning_red_0015,/content/stroop_expanded_vlm/text_meaning_control/images/textmeaning_red_0015.png,/content/stroop_expanded_vlm/text_meaning_control/masks/textmeaning_red_0015_mask.png,text_meaning_control,english,red,red,black,white,color,the word says {},red,0.33203125,True
textmeaning_red_0016,/content/stroop_expanded_vlm/text_meaning_control/images/textmeaning_red_0016.png,/content/stroop_expanded_vlm/text_meaning_control/masks/textmeaning_red_0016_mask.png,text_meaning_control,english,red,red,black,white,color,the word says {},red,0.33251953125,True
textmeaning_red_0017,/content/stroop_expanded_vlm/text_meaning_control/images/textmeaning_red_0017.png,/content/stroop_expanded_vlm/text_meaning_control/masks/textmeaning_red_0017_mask.png,text_meaning_control,english,red,red,black,white,color,the word says {},red,0.337890625,True
textmeaning_red_0018,/content/stroop_expanded_vlm/text_meaning_control/images/textmeaning_red_0018.png,/content/stroop_expanded_vlm/text_meaning_control/masks/textmeaning_red_0018_mask.png,text_meaning_control,english,red,red,black,white,color,the word says {},red,0.341064453125,True
textmeaning_red_0019,/content/stroop_expanded_vlm/text_meaning_control/images/textmeaning_red_0019.png,/content/stroop_expanded_vlm/text_meaning_control/masks/textmeaning_red_0019_mask.png,text_meaning_control,english,red,red,black,white,color,the word says {},red,0.343017578125,True
textmeaning_red_0020,/content/stroop_expanded_vlm/text_meaning_control/images/textmeaning_red_0020.png,/content/stroop_expanded_vlm/text_meaning_control/masks/textmeaning_red_0020_mask.png,text_meaning_control,english,red,red,black,white,color,the word says {},red,0.34033203125,True
textmeaning_red_0021,/content/stroop_expanded_vlm/text_meaning_control/images/textmeaning_red_0021.png,/content/stroop_expanded_vlm/text_meaning_control/masks/textmeaning_red_0021_mask.png,text_meaning_control,english,red,red,black,white,color,the word says {},red,0.33642578125,True
textmeaning_red_0022,/content/stroop_expanded_vlm/text_meaning_control/images/textmeaning_red_0022.png,/content/stroop_expanded_vlm/text_meaning_control/masks/textmeaning_red_0022_mask.png,text_meaning_control,english,red,red,black,white,color,the word says {},red,0.336181640625,True
textmeaning_red_0023,/content/stroop_expanded_vlm/text_meaning_control/images/textmeaning_red_0023.png,/content/stroop_expanded_vlm/text_meaning_control/masks/textmeaning_red_0023_mask.png,text_meaning_control,english,red,red,black,white,color,the word says {},red,0.33740234375,True
textmeaning_red_0024,/content/stroop_expanded_vlm/text_meaning_control/images/textmeaning_red_0024.png,/content/stroop_expanded_vlm/text_meaning_control/masks/textmeaning_red_0024_mask.png,text_meaning_control,english,red,red,black,white,color,the word says {},red,0.33544921875,True
textmeaning_red_0025,/content/stroop_expanded_vlm/text_meaning_control/images/textmeaning_red_0025.png,/content/stroop_expanded_vlm/text_meaning_control/masks/textmeaning_red_0025_mask.png,text_meaning_control,english,red,red,black,white,color,the word says {},red,0.34033203125,True
textmeaning_red_0026,/content/stroop_expanded_vlm/text_meaning_control/images/textmeaning_red_0026.png,/content/stroop_expanded_vlm/text_meaning_control/masks/textmeaning_red_0026_mask.png,text_meaning_control,english,red,red,black,white,color,the word says {},red,0.33251953125,True
textmeaning_red_0027,/content/stroop_expanded_vlm/text_meaning_control/images/textmeaning_red_0027.png,/content/stroop_expanded_vlm/text_meaning_control/masks/textmeaning_red_0027_mask.png,text_meaning_control,english,red,red,black,white,color,the word says {},red,0.337158203125,True
textmeaning_red_0028,/content/stroop_expanded_vlm/text_meaning_control/images/textmeaning_red_0028.png,/content/stroop_expanded_vlm/text_meaning_control/masks/textmeaning_red_0028_mask.png,text_meaning_control,english,red,red,black,white,color,the word says {},red,0.336181640625,True
textmeaning_red_0029,/content/stroop_expanded_vlm/text_meaning_control/images/textmeaning_red_0029.png,/content/stroop_expanded_vlm/text_meaning_control/masks/textmeaning_red_0029_mask.png,text_meaning_control,english,red,red,black,white,color,the word says {},red,0.33740234375,True
textmeaning_red_0030,/content/stroop_expanded_vlm/text_meaning_control/images/textmeaning_red_0030.png,/content/stroop_expanded_vlm/text_meaning_control/masks/textmeaning_red_0030_mask.png,text_meaning_control,english,red,red,black,white,color,the word says {},red,0.33447265625,True
textmeaning_red_0031,/content/stroop_expanded_vlm/text_meaning_control/images/textmeaning_red_0031.png,/content/stroop_expanded_vlm/text_meaning_control/masks/textmeaning_red_0031_mask.png,text_meaning_control,english,red,red,black,white,color,the word says {},red,0.3271484375,True
textmeaning_red_0032,/content/stroop_expanded_vlm/text_meaning_control/images/textmeaning_red_0032.png,/content/stroop_expanded_vlm/text_meaning_control/masks/textmeaning_red_0032_mask.png,text_meaning_control,english,red,red,black,white,color,the word says {},red,0.340576171875,True
textmeaning_red_0033,/content/stroop_expanded_vlm/text_meaning_control/images/textmeaning_red_0033.png,/content/stroop_expanded_vlm/text_meaning_control/masks/textmeaning_red_0033_mask.png,text_meaning_control,english,red,red,black,white,color,the word says {},red,0.341064453125,True
textmeaning_red_0034,/content/stroop_expanded_vlm/text_meaning_control/images/textmeaning_red_0034.png,/content/stroop_expanded_vlm/text_meaning_control/masks/textmeaning_red_0034_mask.png,text_meaning_control,english,red,red,black,white,color,the word says {},red,0.34033203125,True
textmeaning_red_0035,/content/stroop_expanded_vlm/text_meaning_control/images/textmeaning_red_0035.png,/content/stroop_expanded_vlm/text_meaning_control/masks/textmeaning_red_0035_mask.png,text_meaning_control,english,red,red,black,white,color,the word says {},red,0.3388671875,True
textmeaning_red_0036,/content/stroop_expanded_vlm/text_meaning_control/images/textmeaning_red_0036.png,/content/stroop_expanded_vlm/text_meaning_control/masks/textmeaning_red_0036_mask.png,text_meaning_control,english,red,red,black,white,color,the word says {},red,0.336181640625,True
textmeaning_red_0037,/content/stroop_expanded_vlm/text_meaning_control/images/textmeaning_red_0037.png,/content/stroop_expanded_vlm/text_meaning_control/masks/textmeaning_red_0037_mask.png,text_meaning_control,english,red,red,black,white,color,the word says {},red,0.34130859375,True
textmeaning_red_0038,/content/stroop_expanded_vlm/text_meaning_control/images/textmeaning_red_0038.png,/content/stroop_expanded_vlm/text_meaning_control/masks/textmeaning_red_0038_mask.png,text_meaning_control,english,red,red,black,white,color,the word says {},red,0.331298828125,True
textmeaning_red_0039,/content/stroop_expanded_vlm/text_meaning_control/images/textmeaning_red_0039.png,/content/stroop_expanded_vlm/text_meaning_control/masks/textmeaning_red_0039_mask.png,text_meaning_control,english,red,red,black,white,color,the word says {},red,0.34033203125,True
textmeaning_red_0040,/content/stroop_expanded_vlm/text_meaning_control/images/textmeaning_red_0040.png,/content/stroop_expanded_vlm/text_meaning_control/masks/textmeaning_red_0040_mask.png,text_meaning_control,english,red,red,black,white,color,the word says {},red,0.34033203125,True
textmeaning_red_0041,/content/stroop_expanded_vlm/text_meaning_control/images/textmeaning_red_0041.png,/content/stroop_expanded_vlm/text_meaning_control/masks/textmeaning_red_0041_mask.png,text_meaning_control,english,red,red,black,white,color,the word says {},red,0.332763671875,True
textmeaning_red_0042,/content/stroop_expanded_vlm/text_meaning_control/images/textmeaning_red_0042.png,/content/stroop_expanded_vlm/text_meaning_control/masks/textmeaning_red_0042_mask.png,text_meaning_control,english,red,red,black,white,color,the word says {},red,0.337890625,True
textmeaning_red_0043,/content/stroop_expanded_vlm/text_meaning_control/images/textmeaning_red_0043.png,/content/stroop_expanded_vlm/text_meaning_control/masks/textmeaning_red_0043_mask.png,text_meaning_control,english,red,red,black,white,color,the word says {},red,0.34130859375,True
textmeaning_red_0044,/content/stroop_expanded_vlm/text_meaning_control/images/textmeaning_red_0044.png,/content/stroop_expanded_vlm/text_meaning_control/masks/textmeaning_red_0044_mask.png,text_meaning_control,english,red,red,black,white,color,the word says {},red,0.333740234375,True
textmeaning_red_0045,/content/stroop_expanded_vlm/text_meaning_control/images/textmeaning_red_0045.png,/content/stroop_expanded_vlm/text_meaning_control/masks/textmeaning_red_0045_mask.png,text_meaning_control,english,red,red,black,white,color,the word says {},red,0.33984375,True
textmeaning_red_0046,/content/stroop_expanded_vlm/text_meaning_control/images/textmeaning_red_0046.png,/content/stroop_expanded_vlm/text_meaning_control/masks/textmeaning_red_0046_mask.png,text_meaning_control,english,red,red,black,white,color,the word says {},red,0.338134765625,True
textmeaning_red_0047,/content/stroop_expanded_vlm/text_meaning_control/images/textmeaning_red_0047.png,/content/stroop_expanded_vlm/text_meaning_control/masks/textmeaning_red_0047_mask.png,text_meaning_control,english,red,red,black,white,color,the word says {},red,0.341552734375,True
textmeaning_red_0048,/content/stroop_expanded_vlm/text_meaning_control/images/textmeaning_red_0048.png,/content/stroop_expanded_vlm/text_meaning_control/masks/textmeaning_red_0048_mask.png,text_meaning_control,english,red,red,black,white,color,the word says {},red,0.340087890625,True
textmeaning_red_0049,/content/stroop_expanded_vlm/text_meaning_control/images/textmeaning_red_0049.png,/content/stroop_expanded_vlm/text_meaning_control/masks/textmeaning_red_0049_mask.png,text_meaning_control,english,red,red,black,white,color,the word says {},red,0.33642578125,True
textmeaning_red_0050,/content/stroop_expanded_vlm/text_meaning_control/images/textmeaning_red_0050.png,/content/stroop_expanded_vlm/text_meaning_control/masks/textmeaning_red_0050_mask.png,text_meaning_control,english,red,red,black,white,color,the word says {},red,0.324951171875,True
textmeaning_red_0051,/content/stroop_expanded_vlm/text_meaning_control/images/textmeaning_red_0051.png,/content/stroop_expanded_vlm/text_meaning_control/masks/textmeaning_red_0051_mask.png,text_meaning_control,english,red,red,black,white,color,the word says {},red,0.336181640625,True
textmeaning_red_0052,/content/stroop_expanded_vlm/text_meaning_control/images/textmeaning_red_0052.png,/content/stroop_expanded_vlm/text_meaning_control/masks/textmeaning_red_0052_mask.png,text_meaning_control,english,red,red,black,white,color,the word says {},red,0.331787109375,True
textmeaning_red_0053,/content/stroop_expanded_vlm/text_meaning_control/images/textmeaning_red_0053.png,/content/stroop_expanded_vlm/text_meaning_control/masks/textmeaning_red_0053_mask.png,text_meaning_control,english,red,red,black,white,color,the word says {},red,0.337646484375,True
textmeaning_red_0054,/content/stroop_expanded_vlm/text_meaning_control/images/textmeaning_red_0054.png,/content/stroop_expanded_vlm/text_meaning_control/masks/textmeaning_red_0054_mask.png,text_meaning_control,english,red,red,black,white,color,the word says {},red,0.3271484375,True
textmeaning_red_0055,/content/stroop_expanded_vlm/text_meaning_control/images/textmeaning_red_0055.png,/content/stroop_expanded_vlm/text_meaning_control/masks/textmeaning_red_0055_mask.png,text_meaning_control,english,red,red,black,white,color,the word says {},red,0.335693359375,True
textmeaning_red_0056,/content/stroop_expanded_vlm/text_meaning_control/images/textmeaning_red_0056.png,/content/stroop_expanded_vlm/text_meaning_control/masks/textmeaning_red_0056_mask.png,text_meaning_control,english,red,red,black,white,color,the word says {},red,0.33251953125,True
textmeaning_red_0057,/content/stroop_expanded_vlm/text_meaning_control/images/textmeaning_red_0057.png,/content/stroop_expanded_vlm/text_meaning_control/masks/textmeaning_red_0057_mask.png,text_meaning_control,english,red,red,black,white,color,the word says {},red,0.336181640625,True
textmeaning_red_0058,/content/stroop_expanded_vlm/text_meaning_control/images/textmeaning_red_0058.png,/content/stroop_expanded_vlm/text_meaning_control/masks/textmeaning_red_0058_mask.png,text_meaning_control,english,red,red,black,white,color,the word says {},red,0.325439453125,True
textmeaning_red_0059,/content/stroop_expanded_vlm/text_meaning_control/images/textmeaning_red_0059.png,/content/stroop_expanded_vlm/text_meaning_control/masks/textmeaning_red_0059_mask.png,text_meaning_control,english,red,red,black,white,color,the word says {},red,0.337890625,True
textmeaning_red_0060,/content/stroop_expanded_vlm/text_meaning_control/images/textmeaning_red_0060.png,/content/stroop_expanded_vlm/text_meaning_control/masks/textmeaning_red_0060_mask.png,text_meaning_control,english,red,red,black,white,color,the word says {},red,0.338134765625,True
textmeaning_red_0061,/content/stroop_expanded_vlm/text_meaning_control/images/textmeaning_red_0061.png,/content/stroop_expanded_vlm/text_meaning_control/masks/textmeaning_red_0061_mask.png,text_meaning_control,english,red,red,black,white,color,the word says {},red,0.3369140625,True
textmeaning_red_0062,/content/stroop_expanded_vlm/text_meaning_control/images/textmeaning_red_0062.png,/content/stroop_expanded_vlm/text_meaning_control/masks/textmeaning_red_0062_mask.png,text_meaning_control,english,red,red,black,white,color,the word says {},red,0.32861328125,True
textmeaning_red_0063,/content/stroop_expanded_vlm/text_meaning_control/images/textmeaning_red_0063.png,/content/stroop_expanded_vlm/text_meaning_control/masks/textmeaning_red_0063_mask.png,text_meaning_control,english,red,red,black,white,color,the word says {},red,0.328369140625,True
textmeaning_red_0064,/content/stroop_expanded_vlm/text_meaning_control/images/textmeaning_red_0064.png,/content/stroop_expanded_vlm/text_meaning_control/masks/textmeaning_red_0064_mask.png,text_meaning_control,english,red,red,black,white,color,the word says {},red,0.340087890625,True
textmeaning_red_0065,/content/stroop_expanded_vlm/text_meaning_control/images/textmeaning_red_0065.png,/content/stroop_expanded_vlm/text_meaning_control/masks/textmeaning_red_0065_mask.png,text_meaning_control,english,red,red,black,white,color,the word says {},red,0.338623046875,True
textmeaning_red_0066,/content/stroop_expanded_vlm/text_meaning_control/images/textmeaning_red_0066.png,/content/stroop_expanded_vlm/text_meaning_control/masks/textmeaning_red_0066_mask.png,text_meaning_control,english,red,red,black,white,color,the word says {},red,0.340576171875,True
textmeaning_red_0067,/content/stroop_expanded_vlm/text_meaning_control/images/textmeaning_red_0067.png,/content/stroop_expanded_vlm/text_meaning_control/masks/textmeaning_red_0067_mask.png,text_meaning_control,english,red,red,black,white,color,the word says {},red,0.33984375,True
textmeaning_red_0068,/content/stroop_expanded_vlm/text_meaning_control/images/textmeaning_red_0068.png,/content/stroop_expanded_vlm/text_meaning_control/masks/textmeaning_red_0068_mask.png,text_meaning_control,english,red,red,black,white,color,the word says {},red,0.335693359375,True
textmeaning_red_0069,/content/stroop_expanded_vlm/text_meaning_control/images/textmeaning_red_0069.png,/content/stroop_expanded_vlm/text_meaning_control/masks/textmeaning_red_0069_mask.png,text_meaning_control,english,red,red,black,white,color,the word says {},red,0.33056640625,True
textmeaning_red_0070,/content/stroop_expanded_vlm/text_meaning_control/images/textmeaning_red_0070.png,/content/stroop_expanded_vlm/text_meaning_control/masks/textmeaning_red_0070_mask.png,text_meaning_control,english,red,red,black,white,color,the word says {},red,0.3369140625,True
textmeaning_red_0071,/content/stroop_expanded_vlm/text_meaning_control/images/textmeaning_red_0071.png,/content/stroop_expanded_vlm/text_meaning_control/masks/textmeaning_red_0071_mask.png,text_meaning_control,english,red,red,black,white,color,the word says {},red,0.338623046875,True
textmeaning_red_0072,/content/stroop_expanded_vlm/text_meaning_control/images/textmeaning_red_0072.png,/content/stroop_expanded_vlm/text_meaning_control/masks/textmeaning_red_0072_mask.png,text_meaning_control,english,red,red,black,white,color,the word says {},red,0.3388671875,True
textmeaning_red_0073,/content/stroop_expanded_vlm/text_meaning_control/images/textmeaning_red_0073.png,/content/stroop_expanded_vlm/text_meaning_control/masks/textmeaning_red_0073_mask.png,text_meaning_control,english,red,red,black,white,color,the word says {},red,0.33837890625,True
textmeaning_red_0074,/content/stroop_expanded_vlm/text_meaning_control/images/textmeaning_red_0074.png,/content/stroop_expanded_vlm/text_meaning_control/masks/textmeaning_red_0074_mask.png,text_meaning_control,english,red,red,black,white,color,the word says {},red,0.33251953125,True
textmeaning_red_0075,/content/stroop_expanded_vlm/text_meaning_control/images/textmeaning_red_0075.png,/content/stroop_expanded_vlm/text_meaning_control/masks/textmeaning_red_0075_mask.png,text_meaning_control,english,red,red,black,white,color,the word says {},red,0.32958984375,True
textmeaning_red_0076,/content/stroop_expanded_vlm/text_meaning_control/images/textmeaning_red_0076.png,/content/stroop_expanded_vlm/text_meaning_control/masks/textmeaning_red_0076_mask.png,text_meaning_control,english,red,red,black,white,color,the word says {},red,0.328857421875,True
textmeaning_red_0077,/content/stroop_expanded_vlm/text_meaning_control/images/textmeaning_red_0077.png,/content/stroop_expanded_vlm/text_meaning_control/masks/textmeaning_red_0077_mask.png,text_meaning_control,english,red,red,black,white,color,the word says {},red,0.33935546875,True
textmeaning_red_0078,/content/stroop_expanded_vlm/text_meaning_control/images/textmeaning_red_0078.png,/content/stroop_expanded_vlm/text_meaning_control/masks/textmeaning_red_0078_mask.png,text_meaning_control,english,red,red,black,white,color,the word says {},red,0.337646484375,True
textmeaning_red_0079,/content/stroop_expanded_vlm/text_meaning_control/images/textmeaning_red_0079.png,/content/stroop_expanded_vlm/text_meaning_control/masks/textmeaning_red_0079_mask.png,text_meaning_control,english,red,red,black,white,color,the word says {},red,0.33740234375,True
textmeaning_red_0080,/content/stroop_expanded_vlm/text_meaning_control/images/textmeaning_red_0080.png,/content/stroop_expanded_vlm/text_meaning_control/masks/textmeaning_red_0080_mask.png,text_meaning_control,english,red,red,black,white,color,the word says {},red,0.33740234375,True
textmeaning_red_0081,/content/stroop_expanded_vlm/text_meaning_control/images/textmeaning_red_0081.png,/content/stroop_expanded_vlm/text_meaning_control/masks/textmeaning_red_0081_mask.png,text_meaning_control,english,red,red,black,white,color,the word says {},red,0.337646484375,True
textmeaning_red_0082,/content/stroop_expanded_vlm/text_meaning_control/images/textmeaning_red_0082.png,/content/stroop_expanded_vlm/text_meaning_control/masks/textmeaning_red_0082_mask.png,text_meaning_control,english,red,red,black,white,color,the word says {},red,0.3388671875,True
textmeaning_red_0083,/content/stroop_expanded_vlm/text_meaning_control/images/textmeaning_red_0083.png,/content/stroop_expanded_vlm/text_meaning_control/masks/textmeaning_red_0083_mask.png,text_meaning_control,english,red,red,black,white,color,the word says {},red,0.337646484375,True
textmeaning_red_0084,/content/stroop_expanded_vlm/text_meaning_control/images/textmeaning_red_0084.png,/content/stroop_expanded_vlm/text_meaning_control/masks/textmeaning_red_0084_mask.png,text_meaning_control,english,red,red,black,white,color,the word says {},red,0.341796875,True
textmeaning_red_0085,/content/stroop_expanded_vlm/text_meaning_control/images/textmeaning_red_0085.png,/content/stroop_expanded_vlm/text_meaning_control/masks/textmeaning_red_0085_mask.png,text_meaning_control,english,red,red,black,white,color,the word says {},red,0.338623046875,True
textmeaning_red_0086,/content/stroop_expanded_vlm/text_meaning_control/images/textmeaning_red_0086.png,/content/stroop_expanded_vlm/text_meaning_control/masks/textmeaning_red_0086_mask.png,text_meaning_control,english,red,red,black,white,color,the word says {},red,0.338623046875,True
textmeaning_red_0087,/content/stroop_expanded_vlm/text_meaning_control/images/textmeaning_red_0087.png,/content/stroop_expanded_vlm/text_meaning_control/masks/textmeaning_red_0087_mask.png,text_meaning_control,english,red,red,black,white,color,the word says {},red,0.3408203125,True
textmeaning_red_0088,/content/stroop_expanded_vlm/text_meaning_control/images/textmeaning_red_0088.png,/content/stroop_expanded_vlm/text_meaning_control/masks/textmeaning_red_0088_mask.png,text_meaning_control,english,red,red,black,white,color,the word says {},red,0.337158203125,True
textmeaning_red_0089,/content/stroop_expanded_vlm/text_meaning_control/images/textmeaning_red_0089.png,/content/stroop_expanded_vlm/text_meaning_control/masks/textmeaning_red_0089_mask.png,text_meaning_control,english,red,red,black,white,color,the word says {},red,0.339599609375,True
textmeaning_red_0090,/content/stroop_expanded_vlm/text_meaning_control/images/textmeaning_red_0090.png,/content/stroop_expanded_vlm/text_meaning_control/masks/textmeaning_red_0090_mask.png,text_meaning_control,english,red,red,black,white,color,the word says {},red,0.3369140625,True
textmeaning_red_0091,/content/stroop_expanded_vlm/text_meaning_control/images/textmeaning_red_0091.png,/content/stroop_expanded_vlm/text_meaning_control/masks/textmeaning_red_0091_mask.png,text_meaning_control,english,red,red,black,white,color,the word says {},red,0.34130859375,True
textmeaning_red_0092,/content/stroop_expanded_vlm/text_meaning_control/images/textmeaning_red_0092.png,/content/stroop_expanded_vlm/text_meaning_control/masks/textmeaning_red_0092_mask.png,text_meaning_control,english,red,red,black,white,color,the word says {},red,0.338134765625,True
textmeaning_red_0093,/content/stroop_expanded_vlm/text_meaning_control/images/textmeaning_red_0093.png,/content/stroop_expanded_vlm/text_meaning_control/masks/textmeaning_red_0093_mask.png,text_meaning_control,english,red,red,black,white,color,the word says {},red,0.341552734375,True
textmeaning_red_0094,/content/stroop_expanded_vlm/text_meaning_control/images/textmeaning_red_0094.png,/content/stroop_expanded_vlm/text_meaning_control/masks/textmeaning_red_0094_mask.png,text_meaning_control,english,red,red,black,white,color,the word says {},red,0.341064453125,True
textmeaning_red_0095,/content/stroop_expanded_vlm/text_meaning_control/images/textmeaning_red_0095.png,/content/stroop_expanded_vlm/text_meaning_control/masks/textmeaning_red_0095_mask.png,text_meaning_control,english,red,red,black,white,color,the word says {},red,0.33935546875,True
textmeaning_red_0096,/content/stroop_expanded_vlm/text_meaning_control/images/textmeaning_red_0096.png,/content/stroop_expanded_vlm/text_meaning_control/masks/textmeaning_red_0096_mask.png,text_meaning_control,english,red,red,black,white,color,the word says {},red,0.32861328125,True
textmeaning_red_0097,/content/stroop_expanded_vlm/text_meaning_control/images/textmeaning_red_0097.png,/content/stroop_expanded_vlm/text_meaning_control/masks/textmeaning_red_0097_mask.png,text_meaning_control,english,red,red,black,white,color,the word says {},red,0.339599609375,True
textmeaning_red_0098,/content/stroop_expanded_vlm/text_meaning_control/images/textmeaning_red_0098.png,/content/stroop_expanded_vlm/text_meaning_control/masks/textmeaning_red_0098_mask.png,text_meaning_control,english,red,red,black,white,color,the word says {},red,0.3408203125,True
textmeaning_red_0099,/content/stroop_expanded_vlm/text_meaning_control/images/textmeaning_red_0099.png,/content/stroop_expanded_vlm/text_meaning_control/masks/textmeaning_red_0099_mask.png,text_meaning_control,english,red,red,black,white,color,the word says {},red,0.3408203125,True
textmeaning_blue_0000,/content/stroop_expanded_vlm/text_meaning_control/images/textmeaning_blue_0000.png,/content/stroop_expanded_vlm/text_meaning_control/masks/textmeaning_blue_0000_mask.png,text_meaning_control,english,blue,blue,black,white,color,the word says {},blue,0.340087890625,True
textmeaning_blue_0001,/content/stroop_expanded_vlm/text_meaning_control/images/textmeaning_blue_0001.png,/content/stroop_expanded_vlm/text_meaning_control/masks/textmeaning_blue_0001_mask.png,text_meaning_control,english,blue,blue,black,white,color,the word says {},blue,0.332763671875,True
textmeaning_blue_0002,/content/stroop_expanded_vlm/text_meaning_control/images/textmeaning_blue_0002.png,/content/stroop_expanded_vlm/text_meaning_control/masks/textmeaning_blue_0002_mask.png,text_meaning_control,english,blue,blue,black,white,color,the word says {},blue,0.338134765625,True
textmeaning_blue_0003,/content/stroop_expanded_vlm/text_meaning_control/images/textmeaning_blue_0003.png,/content/stroop_expanded_vlm/text_meaning_control/masks/textmeaning_blue_0003_mask.png,text_meaning_control,english,blue,blue,black,white,color,the word says {},blue,0.33544921875,True
textmeaning_blue_0004,/content/stroop_expanded_vlm/text_meaning_control/images/textmeaning_blue_0004.png,/content/stroop_expanded_vlm/text_meaning_control/masks/textmeaning_blue_0004_mask.png,text_meaning_control,english,blue,blue,black,white,color,the word says {},blue,0.32958984375,True
textmeaning_blue_0005,/content/stroop_expanded_vlm/text_meaning_control/images/textmeaning_blue_0005.png,/content/stroop_expanded_vlm/text_meaning_control/masks/textmeaning_blue_0005_mask.png,text_meaning_control,english,blue,blue,black,white,color,the word says {},blue,0.334716796875,True
textmeaning_blue_0006,/content/stroop_expanded_vlm/text_meaning_control/images/textmeaning_blue_0006.png,/content/stroop_expanded_vlm/text_meaning_control/masks/textmeaning_blue_0006_mask.png,text_meaning_control,english,blue,blue,black,white,color,the word says {},blue,0.333984375,True
textmeaning_blue_0007,/content/stroop_expanded_vlm/text_meaning_control/images/textmeaning_blue_0007.png,/content/stroop_expanded_vlm/text_meaning_control/masks/textmeaning_blue_0007_mask.png,text_meaning_control,english,blue,blue,black,white,color,the word says {},blue,0.3349609375,True
textmeaning_blue_0008,/content/stroop_expanded_vlm/text_meaning_control/images/textmeaning_blue_0008.png,/content/stroop_expanded_vlm/text_meaning_control/masks/textmeaning_blue_0008_mask.png,text_meaning_control,english,blue,blue,black,white,color,the word says {},blue,0.336669921875,True
textmeaning_blue_0009,/content/stroop_expanded_vlm/text_meaning_control/images/textmeaning_blue_0009.png,/content/stroop_expanded_vlm/text_meaning_control/masks/textmeaning_blue_0009_mask.png,text_meaning_control,english,blue,blue,black,white,color,the word says {},blue,0.333740234375,True
textmeaning_blue_0010,/content/stroop_expanded_vlm/text_meaning_control/images/textmeaning_blue_0010.png,/content/stroop_expanded_vlm/text_meaning_control/masks/textmeaning_blue_0010_mask.png,text_meaning_control,english,blue,blue,black,white,color,the word says {},blue,0.32763671875,True
textmeaning_blue_0011,/content/stroop_expanded_vlm/text_meaning_control/images/textmeaning_blue_0011.png,/content/stroop_expanded_vlm/text_meaning_control/masks/textmeaning_blue_0011_mask.png,text_meaning_control,english,blue,blue,black,white,color,the word says {},blue,0.333251953125,True
textmeaning_blue_0012,/content/stroop_expanded_vlm/text_meaning_control/images/textmeaning_blue_0012.png,/content/stroop_expanded_vlm/text_meaning_control/masks/textmeaning_blue_0012_mask.png,text_meaning_control,english,blue,blue,black,white,color,the word says {},blue,0.33544921875,True
textmeaning_blue_0013,/content/stroop_expanded_vlm/text_meaning_control/images/textmeaning_blue_0013.png,/content/stroop_expanded_vlm/text_meaning_control/masks/textmeaning_blue_0013_mask.png,text_meaning_control,english,blue,blue,black,white,color,the word says {},blue,0.3330078125,True
textmeaning_blue_0014,/content/stroop_expanded_vlm/text_meaning_control/images/textmeaning_blue_0014.png,/content/stroop_expanded_vlm/text_meaning_control/masks/textmeaning_blue_0014_mask.png,text_meaning_control,english,blue,blue,black,white,color,the word says {},blue,0.330078125,True
textmeaning_blue_0015,/content/stroop_expanded_vlm/text_meaning_control/images/textmeaning_blue_0015.png,/content/stroop_expanded_vlm/text_meaning_control/masks/textmeaning_blue_0015_mask.png,text_meaning_control,english,blue,blue,black,white,color,the word says {},blue,0.335205078125,True
textmeaning_blue_0016,/content/stroop_expanded_vlm/text_meaning_control/images/textmeaning_blue_0016.png,/content/stroop_expanded_vlm/text_meaning_control/masks/textmeaning_blue_0016_mask.png,text_meaning_control,english,blue,blue,black,white,color,the word says {},blue,0.33544921875,True
textmeaning_blue_0017,/content/stroop_expanded_vlm/text_meaning_control/images/textmeaning_blue_0017.png,/content/stroop_expanded_vlm/text_meaning_control/masks/textmeaning_blue_0017_mask.png,text_meaning_control,english,blue,blue,black,white,color,the word says {},blue,0.33056640625,True
textmeaning_blue_0018,/content/stroop_expanded_vlm/text_meaning_control/images/textmeaning_blue_0018.png,/content/stroop_expanded_vlm/text_meaning_control/masks/textmeaning_blue_0018_mask.png,text_meaning_control,english,blue,blue,black,white,color,the word says {},blue,0.335693359375,True
textmeaning_blue_0019,/content/stroop_expanded_vlm/text_meaning_control/images/textmeaning_blue_0019.png,/content/stroop_expanded_vlm/text_meaning_control/masks/textmeaning_blue_0019_mask.png,text_meaning_control,english,blue,blue,black,white,color,the word says {},blue,0.336669921875,True
textmeaning_blue_0020,/content/stroop_expanded_vlm/text_meaning_control/images/textmeaning_blue_0020.png,/content/stroop_expanded_vlm/text_meaning_control/masks/textmeaning_blue_0020_mask.png,text_meaning_control,english,blue,blue,black,white,color,the word says {},blue,0.3291015625,True
textmeaning_blue_0021,/content/stroop_expanded_vlm/text_meaning_control/images/textmeaning_blue_0021.png,/content/stroop_expanded_vlm/text_meaning_control/masks/textmeaning_blue_0021_mask.png,text_meaning_control,english,blue,blue,black,white,color,the word says {},blue,0.33935546875,True
textmeaning_blue_0022,/content/stroop_expanded_vlm/text_meaning_control/images/textmeaning_blue_0022.png,/content/stroop_expanded_vlm/text_meaning_control/masks/textmeaning_blue_0022_mask.png,text_meaning_control,english,blue,blue,black,white,color,the word says {},blue,0.33447265625,True
textmeaning_blue_0023,/content/stroop_expanded_vlm/text_meaning_control/images/textmeaning_blue_0023.png,/content/stroop_expanded_vlm/text_meaning_control/masks/textmeaning_blue_0023_mask.png,text_meaning_control,english,blue,blue,black,white,color,the word says {},blue,0.33740234375,True
textmeaning_blue_0024,/content/stroop_expanded_vlm/text_meaning_control/images/textmeaning_blue_0024.png,/content/stroop_expanded_vlm/text_meaning_control/masks/textmeaning_blue_0024_mask.png,text_meaning_control,english,blue,blue,black,white,color,the word says {},blue,0.340576171875,True
textmeaning_blue_0025,/content/stroop_expanded_vlm/text_meaning_control/images/textmeaning_blue_0025.png,/content/stroop_expanded_vlm/text_meaning_control/masks/textmeaning_blue_0025_mask.png,text_meaning_control,english,blue,blue,black,white,color,the word says {},blue,0.335205078125,True
textmeaning_blue_0026,/content/stroop_expanded_vlm/text_meaning_control/images/textmeaning_blue_0026.png,/content/stroop_expanded_vlm/text_meaning_control/masks/textmeaning_blue_0026_mask.png,text_meaning_control,english,blue,blue,black,white,color,the word says {},blue,0.3359375,True
textmeaning_blue_0027,/content/stroop_expanded_vlm/text_meaning_control/images/textmeaning_blue_0027.png,/content/stroop_expanded_vlm/text_meaning_control/masks/textmeaning_blue_0027_mask.png,text_meaning_control,english,blue,blue,black,white,color,the word says {},blue,0.340087890625,True
textmeaning_blue_0028,/content/stroop_expanded_vlm/text_meaning_control/images/textmeaning_blue_0028.png,/content/stroop_expanded_vlm/text_meaning_control/masks/textmeaning_blue_0028_mask.png,text_meaning_control,english,blue,blue,black,white,color,the word says {},blue,0.335693359375,True
textmeaning_blue_0029,/content/stroop_expanded_vlm/text_meaning_control/images/textmeaning_blue_0029.png,/content/stroop_expanded_vlm/text_meaning_control/masks/textmeaning_blue_0029_mask.png,text_meaning_control,english,blue,blue,black,white,color,the word says {},blue,0.340087890625,True
textmeaning_blue_0030,/content/stroop_expanded_vlm/text_meaning_control/images/textmeaning_blue_0030.png,/content/stroop_expanded_vlm/text_meaning_control/masks/textmeaning_blue_0030_mask.png,text_meaning_control,english,blue,blue,black,white,color,the word says {},blue,0.332763671875,True
textmeaning_blue_0031,/content/stroop_expanded_vlm/text_meaning_control/images/textmeaning_blue_0031.png,/content/stroop_expanded_vlm/text_meaning_control/masks/textmeaning_blue_0031_mask.png,text_meaning_control,english,blue,blue,black,white,color,the word says {},blue,0.33984375,True
textmeaning_blue_0032,/content/stroop_expanded_vlm/text_meaning_control/images/textmeaning_blue_0032.png,/content/stroop_expanded_vlm/text_meaning_control/masks/textmeaning_blue_0032_mask.png,text_meaning_control,english,blue,blue,black,white,color,the word says {},blue,0.337890625,True
textmeaning_blue_0033,/content/stroop_expanded_vlm/text_meaning_control/images/textmeaning_blue_0033.png,/content/stroop_expanded_vlm/text_meaning_control/masks/textmeaning_blue_0033_mask.png,text_meaning_control,english,blue,blue,black,white,color,the word says {},blue,0.32958984375,True
textmeaning_blue_0034,/content/stroop_expanded_vlm/text_meaning_control/images/textmeaning_blue_0034.png,/content/stroop_expanded_vlm/text_meaning_control/masks/textmeaning_blue_0034_mask.png,text_meaning_control,english,blue,blue,black,white,color,the word says {},blue,0.340576171875,True
textmeaning_blue_0035,/content/stroop_expanded_vlm/text_meaning_control/images/textmeaning_blue_0035.png,/content/stroop_expanded_vlm/text_meaning_control/masks/textmeaning_blue_0035_mask.png,text_meaning_control,english,blue,blue,black,white,color,the word says {},blue,0.337890625,True
textmeaning_blue_0036,/content/stroop_expanded_vlm/text_meaning_control/images/textmeaning_blue_0036.png,/content/stroop_expanded_vlm/text_meaning_control/masks/textmeaning_blue_0036_mask.png,text_meaning_control,english,blue,blue,black,white,color,the word says {},blue,0.337890625,True
textmeaning_blue_0037,/content/stroop_expanded_vlm/text_meaning_control/images/textmeaning_blue_0037.png,/content/stroop_expanded_vlm/text_meaning_control/masks/textmeaning_blue_0037_mask.png,text_meaning_control,english,blue,blue,black,white,color,the word says {},blue,0.337158203125,True
textmeaning_blue_0038,/content/stroop_expanded_vlm/text_meaning_control/images/textmeaning_blue_0038.png,/content/stroop_expanded_vlm/text_meaning_control/masks/textmeaning_blue_0038_mask.png,text_meaning_control,english,blue,blue,black,white,color,the word says {},blue,0.333984375,True
textmeaning_blue_0039,/content/stroop_expanded_vlm/text_meaning_control/images/textmeaning_blue_0039.png,/content/stroop_expanded_vlm/text_meaning_control/masks/textmeaning_blue_0039_mask.png,text_meaning_control,english,blue,blue,black,white,color,the word says {},blue,0.33837890625,True
textmeaning_blue_0040,/content/stroop_expanded_vlm/text_meaning_control/images/textmeaning_blue_0040.png,/content/stroop_expanded_vlm/text_meaning_control/masks/textmeaning_blue_0040_mask.png,text_meaning_control,english,blue,blue,black,white,color,the word says {},blue,0.333251953125,True
textmeaning_blue_0041,/content/stroop_expanded_vlm/text_meaning_control/images/textmeaning_blue_0041.png,/content/stroop_expanded_vlm/text_meaning_control/masks/textmeaning_blue_0041_mask.png,text_meaning_control,english,blue,blue,black,white,color,the word says {},blue,0.33984375,True
textmeaning_blue_0042,/content/stroop_expanded_vlm/text_meaning_control/images/textmeaning_blue_0042.png,/content/stroop_expanded_vlm/text_meaning_control/masks/textmeaning_blue_0042_mask.png,text_meaning_control,english,blue,blue,black,white,color,the word says {},blue,0.3359375,True
textmeaning_blue_0043,/content/stroop_expanded_vlm/text_meaning_control/images/textmeaning_blue_0043.png,/content/stroop_expanded_vlm/text_meaning_control/masks/textmeaning_blue_0043_mask.png,text_meaning_control,english,blue,blue,black,white,color,the word says {},blue,0.337158203125,True
textmeaning_blue_0044,/content/stroop_expanded_vlm/text_meaning_control/images/textmeaning_blue_0044.png,/content/stroop_expanded_vlm/text_meaning_control/masks/textmeaning_blue_0044_mask.png,text_meaning_control,english,blue,blue,black,white,color,the word says {},blue,0.337646484375,True
textmeaning_blue_0045,/content/stroop_expanded_vlm/text_meaning_control/images/textmeaning_blue_0045.png,/content/stroop_expanded_vlm/text_meaning_control/masks/textmeaning_blue_0045_mask.png,text_meaning_control,english,blue,blue,black,white,color,the word says {},blue,0.331787109375,True
textmeaning_blue_0046,/content/stroop_expanded_vlm/text_meaning_control/images/textmeaning_blue_0046.png,/content/stroop_expanded_vlm/text_meaning_control/masks/textmeaning_blue_0046_mask.png,text_meaning_control,english,blue,blue,black,white,color,the word says {},blue,0.32763671875,True
textmeaning_blue_0047,/content/stroop_expanded_vlm/text_meaning_control/images/textmeaning_blue_0047.png,/content/stroop_expanded_vlm/text_meaning_control/masks/textmeaning_blue_0047_mask.png,text_meaning_control,english,blue,blue,black,white,color,the word says {},blue,0.340087890625,True
textmeaning_blue_0048,/content/stroop_expanded_vlm/text_meaning_control/images/textmeaning_blue_0048.png,/content/stroop_expanded_vlm/text_meaning_control/masks/textmeaning_blue_0048_mask.png,text_meaning_control,english,blue,blue,black,white,color,the word says {},blue,0.33837890625,True
textmeaning_blue_0049,/content/stroop_expanded_vlm/text_meaning_control/images/textmeaning_blue_0049.png,/content/stroop_expanded_vlm/text_meaning_control/masks/textmeaning_blue_0049_mask.png,text_meaning_control,english,blue,blue,black,white,color,the word says {},blue,0.340576171875,True
textmeaning_blue_0050,/content/stroop_expanded_vlm/text_meaning_control/images/textmeaning_blue_0050.png,/content/stroop_expanded_vlm/text_meaning_control/masks/textmeaning_blue_0050_mask.png,text_meaning_control,english,blue,blue,black,white,color,the word says {},blue,0.33642578125,True
textmeaning_blue_0051,/content/stroop_expanded_vlm/text_meaning_control/images/textmeaning_blue_0051.png,/content/stroop_expanded_vlm/text_meaning_control/masks/textmeaning_blue_0051_mask.png,text_meaning_control,english,blue,blue,black,white,color,the word says {},blue,0.33837890625,True
textmeaning_blue_0052,/content/stroop_expanded_vlm/text_meaning_control/images/textmeaning_blue_0052.png,/content/stroop_expanded_vlm/text_meaning_control/masks/textmeaning_blue_0052_mask.png,text_meaning_control,english,blue,blue,black,white,color,the word says {},blue,0.337890625,True
textmeaning_blue_0053,/content/stroop_expanded_vlm/text_meaning_control/images/textmeaning_blue_0053.png,/content/stroop_expanded_vlm/text_meaning_control/masks/textmeaning_blue_0053_mask.png,text_meaning_control,english,blue,blue,black,white,color,the word says {},blue,0.333740234375,True
textmeaning_blue_0054,/content/stroop_expanded_vlm/text_meaning_control/images/textmeaning_blue_0054.png,/content/stroop_expanded_vlm/text_meaning_control/masks/textmeaning_blue_0054_mask.png,text_meaning_control,english,blue,blue,black,white,color,the word says {},blue,0.339599609375,True
textmeaning_blue_0055,/content/stroop_expanded_vlm/text_meaning_control/images/textmeaning_blue_0055.png,/content/stroop_expanded_vlm/text_meaning_control/masks/textmeaning_blue_0055_mask.png,text_meaning_control,english,blue,blue,black,white,color,the word says {},blue,0.337646484375,True
textmeaning_blue_0056,/content/stroop_expanded_vlm/text_meaning_control/images/textmeaning_blue_0056.png,/content/stroop_expanded_vlm/text_meaning_control/masks/textmeaning_blue_0056_mask.png,text_meaning_control,english,blue,blue,black,white,color,the word says {},blue,0.33349609375,True
textmeaning_blue_0057,/content/stroop_expanded_vlm/text_meaning_control/images/textmeaning_blue_0057.png,/content/stroop_expanded_vlm/text_meaning_control/masks/textmeaning_blue_0057_mask.png,text_meaning_control,english,blue,blue,black,white,color,the word says {},blue,0.332763671875,True
textmeaning_blue_0058,/content/stroop_expanded_vlm/text_meaning_control/images/textmeaning_blue_0058.png,/content/stroop_expanded_vlm/text_meaning_control/masks/textmeaning_blue_0058_mask.png,text_meaning_control,english,blue,blue,black,white,color,the word says {},blue,0.3359375,True
textmeaning_blue_0059,/content/stroop_expanded_vlm/text_meaning_control/images/textmeaning_blue_0059.png,/content/stroop_expanded_vlm/text_meaning_control/masks/textmeaning_blue_0059_mask.png,text_meaning_control,english,blue,blue,black,white,color,the word says {},blue,0.33349609375,True
textmeaning_blue_0060,/content/stroop_expanded_vlm/text_meaning_control/images/textmeaning_blue_0060.png,/content/stroop_expanded_vlm/text_meaning_control/masks/textmeaning_blue_0060_mask.png,text_meaning_control,english,blue,blue,black,white,color,the word says {},blue,0.336181640625,True
textmeaning_blue_0061,/content/stroop_expanded_vlm/text_meaning_control/images/textmeaning_blue_0061.png,/content/stroop_expanded_vlm/text_meaning_control/masks/textmeaning_blue_0061_mask.png,text_meaning_control,english,blue,blue,black,white,color,the word says {},blue,0.339111328125,True
textmeaning_blue_0062,/content/stroop_expanded_vlm/text_meaning_control/images/textmeaning_blue_0062.png,/content/stroop_expanded_vlm/text_meaning_control/masks/textmeaning_blue_0062_mask.png,text_meaning_control,english,blue,blue,black,white,color,the word says {},blue,0.337890625,True
textmeaning_blue_0063,/content/stroop_expanded_vlm/text_meaning_control/images/textmeaning_blue_0063.png,/content/stroop_expanded_vlm/text_meaning_control/masks/textmeaning_blue_0063_mask.png,text_meaning_control,english,blue,blue,black,white,color,the word says {},blue,0.337890625,True
textmeaning_blue_0064,/content/stroop_expanded_vlm/text_meaning_control/images/textmeaning_blue_0064.png,/content/stroop_expanded_vlm/text_meaning_control/masks/textmeaning_blue_0064_mask.png,text_meaning_control,english,blue,blue,black,white,color,the word says {},blue,0.33544921875,True
textmeaning_blue_0065,/content/stroop_expanded_vlm/text_meaning_control/images/textmeaning_blue_0065.png,/content/stroop_expanded_vlm/text_meaning_control/masks/textmeaning_blue_0065_mask.png,text_meaning_control,english,blue,blue,black,white,color,the word says {},blue,0.3359375,True
textmeaning_blue_0066,/content/stroop_expanded_vlm/text_meaning_control/images/textmeaning_blue_0066.png,/content/stroop_expanded_vlm/text_meaning_control/masks/textmeaning_blue_0066_mask.png,text_meaning_control,english,blue,blue,black,white,color,the word says {},blue,0.334228515625,True
textmeaning_blue_0067,/content/stroop_expanded_vlm/text_meaning_control/images/textmeaning_blue_0067.png,/content/stroop_expanded_vlm/text_meaning_control/masks/textmeaning_blue_0067_mask.png,text_meaning_control,english,blue,blue,black,white,color,the word says {},blue,0.334716796875,True
textmeaning_blue_0068,/content/stroop_expanded_vlm/text_meaning_control/images/textmeaning_blue_0068.png,/content/stroop_expanded_vlm/text_meaning_control/masks/textmeaning_blue_0068_mask.png,text_meaning_control,english,blue,blue,black,white,color,the word says {},blue,0.338134765625,True
textmeaning_blue_0069,/content/stroop_expanded_vlm/text_meaning_control/images/textmeaning_blue_0069.png,/content/stroop_expanded_vlm/text_meaning_control/masks/textmeaning_blue_0069_mask.png,text_meaning_control,english,blue,blue,black,white,color,the word says {},blue,0.333740234375,True
textmeaning_blue_0070,/content/stroop_expanded_vlm/text_meaning_control/images/textmeaning_blue_0070.png,/content/stroop_expanded_vlm/text_meaning_control/masks/textmeaning_blue_0070_mask.png,text_meaning_control,english,blue,blue,black,white,color,the word says {},blue,0.337646484375,True
textmeaning_blue_0071,/content/stroop_expanded_vlm/text_meaning_control/images/textmeaning_blue_0071.png,/content/stroop_expanded_vlm/text_meaning_control/masks/textmeaning_blue_0071_mask.png,text_meaning_control,english,blue,blue,black,white,color,the word says {},blue,0.336181640625,True
textmeaning_blue_0072,/content/stroop_expanded_vlm/text_meaning_control/images/textmeaning_blue_0072.png,/content/stroop_expanded_vlm/text_meaning_control/masks/textmeaning_blue_0072_mask.png,text_meaning_control,english,blue,blue,black,white,color,the word says {},blue,0.33447265625,True
textmeaning_blue_0073,/content/stroop_expanded_vlm/text_meaning_control/images/textmeaning_blue_0073.png,/content/stroop_expanded_vlm/text_meaning_control/masks/textmeaning_blue_0073_mask.png,text_meaning_control,english,blue,blue,black,white,color,the word says {},blue,0.33642578125,True
textmeaning_blue_0074,/content/stroop_expanded_vlm/text_meaning_control/images/textmeaning_blue_0074.png,/content/stroop_expanded_vlm/text_meaning_control/masks/textmeaning_blue_0074_mask.png,text_meaning_control,english,blue,blue,black,white,color,the word says {},blue,0.332275390625,True
textmeaning_blue_0075,/content/stroop_expanded_vlm/text_meaning_control/images/textmeaning_blue_0075.png,/content/stroop_expanded_vlm/text_meaning_control/masks/textmeaning_blue_0075_mask.png,text_meaning_control,english,blue,blue,black,white,color,the word says {},blue,0.330078125,True
textmeaning_blue_0076,/content/stroop_expanded_vlm/text_meaning_control/images/textmeaning_blue_0076.png,/content/stroop_expanded_vlm/text_meaning_control/masks/textmeaning_blue_0076_mask.png,text_meaning_control,english,blue,blue,black,white,color,the word says {},blue,0.32958984375,True
textmeaning_blue_0077,/content/stroop_expanded_vlm/text_meaning_control/images/textmeaning_blue_0077.png,/content/stroop_expanded_vlm/text_meaning_control/masks/textmeaning_blue_0077_mask.png,text_meaning_control,english,blue,blue,black,white,color,the word says {},blue,0.3330078125,True
textmeaning_blue_0078,/content/stroop_expanded_vlm/text_meaning_control/images/textmeaning_blue_0078.png,/content/stroop_expanded_vlm/text_meaning_control/masks/textmeaning_blue_0078_mask.png,text_meaning_control,english,blue,blue,black,white,color,the word says {},blue,0.33349609375,True
textmeaning_blue_0079,/content/stroop_expanded_vlm/text_meaning_control/images/textmeaning_blue_0079.png,/content/stroop_expanded_vlm/text_meaning_control/masks/textmeaning_blue_0079_mask.png,text_meaning_control,english,blue,blue,black,white,color,the word says {},blue,0.329833984375,True
textmeaning_blue_0080,/content/stroop_expanded_vlm/text_meaning_control/images/textmeaning_blue_0080.png,/content/stroop_expanded_vlm/text_meaning_control/masks/textmeaning_blue_0080_mask.png,text_meaning_control,english,blue,blue,black,white,color,the word says {},blue,0.337158203125,True
textmeaning_blue_0081,/content/stroop_expanded_vlm/text_meaning_control/images/textmeaning_blue_0081.png,/content/stroop_expanded_vlm/text_meaning_control/masks/textmeaning_blue_0081_mask.png,text_meaning_control,english,blue,blue,black,white,color,the word says {},blue,0.33740234375,True
textmeaning_blue_0082,/content/stroop_expanded_vlm/text_meaning_control/images/textmeaning_blue_0082.png,/content/stroop_expanded_vlm/text_meaning_control/masks/textmeaning_blue_0082_mask.png,text_meaning_control,english,blue,blue,black,white,color,the word says {},blue,0.340576171875,True
textmeaning_blue_0083,/content/stroop_expanded_vlm/text_meaning_control/images/textmeaning_blue_0083.png,/content/stroop_expanded_vlm/text_meaning_control/masks/textmeaning_blue_0083_mask.png,text_meaning_control,english,blue,blue,black,white,color,the word says {},blue,0.336669921875,True
textmeaning_blue_0084,/content/stroop_expanded_vlm/text_meaning_control/images/textmeaning_blue_0084.png,/content/stroop_expanded_vlm/text_meaning_control/masks/textmeaning_blue_0084_mask.png,text_meaning_control,english,blue,blue,black,white,color,the word says {},blue,0.33837890625,True
textmeaning_blue_0085,/content/stroop_expanded_vlm/text_meaning_control/images/textmeaning_blue_0085.png,/content/stroop_expanded_vlm/text_meaning_control/masks/textmeaning_blue_0085_mask.png,text_meaning_control,english,blue,blue,black,white,color,the word says {},blue,0.3369140625,True
textmeaning_blue_0086,/content/stroop_expanded_vlm/text_meaning_control/images/textmeaning_blue_0086.png,/content/stroop_expanded_vlm/text_meaning_control/masks/textmeaning_blue_0086_mask.png,text_meaning_control,english,blue,blue,black,white,color,the word says {},blue,0.337158203125,True
textmeaning_blue_0087,/content/stroop_expanded_vlm/text_meaning_control/images/textmeaning_blue_0087.png,/content/stroop_expanded_vlm/text_meaning_control/masks/textmeaning_blue_0087_mask.png,text_meaning_control,english,blue,blue,black,white,color,the word says {},blue,0.33740234375,True
textmeaning_blue_0088,/content/stroop_expanded_vlm/text_meaning_control/images/textmeaning_blue_0088.png,/content/stroop_expanded_vlm/text_meaning_control/masks/textmeaning_blue_0088_mask.png,text_meaning_control,english,blue,blue,black,white,color,the word says {},blue,0.338623046875,True
textmeaning_blue_0089,/content/stroop_expanded_vlm/text_meaning_control/images/textmeaning_blue_0089.png,/content/stroop_expanded_vlm/text_meaning_control/masks/textmeaning_blue_0089_mask.png,text_meaning_control,english,blue,blue,black,white,color,the word says {},blue,0.329833984375,True
textmeaning_blue_0090,/content/stroop_expanded_vlm/text_meaning_control/images/textmeaning_blue_0090.png,/content/stroop_expanded_vlm/text_meaning_control/masks/textmeaning_blue_0090_mask.png,text_meaning_control,english,blue,blue,black,white,color,the word says {},blue,0.332763671875,True
textmeaning_blue_0091,/content/stroop_expanded_vlm/text_meaning_control/images/textmeaning_blue_0091.png,/content/stroop_expanded_vlm/text_meaning_control/masks/textmeaning_blue_0091_mask.png,text_meaning_control,english,blue,blue,black,white,color,the word says {},blue,0.33251953125,True
textmeaning_blue_0092,/content/stroop_expanded_vlm/text_meaning_control/images/textmeaning_blue_0092.png,/content/stroop_expanded_vlm/text_meaning_control/masks/textmeaning_blue_0092_mask.png,text_meaning_control,english,blue,blue,black,white,color,the word says {},blue,0.3359375,True
textmeaning_blue_0093,/content/stroop_expanded_vlm/text_meaning_control/images/textmeaning_blue_0093.png,/content/stroop_expanded_vlm/text_meaning_control/masks/textmeaning_blue_0093_mask.png,text_meaning_control,english,blue,blue,black,white,color,the word says {},blue,0.33642578125,True
textmeaning_blue_0094,/content/stroop_expanded_vlm/text_meaning_control/images/textmeaning_blue_0094.png,/content/stroop_expanded_vlm/text_meaning_control/masks/textmeaning_blue_0094_mask.png,text_meaning_control,english,blue,blue,black,white,color,the word says {},blue,0.331787109375,True
textmeaning_blue_0095,/content/stroop_expanded_vlm/text_meaning_control/images/textmeaning_blue_0095.png,/content/stroop_expanded_vlm/text_meaning_control/masks/textmeaning_blue_0095_mask.png,text_meaning_control,english,blue,blue,black,white,color,the word says {},blue,0.337158203125,True
textmeaning_blue_0096,/content/stroop_expanded_vlm/text_meaning_control/images/textmeaning_blue_0096.png,/content/stroop_expanded_vlm/text_meaning_control/masks/textmeaning_blue_0096_mask.png,text_meaning_control,english,blue,blue,black,white,color,the word says {},blue,0.33984375,True
textmeaning_blue_0097,/content/stroop_expanded_vlm/text_meaning_control/images/textmeaning_blue_0097.png,/content/stroop_expanded_vlm/text_meaning_control/masks/textmeaning_blue_0097_mask.png,text_meaning_control,english,blue,blue,black,white,color,the word says {},blue,0.334228515625,True
textmeaning_blue_0098,/content/stroop_expanded_vlm/text_meaning_control/images/textmeaning_blue_0098.png,/content/stroop_expanded_vlm/text_meaning_control/masks/textmeaning_blue_0098_mask.png,text_meaning_control,english,blue,blue,black,white,color,the word says {},blue,0.337158203125,True
textmeaning_blue_0099,/content/stroop_expanded_vlm/text_meaning_control/images/textmeaning_blue_0099.png,/content/stroop_expanded_vlm/text_meaning_control/masks/textmeaning_blue_0099_mask.png,text_meaning_control,english,blue,blue,black,white,color,the word says {},blue,0.337890625,True
textmeaning_green_0000,/content/stroop_expanded_vlm/text_meaning_control/images/textmeaning_green_0000.png,/content/stroop_expanded_vlm/text_meaning_control/masks/textmeaning_green_0000_mask.png,text_meaning_control,english,green,green,black,white,color,the word says {},green,0.33447265625,True
textmeaning_green_0001,/content/stroop_expanded_vlm/text_meaning_control/images/textmeaning_green_0001.png,/content/stroop_expanded_vlm/text_meaning_control/masks/textmeaning_green_0001_mask.png,text_meaning_control,english,green,green,black,white,color,the word says {},green,0.336181640625,True
textmeaning_green_0002,/content/stroop_expanded_vlm/text_meaning_control/images/textmeaning_green_0002.png,/content/stroop_expanded_vlm/text_meaning_control/masks/textmeaning_green_0002_mask.png,text_meaning_control,english,green,green,black,white,color,the word says {},green,0.334228515625,True
textmeaning_green_0003,/content/stroop_expanded_vlm/text_meaning_control/images/textmeaning_green_0003.png,/content/stroop_expanded_vlm/text_meaning_control/masks/textmeaning_green_0003_mask.png,text_meaning_control,english,green,green,black,white,color,the word says {},green,0.33203125,True
textmeaning_green_0004,/content/stroop_expanded_vlm/text_meaning_control/images/textmeaning_green_0004.png,/content/stroop_expanded_vlm/text_meaning_control/masks/textmeaning_green_0004_mask.png,text_meaning_control,english,green,green,black,white,color,the word says {},green,0.335693359375,True
textmeaning_green_0005,/content/stroop_expanded_vlm/text_meaning_control/images/textmeaning_green_0005.png,/content/stroop_expanded_vlm/text_meaning_control/masks/textmeaning_green_0005_mask.png,text_meaning_control,english,green,green,black,white,color,the word says {},green,0.341552734375,True
textmeaning_green_0006,/content/stroop_expanded_vlm/text_meaning_control/images/textmeaning_green_0006.png,/content/stroop_expanded_vlm/text_meaning_control/masks/textmeaning_green_0006_mask.png,text_meaning_control,english,green,green,black,white,color,the word says {},green,0.337890625,True
textmeaning_green_0007,/content/stroop_expanded_vlm/text_meaning_control/images/textmeaning_green_0007.png,/content/stroop_expanded_vlm/text_meaning_control/masks/textmeaning_green_0007_mask.png,text_meaning_control,english,green,green,black,white,color,the word says {},green,0.344482421875,True
textmeaning_green_0008,/content/stroop_expanded_vlm/text_meaning_control/images/textmeaning_green_0008.png,/content/stroop_expanded_vlm/text_meaning_control/masks/textmeaning_green_0008_mask.png,text_meaning_control,english,green,green,black,white,color,the word says {},green,0.343017578125,True
textmeaning_green_0009,/content/stroop_expanded_vlm/text_meaning_control/images/textmeaning_green_0009.png,/content/stroop_expanded_vlm/text_meaning_control/masks/textmeaning_green_0009_mask.png,text_meaning_control,english,green,green,black,white,color,the word says {},green,0.340576171875,True
textmeaning_green_0010,/content/stroop_expanded_vlm/text_meaning_control/images/textmeaning_green_0010.png,/content/stroop_expanded_vlm/text_meaning_control/masks/textmeaning_green_0010_mask.png,text_meaning_control,english,green,green,black,white,color,the word says {},green,0.3447265625,True
textmeaning_green_0011,/content/stroop_expanded_vlm/text_meaning_control/images/textmeaning_green_0011.png,/content/stroop_expanded_vlm/text_meaning_control/masks/textmeaning_green_0011_mask.png,text_meaning_control,english,green,green,black,white,color,the word says {},green,0.33056640625,True
textmeaning_green_0012,/content/stroop_expanded_vlm/text_meaning_control/images/textmeaning_green_0012.png,/content/stroop_expanded_vlm/text_meaning_control/masks/textmeaning_green_0012_mask.png,text_meaning_control,english,green,green,black,white,color,the word says {},green,0.331787109375,True
textmeaning_green_0013,/content/stroop_expanded_vlm/text_meaning_control/images/textmeaning_green_0013.png,/content/stroop_expanded_vlm/text_meaning_control/masks/textmeaning_green_0013_mask.png,text_meaning_control,english,green,green,black,white,color,the word says {},green,0.333984375,True
textmeaning_green_0014,/content/stroop_expanded_vlm/text_meaning_control/images/textmeaning_green_0014.png,/content/stroop_expanded_vlm/text_meaning_control/masks/textmeaning_green_0014_mask.png,text_meaning_control,english,green,green,black,white,color,the word says {},green,0.34228515625,True
textmeaning_green_0015,/content/stroop_expanded_vlm/text_meaning_control/images/textmeaning_green_0015.png,/content/stroop_expanded_vlm/text_meaning_control/masks/textmeaning_green_0015_mask.png,text_meaning_control,english,green,green,black,white,color,the word says {},green,0.3408203125,True
textmeaning_green_0016,/content/stroop_expanded_vlm/text_meaning_control/images/textmeaning_green_0016.png,/content/stroop_expanded_vlm/text_meaning_control/masks/textmeaning_green_0016_mask.png,text_meaning_control,english,green,green,black,white,color,the word says {},green,0.335205078125,True
textmeaning_green_0017,/content/stroop_expanded_vlm/text_meaning_control/images/textmeaning_green_0017.png,/content/stroop_expanded_vlm/text_meaning_control/masks/textmeaning_green_0017_mask.png,text_meaning_control,english,green,green,black,white,color,the word says {},green,0.33935546875,True
textmeaning_green_0018,/content/stroop_expanded_vlm/text_meaning_control/images/textmeaning_green_0018.png,/content/stroop_expanded_vlm/text_meaning_control/masks/textmeaning_green_0018_mask.png,text_meaning_control,english,green,green,black,white,color,the word says {},green,0.339111328125,True
textmeaning_green_0019,/content/stroop_expanded_vlm/text_meaning_control/images/textmeaning_green_0019.png,/content/stroop_expanded_vlm/text_meaning_control/masks/textmeaning_green_0019_mask.png,text_meaning_control,english,green,green,black,white,color,the word says {},green,0.338623046875,True
textmeaning_green_0020,/content/stroop_expanded_vlm/text_meaning_control/images/textmeaning_green_0020.png,/content/stroop_expanded_vlm/text_meaning_control/masks/textmeaning_green_0020_mask.png,text_meaning_control,english,green,green,black,white,color,the word says {},green,0.327880859375,True
textmeaning_green_0021,/content/stroop_expanded_vlm/text_meaning_control/images/textmeaning_green_0021.png,/content/stroop_expanded_vlm/text_meaning_control/masks/textmeaning_green_0021_mask.png,text_meaning_control,english,green,green,black,white,color,the word says {},green,0.337158203125,True
textmeaning_green_0022,/content/stroop_expanded_vlm/text_meaning_control/images/textmeaning_green_0022.png,/content/stroop_expanded_vlm/text_meaning_control/masks/textmeaning_green_0022_mask.png,text_meaning_control,english,green,green,black,white,color,the word says {},green,0.340087890625,True
textmeaning_green_0023,/content/stroop_expanded_vlm/text_meaning_control/images/textmeaning_green_0023.png,/content/stroop_expanded_vlm/text_meaning_control/masks/textmeaning_green_0023_mask.png,text_meaning_control,english,green,green,black,white,color,the word says {},green,0.331298828125,True
textmeaning_green_0024,/content/stroop_expanded_vlm/text_meaning_control/images/textmeaning_green_0024.png,/content/stroop_expanded_vlm/text_meaning_control/masks/textmeaning_green_0024_mask.png,text_meaning_control,english,green,green,black,white,color,the word says {},green,0.339111328125,True
textmeaning_green_0025,/content/stroop_expanded_vlm/text_meaning_control/images/textmeaning_green_0025.png,/content/stroop_expanded_vlm/text_meaning_control/masks/textmeaning_green_0025_mask.png,text_meaning_control,english,green,green,black,white,color,the word says {},green,0.33935546875,True
textmeaning_green_0026,/content/stroop_expanded_vlm/text_meaning_control/images/textmeaning_green_0026.png,/content/stroop_expanded_vlm/text_meaning_control/masks/textmeaning_green_0026_mask.png,text_meaning_control,english,green,green,black,white,color,the word says {},green,0.33154296875,True
textmeaning_green_0027,/content/stroop_expanded_vlm/text_meaning_control/images/textmeaning_green_0027.png,/content/stroop_expanded_vlm/text_meaning_control/masks/textmeaning_green_0027_mask.png,text_meaning_control,english,green,green,black,white,color,the word says {},green,0.3369140625,True
textmeaning_green_0028,/content/stroop_expanded_vlm/text_meaning_control/images/textmeaning_green_0028.png,/content/stroop_expanded_vlm/text_meaning_control/masks/textmeaning_green_0028_mask.png,text_meaning_control,english,green,green,black,white,color,the word says {},green,0.33642578125,True
textmeaning_green_0029,/content/stroop_expanded_vlm/text_meaning_control/images/textmeaning_green_0029.png,/content/stroop_expanded_vlm/text_meaning_control/masks/textmeaning_green_0029_mask.png,text_meaning_control,english,green,green,black,white,color,the word says {},green,0.34326171875,True
textmeaning_green_0030,/content/stroop_expanded_vlm/text_meaning_control/images/textmeaning_green_0030.png,/content/stroop_expanded_vlm/text_meaning_control/masks/textmeaning_green_0030_mask.png,text_meaning_control,english,green,green,black,white,color,the word says {},green,0.34130859375,True
textmeaning_green_0031,/content/stroop_expanded_vlm/text_meaning_control/images/textmeaning_green_0031.png,/content/stroop_expanded_vlm/text_meaning_control/masks/textmeaning_green_0031_mask.png,text_meaning_control,english,green,green,black,white,color,the word says {},green,0.3291015625,True
textmeaning_green_0032,/content/stroop_expanded_vlm/text_meaning_control/images/textmeaning_green_0032.png,/content/stroop_expanded_vlm/text_meaning_control/masks/textmeaning_green_0032_mask.png,text_meaning_control,english,green,green,black,white,color,the word says {},green,0.3388671875,True
textmeaning_green_0033,/content/stroop_expanded_vlm/text_meaning_control/images/textmeaning_green_0033.png,/content/stroop_expanded_vlm/text_meaning_control/masks/textmeaning_green_0033_mask.png,text_meaning_control,english,green,green,black,white,color,the word says {},green,0.33984375,True
textmeaning_green_0034,/content/stroop_expanded_vlm/text_meaning_control/images/textmeaning_green_0034.png,/content/stroop_expanded_vlm/text_meaning_control/masks/textmeaning_green_0034_mask.png,text_meaning_control,english,green,green,black,white,color,the word says {},green,0.342041015625,True
textmeaning_green_0035,/content/stroop_expanded_vlm/text_meaning_control/images/textmeaning_green_0035.png,/content/stroop_expanded_vlm/text_meaning_control/masks/textmeaning_green_0035_mask.png,text_meaning_control,english,green,green,black,white,color,the word says {},green,0.3388671875,True
textmeaning_green_0036,/content/stroop_expanded_vlm/text_meaning_control/images/textmeaning_green_0036.png,/content/stroop_expanded_vlm/text_meaning_control/masks/textmeaning_green_0036_mask.png,text_meaning_control,english,green,green,black,white,color,the word says {},green,0.330322265625,True
textmeaning_green_0037,/content/stroop_expanded_vlm/text_meaning_control/images/textmeaning_green_0037.png,/content/stroop_expanded_vlm/text_meaning_control/masks/textmeaning_green_0037_mask.png,text_meaning_control,english,green,green,black,white,color,the word says {},green,0.338623046875,True
textmeaning_green_0038,/content/stroop_expanded_vlm/text_meaning_control/images/textmeaning_green_0038.png,/content/stroop_expanded_vlm/text_meaning_control/masks/textmeaning_green_0038_mask.png,text_meaning_control,english,green,green,black,white,color,the word says {},green,0.337890625,True
textmeaning_green_0039,/content/stroop_expanded_vlm/text_meaning_control/images/textmeaning_green_0039.png,/content/stroop_expanded_vlm/text_meaning_control/masks/textmeaning_green_0039_mask.png,text_meaning_control,english,green,green,black,white,color,the word says {},green,0.335693359375,True
textmeaning_green_0040,/content/stroop_expanded_vlm/text_meaning_control/images/textmeaning_green_0040.png,/content/stroop_expanded_vlm/text_meaning_control/masks/textmeaning_green_0040_mask.png,text_meaning_control,english,green,green,black,white,color,the word says {},green,0.3388671875,True
textmeaning_green_0041,/content/stroop_expanded_vlm/text_meaning_control/images/textmeaning_green_0041.png,/content/stroop_expanded_vlm/text_meaning_control/masks/textmeaning_green_0041_mask.png,text_meaning_control,english,green,green,black,white,color,the word says {},green,0.341064453125,True
textmeaning_green_0042,/content/stroop_expanded_vlm/text_meaning_control/images/textmeaning_green_0042.png,/content/stroop_expanded_vlm/text_meaning_control/masks/textmeaning_green_0042_mask.png,text_meaning_control,english,green,green,black,white,color,the word says {},green,0.3408203125,True
textmeaning_green_0043,/content/stroop_expanded_vlm/text_meaning_control/images/textmeaning_green_0043.png,/content/stroop_expanded_vlm/text_meaning_control/masks/textmeaning_green_0043_mask.png,text_meaning_control,english,green,green,black,white,color,the word says {},green,0.341796875,True
textmeaning_green_0044,/content/stroop_expanded_vlm/text_meaning_control/images/textmeaning_green_0044.png,/content/stroop_expanded_vlm/text_meaning_control/masks/textmeaning_green_0044_mask.png,text_meaning_control,english,green,green,black,white,color,the word says {},green,0.34326171875,True
textmeaning_green_0045,/content/stroop_expanded_vlm/text_meaning_control/images/textmeaning_green_0045.png,/content/stroop_expanded_vlm/text_meaning_control/masks/textmeaning_green_0045_mask.png,text_meaning_control,english,green,green,black,white,color,the word says {},green,0.33447265625,True
textmeaning_green_0046,/content/stroop_expanded_vlm/text_meaning_control/images/textmeaning_green_0046.png,/content/stroop_expanded_vlm/text_meaning_control/masks/textmeaning_green_0046_mask.png,text_meaning_control,english,green,green,black,white,color,the word says {},green,0.343505859375,True
textmeaning_green_0047,/content/stroop_expanded_vlm/text_meaning_control/images/textmeaning_green_0047.png,/content/stroop_expanded_vlm/text_meaning_control/masks/textmeaning_green_0047_mask.png,text_meaning_control,english,green,green,black,white,color,the word says {},green,0.338134765625,True
textmeaning_green_0048,/content/stroop_expanded_vlm/text_meaning_control/images/textmeaning_green_0048.png,/content/stroop_expanded_vlm/text_meaning_control/masks/textmeaning_green_0048_mask.png,text_meaning_control,english,green,green,black,white,color,the word says {},green,0.341796875,True
textmeaning_green_0049,/content/stroop_expanded_vlm/text_meaning_control/images/textmeaning_green_0049.png,/content/stroop_expanded_vlm/text_meaning_control/masks/textmeaning_green_0049_mask.png,text_meaning_control,english,green,green,black,white,color,the word says {},green,0.33251953125,True
textmeaning_green_0050,/content/stroop_expanded_vlm/text_meaning_control/images/textmeaning_green_0050.png,/content/stroop_expanded_vlm/text_meaning_control/masks/textmeaning_green_0050_mask.png,text_meaning_control,english,green,green,black,white,color,the word says {},green,0.339599609375,True
textmeaning_green_0051,/content/stroop_expanded_vlm/text_meaning_control/images/textmeaning_green_0051.png,/content/stroop_expanded_vlm/text_meaning_control/masks/textmeaning_green_0051_mask.png,text_meaning_control,english,green,green,black,white,color,the word says {},green,0.33837890625,True
textmeaning_green_0052,/content/stroop_expanded_vlm/text_meaning_control/images/textmeaning_green_0052.png,/content/stroop_expanded_vlm/text_meaning_control/masks/textmeaning_green_0052_mask.png,text_meaning_control,english,green,green,black,white,color,the word says {},green,0.33935546875,True
textmeaning_green_0053,/content/stroop_expanded_vlm/text_meaning_control/images/textmeaning_green_0053.png,/content/stroop_expanded_vlm/text_meaning_control/masks/textmeaning_green_0053_mask.png,text_meaning_control,english,green,green,black,white,color,the word says {},green,0.340087890625,True
textmeaning_green_0054,/content/stroop_expanded_vlm/text_meaning_control/images/textmeaning_green_0054.png,/content/stroop_expanded_vlm/text_meaning_control/masks/textmeaning_green_0054_mask.png,text_meaning_control,english,green,green,black,white,color,the word says {},green,0.33544921875,True
textmeaning_green_0055,/content/stroop_expanded_vlm/text_meaning_control/images/textmeaning_green_0055.png,/content/stroop_expanded_vlm/text_meaning_control/masks/textmeaning_green_0055_mask.png,text_meaning_control,english,green,green,black,white,color,the word says {},green,0.334228515625,True
textmeaning_green_0056,/content/stroop_expanded_vlm/text_meaning_control/images/textmeaning_green_0056.png,/content/stroop_expanded_vlm/text_meaning_control/masks/textmeaning_green_0056_mask.png,text_meaning_control,english,green,green,black,white,color,the word says {},green,0.341796875,True
textmeaning_green_0057,/content/stroop_expanded_vlm/text_meaning_control/images/textmeaning_green_0057.png,/content/stroop_expanded_vlm/text_meaning_control/masks/textmeaning_green_0057_mask.png,text_meaning_control,english,green,green,black,white,color,the word says {},green,0.33837890625,True
textmeaning_green_0058,/content/stroop_expanded_vlm/text_meaning_control/images/textmeaning_green_0058.png,/content/stroop_expanded_vlm/text_meaning_control/masks/textmeaning_green_0058_mask.png,text_meaning_control,english,green,green,black,white,color,the word says {},green,0.338134765625,True
textmeaning_green_0059,/content/stroop_expanded_vlm/text_meaning_control/images/textmeaning_green_0059.png,/content/stroop_expanded_vlm/text_meaning_control/masks/textmeaning_green_0059_mask.png,text_meaning_control,english,green,green,black,white,color,the word says {},green,0.337158203125,True
textmeaning_green_0060,/content/stroop_expanded_vlm/text_meaning_control/images/textmeaning_green_0060.png,/content/stroop_expanded_vlm/text_meaning_control/masks/textmeaning_green_0060_mask.png,text_meaning_control,english,green,green,black,white,color,the word says {},green,0.342529296875,True
textmeaning_green_0061,/content/stroop_expanded_vlm/text_meaning_control/images/textmeaning_green_0061.png,/content/stroop_expanded_vlm/text_meaning_control/masks/textmeaning_green_0061_mask.png,text_meaning_control,english,green,green,black,white,color,the word says {},green,0.33203125,True
textmeaning_green_0062,/content/stroop_expanded_vlm/text_meaning_control/images/textmeaning_green_0062.png,/content/stroop_expanded_vlm/text_meaning_control/masks/textmeaning_green_0062_mask.png,text_meaning_control,english,green,green,black,white,color,the word says {},green,0.333984375,True
textmeaning_green_0063,/content/stroop_expanded_vlm/text_meaning_control/images/textmeaning_green_0063.png,/content/stroop_expanded_vlm/text_meaning_control/masks/textmeaning_green_0063_mask.png,text_meaning_control,english,green,green,black,white,color,the word says {},green,0.33984375,True
textmeaning_green_0064,/content/stroop_expanded_vlm/text_meaning_control/images/textmeaning_green_0064.png,/content/stroop_expanded_vlm/text_meaning_control/masks/textmeaning_green_0064_mask.png,text_meaning_control,english,green,green,black,white,color,the word says {},green,0.34033203125,True
textmeaning_green_0065,/content/stroop_expanded_vlm/text_meaning_control/images/textmeaning_green_0065.png,/content/stroop_expanded_vlm/text_meaning_control/masks/textmeaning_green_0065_mask.png,text_meaning_control,english,green,green,black,white,color,the word says {},green,0.34521484375,True
textmeaning_green_0066,/content/stroop_expanded_vlm/text_meaning_control/images/textmeaning_green_0066.png,/content/stroop_expanded_vlm/text_meaning_control/masks/textmeaning_green_0066_mask.png,text_meaning_control,english,green,green,black,white,color,the word says {},green,0.33935546875,True
textmeaning_green_0067,/content/stroop_expanded_vlm/text_meaning_control/images/textmeaning_green_0067.png,/content/stroop_expanded_vlm/text_meaning_control/masks/textmeaning_green_0067_mask.png,text_meaning_control,english,green,green,black,white,color,the word says {},green,0.343505859375,True
textmeaning_green_0068,/content/stroop_expanded_vlm/text_meaning_control/images/textmeaning_green_0068.png,/content/stroop_expanded_vlm/text_meaning_control/masks/textmeaning_green_0068_mask.png,text_meaning_control,english,green,green,black,white,color,the word says {},green,0.339599609375,True
textmeaning_green_0069,/content/stroop_expanded_vlm/text_meaning_control/images/textmeaning_green_0069.png,/content/stroop_expanded_vlm/text_meaning_control/masks/textmeaning_green_0069_mask.png,text_meaning_control,english,green,green,black,white,color,the word says {},green,0.338134765625,True
textmeaning_green_0070,/content/stroop_expanded_vlm/text_meaning_control/images/textmeaning_green_0070.png,/content/stroop_expanded_vlm/text_meaning_control/masks/textmeaning_green_0070_mask.png,text_meaning_control,english,green,green,black,white,color,the word says {},green,0.33447265625,True
textmeaning_green_0071,/content/stroop_expanded_vlm/text_meaning_control/images/textmeaning_green_0071.png,/content/stroop_expanded_vlm/text_meaning_control/masks/textmeaning_green_0071_mask.png,text_meaning_control,english,green,green,black,white,color,the word says {},green,0.338134765625,True
textmeaning_green_0072,/content/stroop_expanded_vlm/text_meaning_control/images/textmeaning_green_0072.png,/content/stroop_expanded_vlm/text_meaning_control/masks/textmeaning_green_0072_mask.png,text_meaning_control,english,green,green,black,white,color,the word says {},green,0.33935546875,True
textmeaning_green_0073,/content/stroop_expanded_vlm/text_meaning_control/images/textmeaning_green_0073.png,/content/stroop_expanded_vlm/text_meaning_control/masks/textmeaning_green_0073_mask.png,text_meaning_control,english,green,green,black,white,color,the word says {},green,0.3388671875,True
textmeaning_green_0074,/content/stroop_expanded_vlm/text_meaning_control/images/textmeaning_green_0074.png,/content/stroop_expanded_vlm/text_meaning_control/masks/textmeaning_green_0074_mask.png,text_meaning_control,english,green,green,black,white,color,the word says {},green,0.334716796875,True
textmeaning_green_0075,/content/stroop_expanded_vlm/text_meaning_control/images/textmeaning_green_0075.png,/content/stroop_expanded_vlm/text_meaning_control/masks/textmeaning_green_0075_mask.png,text_meaning_control,english,green,green,black,white,color,the word says {},green,0.337646484375,True
textmeaning_green_0076,/content/stroop_expanded_vlm/text_meaning_control/images/textmeaning_green_0076.png,/content/stroop_expanded_vlm/text_meaning_control/masks/textmeaning_green_0076_mask.png,text_meaning_control,english,green,green,black,white,color,the word says {},green,0.33740234375,True
textmeaning_green_0077,/content/stroop_expanded_vlm/text_meaning_control/images/textmeaning_green_0077.png,/content/stroop_expanded_vlm/text_meaning_control/masks/textmeaning_green_0077_mask.png,text_meaning_control,english,green,green,black,white,color,the word says {},green,0.329345703125,True
textmeaning_green_0078,/content/stroop_expanded_vlm/text_meaning_control/images/textmeaning_green_0078.png,/content/stroop_expanded_vlm/text_meaning_control/masks/textmeaning_green_0078_mask.png,text_meaning_control,english,green,green,black,white,color,the word says {},green,0.337158203125,True
textmeaning_green_0079,/content/stroop_expanded_vlm/text_meaning_control/images/textmeaning_green_0079.png,/content/stroop_expanded_vlm/text_meaning_control/masks/textmeaning_green_0079_mask.png,text_meaning_control,english,green,green,black,white,color,the word says {},green,0.338134765625,True
textmeaning_green_0080,/content/stroop_expanded_vlm/text_meaning_control/images/textmeaning_green_0080.png,/content/stroop_expanded_vlm/text_meaning_control/masks/textmeaning_green_0080_mask.png,text_meaning_control,english,green,green,black,white,color,the word says {},green,0.339599609375,True
textmeaning_green_0081,/content/stroop_expanded_vlm/text_meaning_control/images/textmeaning_green_0081.png,/content/stroop_expanded_vlm/text_meaning_control/masks/textmeaning_green_0081_mask.png,text_meaning_control,english,green,green,black,white,color,the word says {},green,0.342041015625,True
textmeaning_green_0082,/content/stroop_expanded_vlm/text_meaning_control/images/textmeaning_green_0082.png,/content/stroop_expanded_vlm/text_meaning_control/masks/textmeaning_green_0082_mask.png,text_meaning_control,english,green,green,black,white,color,the word says {},green,0.337646484375,True
textmeaning_green_0083,/content/stroop_expanded_vlm/text_meaning_control/images/textmeaning_green_0083.png,/content/stroop_expanded_vlm/text_meaning_control/masks/textmeaning_green_0083_mask.png,text_meaning_control,english,green,green,black,white,color,the word says {},green,0.3447265625,True
textmeaning_green_0084,/content/stroop_expanded_vlm/text_meaning_control/images/textmeaning_green_0084.png,/content/stroop_expanded_vlm/text_meaning_control/masks/textmeaning_green_0084_mask.png,text_meaning_control,english,green,green,black,white,color,the word says {},green,0.3408203125,True
textmeaning_green_0085,/content/stroop_expanded_vlm/text_meaning_control/images/textmeaning_green_0085.png,/content/stroop_expanded_vlm/text_meaning_control/masks/textmeaning_green_0085_mask.png,text_meaning_control,english,green,green,black,white,color,the word says {},green,0.341552734375,True
textmeaning_green_0086,/content/stroop_expanded_vlm/text_meaning_control/images/textmeaning_green_0086.png,/content/stroop_expanded_vlm/text_meaning_control/masks/textmeaning_green_0086_mask.png,text_meaning_control,english,green,green,black,white,color,the word says {},green,0.34375,True
textmeaning_green_0087,/content/stroop_expanded_vlm/text_meaning_control/images/textmeaning_green_0087.png,/content/stroop_expanded_vlm/text_meaning_control/masks/textmeaning_green_0087_mask.png,text_meaning_control,english,green,green,black,white,color,the word says {},green,0.34326171875,True
textmeaning_green_0088,/content/stroop_expanded_vlm/text_meaning_control/images/textmeaning_green_0088.png,/content/stroop_expanded_vlm/text_meaning_control/masks/textmeaning_green_0088_mask.png,text_meaning_control,english,green,green,black,white,color,the word says {},green,0.32861328125,True
textmeaning_green_0089,/content/stroop_expanded_vlm/text_meaning_control/images/textmeaning_green_0089.png,/content/stroop_expanded_vlm/text_meaning_control/masks/textmeaning_green_0089_mask.png,text_meaning_control,english,green,green,black,white,color,the word says {},green,0.339111328125,True
textmeaning_green_0090,/content/stroop_expanded_vlm/text_meaning_control/images/textmeaning_green_0090.png,/content/stroop_expanded_vlm/text_meaning_control/masks/textmeaning_green_0090_mask.png,text_meaning_control,english,green,green,black,white,color,the word says {},green,0.340576171875,True
textmeaning_green_0091,/content/stroop_expanded_vlm/text_meaning_control/images/textmeaning_green_0091.png,/content/stroop_expanded_vlm/text_meaning_control/masks/textmeaning_green_0091_mask.png,text_meaning_control,english,green,green,black,white,color,the word says {},green,0.333251953125,True
textmeaning_green_0092,/content/stroop_expanded_vlm/text_meaning_control/images/textmeaning_green_0092.png,/content/stroop_expanded_vlm/text_meaning_control/masks/textmeaning_green_0092_mask.png,text_meaning_control,english,green,green,black,white,color,the word says {},green,0.3408203125,True
textmeaning_green_0093,/content/stroop_expanded_vlm/text_meaning_control/images/textmeaning_green_0093.png,/content/stroop_expanded_vlm/text_meaning_control/masks/textmeaning_green_0093_mask.png,text_meaning_control,english,green,green,black,white,color,the word says {},green,0.333740234375,True
textmeaning_green_0094,/content/stroop_expanded_vlm/text_meaning_control/images/textmeaning_green_0094.png,/content/stroop_expanded_vlm/text_meaning_control/masks/textmeaning_green_0094_mask.png,text_meaning_control,english,green,green,black,white,color,the word says {},green,0.34228515625,True
textmeaning_green_0095,/content/stroop_expanded_vlm/text_meaning_control/images/textmeaning_green_0095.png,/content/stroop_expanded_vlm/text_meaning_control/masks/textmeaning_green_0095_mask.png,text_meaning_control,english,green,green,black,white,color,the word says {},green,0.3408203125,True
textmeaning_green_0096,/content/stroop_expanded_vlm/text_meaning_control/images/textmeaning_green_0096.png,/content/stroop_expanded_vlm/text_meaning_control/masks/textmeaning_green_0096_mask.png,text_meaning_control,english,green,green,black,white,color,the word says {},green,0.338623046875,True
textmeaning_green_0097,/content/stroop_expanded_vlm/text_meaning_control/images/textmeaning_green_0097.png,/content/stroop_expanded_vlm/text_meaning_control/masks/textmeaning_green_0097_mask.png,text_meaning_control,english,green,green,black,white,color,the word says {},green,0.341064453125,True
textmeaning_green_0098,/content/stroop_expanded_vlm/text_meaning_control/images/textmeaning_green_0098.png,/content/stroop_expanded_vlm/text_meaning_control/masks/textmeaning_green_0098_mask.png,text_meaning_control,english,green,green,black,white,color,the word says {},green,0.33251953125,True
textmeaning_green_0099,/content/stroop_expanded_vlm/text_meaning_control/images/textmeaning_green_0099.png,/content/stroop_expanded_vlm/text_meaning_control/masks/textmeaning_green_0099_mask.png,text_meaning_control,english,green,green,black,white,color,the word says {},green,0.338623046875,True
textmeaning_yellow_0000,/content/stroop_expanded_vlm/text_meaning_control/images/textmeaning_yellow_0000.png,/content/stroop_expanded_vlm/text_meaning_control/masks/textmeaning_yellow_0000_mask.png,text_meaning_control,english,yellow,yellow,black,white,color,the word says {},yellow,0.34912109375,True
textmeaning_yellow_0001,/content/stroop_expanded_vlm/text_meaning_control/images/textmeaning_yellow_0001.png,/content/stroop_expanded_vlm/text_meaning_control/masks/textmeaning_yellow_0001_mask.png,text_meaning_control,english,yellow,yellow,black,white,color,the word says {},yellow,0.354248046875,True
textmeaning_yellow_0002,/content/stroop_expanded_vlm/text_meaning_control/images/textmeaning_yellow_0002.png,/content/stroop_expanded_vlm/text_meaning_control/masks/textmeaning_yellow_0002_mask.png,text_meaning_control,english,yellow,yellow,black,white,color,the word says {},yellow,0.356201171875,True
textmeaning_yellow_0003,/content/stroop_expanded_vlm/text_meaning_control/images/textmeaning_yellow_0003.png,/content/stroop_expanded_vlm/text_meaning_control/masks/textmeaning_yellow_0003_mask.png,text_meaning_control,english,yellow,yellow,black,white,color,the word says {},yellow,0.354248046875,True
textmeaning_yellow_0004,/content/stroop_expanded_vlm/text_meaning_control/images/textmeaning_yellow_0004.png,/content/stroop_expanded_vlm/text_meaning_control/masks/textmeaning_yellow_0004_mask.png,text_meaning_control,english,yellow,yellow,black,white,color,the word says {},yellow,0.355224609375,True
textmeaning_yellow_0005,/content/stroop_expanded_vlm/text_meaning_control/images/textmeaning_yellow_0005.png,/content/stroop_expanded_vlm/text_meaning_control/masks/textmeaning_yellow_0005_mask.png,text_meaning_control,english,yellow,yellow,black,white,color,the word says {},yellow,0.347900390625,True
textmeaning_yellow_0006,/content/stroop_expanded_vlm/text_meaning_control/images/textmeaning_yellow_0006.png,/content/stroop_expanded_vlm/text_meaning_control/masks/textmeaning_yellow_0006_mask.png,text_meaning_control,english,yellow,yellow,black,white,color,the word says {},yellow,0.34814453125,True
textmeaning_yellow_0007,/content/stroop_expanded_vlm/text_meaning_control/images/textmeaning_yellow_0007.png,/content/stroop_expanded_vlm/text_meaning_control/masks/textmeaning_yellow_0007_mask.png,text_meaning_control,english,yellow,yellow,black,white,color,the word says {},yellow,0.34814453125,True
textmeaning_yellow_0008,/content/stroop_expanded_vlm/text_meaning_control/images/textmeaning_yellow_0008.png,/content/stroop_expanded_vlm/text_meaning_control/masks/textmeaning_yellow_0008_mask.png,text_meaning_control,english,yellow,yellow,black,white,color,the word says {},yellow,0.3544921875,True
textmeaning_yellow_0009,/content/stroop_expanded_vlm/text_meaning_control/images/textmeaning_yellow_0009.png,/content/stroop_expanded_vlm/text_meaning_control/masks/textmeaning_yellow_0009_mask.png,text_meaning_control,english,yellow,yellow,black,white,color,the word says {},yellow,0.35498046875,True
textmeaning_yellow_0010,/content/stroop_expanded_vlm/text_meaning_control/images/textmeaning_yellow_0010.png,/content/stroop_expanded_vlm/text_meaning_control/masks/textmeaning_yellow_0010_mask.png,text_meaning_control,english,yellow,yellow,black,white,color,the word says {},yellow,0.355224609375,True
textmeaning_yellow_0011,/content/stroop_expanded_vlm/text_meaning_control/images/textmeaning_yellow_0011.png,/content/stroop_expanded_vlm/text_meaning_control/masks/textmeaning_yellow_0011_mask.png,text_meaning_control,english,yellow,yellow,black,white,color,the word says {},yellow,0.355224609375,True
textmeaning_yellow_0012,/content/stroop_expanded_vlm/text_meaning_control/images/textmeaning_yellow_0012.png,/content/stroop_expanded_vlm/text_meaning_control/masks/textmeaning_yellow_0012_mask.png,text_meaning_control,english,yellow,yellow,black,white,color,the word says {},yellow,0.352294921875,True
textmeaning_yellow_0013,/content/stroop_expanded_vlm/text_meaning_control/images/textmeaning_yellow_0013.png,/content/stroop_expanded_vlm/text_meaning_control/masks/textmeaning_yellow_0013_mask.png,text_meaning_control,english,yellow,yellow,black,white,color,the word says {},yellow,0.3515625,True
textmeaning_yellow_0014,/content/stroop_expanded_vlm/text_meaning_control/images/textmeaning_yellow_0014.png,/content/stroop_expanded_vlm/text_meaning_control/masks/textmeaning_yellow_0014_mask.png,text_meaning_control,english,yellow,yellow,black,white,color,the word says {},yellow,0.356689453125,True
textmeaning_yellow_0015,/content/stroop_expanded_vlm/text_meaning_control/images/textmeaning_yellow_0015.png,/content/stroop_expanded_vlm/text_meaning_control/masks/textmeaning_yellow_0015_mask.png,text_meaning_control,english,yellow,yellow,black,white,color,the word says {},yellow,0.346435546875,True
textmeaning_yellow_0016,/content/stroop_expanded_vlm/text_meaning_control/images/textmeaning_yellow_0016.png,/content/stroop_expanded_vlm/text_meaning_control/masks/textmeaning_yellow_0016_mask.png,text_meaning_control,english,yellow,yellow,black,white,color,the word says {},yellow,0.35498046875,True
textmeaning_yellow_0017,/content/stroop_expanded_vlm/text_meaning_control/images/textmeaning_yellow_0017.png,/content/stroop_expanded_vlm/text_meaning_control/masks/textmeaning_yellow_0017_mask.png,text_meaning_control,english,yellow,yellow,black,white,color,the word says {},yellow,0.3515625,True
textmeaning_yellow_0018,/content/stroop_expanded_vlm/text_meaning_control/images/textmeaning_yellow_0018.png,/content/stroop_expanded_vlm/text_meaning_control/masks/textmeaning_yellow_0018_mask.png,text_meaning_control,english,yellow,yellow,black,white,color,the word says {},yellow,0.353271484375,True
textmeaning_yellow_0019,/content/stroop_expanded_vlm/text_meaning_control/images/textmeaning_yellow_0019.png,/content/stroop_expanded_vlm/text_meaning_control/masks/textmeaning_yellow_0019_mask.png,text_meaning_control,english,yellow,yellow,black,white,color,the word says {},yellow,0.347412109375,True
textmeaning_yellow_0020,/content/stroop_expanded_vlm/text_meaning_control/images/textmeaning_yellow_0020.png,/content/stroop_expanded_vlm/text_meaning_control/masks/textmeaning_yellow_0020_mask.png,text_meaning_control,english,yellow,yellow,black,white,color,the word says {},yellow,0.3515625,True
textmeaning_yellow_0021,/content/stroop_expanded_vlm/text_meaning_control/images/textmeaning_yellow_0021.png,/content/stroop_expanded_vlm/text_meaning_control/masks/textmeaning_yellow_0021_mask.png,text_meaning_control,english,yellow,yellow,black,white,color,the word says {},yellow,0.351318359375,True
textmeaning_yellow_0022,/content/stroop_expanded_vlm/text_meaning_control/images/textmeaning_yellow_0022.png,/content/stroop_expanded_vlm/text_meaning_control/masks/textmeaning_yellow_0022_mask.png,text_meaning_control,english,yellow,yellow,black,white,color,the word says {},yellow,0.35107421875,True
textmeaning_yellow_0023,/content/stroop_expanded_vlm/text_meaning_control/images/textmeaning_yellow_0023.png,/content/stroop_expanded_vlm/text_meaning_control/masks/textmeaning_yellow_0023_mask.png,text_meaning_control,english,yellow,yellow,black,white,color,the word says {},yellow,0.349365234375,True
textmeaning_yellow_0024,/content/stroop_expanded_vlm/text_meaning_control/images/textmeaning_yellow_0024.png,/content/stroop_expanded_vlm/text_meaning_control/masks/textmeaning_yellow_0024_mask.png,text_meaning_control,english,yellow,yellow,black,white,color,the word says {},yellow,0.348388671875,True
textmeaning_yellow_0025,/content/stroop_expanded_vlm/text_meaning_control/images/textmeaning_yellow_0025.png,/content/stroop_expanded_vlm/text_meaning_control/masks/textmeaning_yellow_0025_mask.png,text_meaning_control,english,yellow,yellow,black,white,color,the word says {},yellow,0.346923828125,True
textmeaning_yellow_0026,/content/stroop_expanded_vlm/text_meaning_control/images/textmeaning_yellow_0026.png,/content/stroop_expanded_vlm/text_meaning_control/masks/textmeaning_yellow_0026_mask.png,text_meaning_control,english,yellow,yellow,black,white,color,the word says {},yellow,0.351318359375,True
textmeaning_yellow_0027,/content/stroop_expanded_vlm/text_meaning_control/images/textmeaning_yellow_0027.png,/content/stroop_expanded_vlm/text_meaning_control/masks/textmeaning_yellow_0027_mask.png,text_meaning_control,english,yellow,yellow,black,white,color,the word says {},yellow,0.351318359375,True
textmeaning_yellow_0028,/content/stroop_expanded_vlm/text_meaning_control/images/textmeaning_yellow_0028.png,/content/stroop_expanded_vlm/text_meaning_control/masks/textmeaning_yellow_0028_mask.png,text_meaning_control,english,yellow,yellow,black,white,color,the word says {},yellow,0.346923828125,True
textmeaning_yellow_0029,/content/stroop_expanded_vlm/text_meaning_control/images/textmeaning_yellow_0029.png,/content/stroop_expanded_vlm/text_meaning_control/masks/textmeaning_yellow_0029_mask.png,text_meaning_control,english,yellow,yellow,black,white,color,the word says {},yellow,0.352294921875,True
textmeaning_yellow_0030,/content/stroop_expanded_vlm/text_meaning_control/images/textmeaning_yellow_0030.png,/content/stroop_expanded_vlm/text_meaning_control/masks/textmeaning_yellow_0030_mask.png,text_meaning_control,english,yellow,yellow,black,white,color,the word says {},yellow,0.352783203125,True
textmeaning_yellow_0031,/content/stroop_expanded_vlm/text_meaning_control/images/textmeaning_yellow_0031.png,/content/stroop_expanded_vlm/text_meaning_control/masks/textmeaning_yellow_0031_mask.png,text_meaning_control,english,yellow,yellow,black,white,color,the word says {},yellow,0.35498046875,True
textmeaning_yellow_0032,/content/stroop_expanded_vlm/text_meaning_control/images/textmeaning_yellow_0032.png,/content/stroop_expanded_vlm/text_meaning_control/masks/textmeaning_yellow_0032_mask.png,text_meaning_control,english,yellow,yellow,black,white,color,the word says {},yellow,0.353759765625,True
textmeaning_yellow_0033,/content/stroop_expanded_vlm/text_meaning_control/images/textmeaning_yellow_0033.png,/content/stroop_expanded_vlm/text_meaning_control/masks/textmeaning_yellow_0033_mask.png,text_meaning_control,english,yellow,yellow,black,white,color,the word says {},yellow,0.3564453125,True
textmeaning_yellow_0034,/content/stroop_expanded_vlm/text_meaning_control/images/textmeaning_yellow_0034.png,/content/stroop_expanded_vlm/text_meaning_control/masks/textmeaning_yellow_0034_mask.png,text_meaning_control,english,yellow,yellow,black,white,color,the word says {},yellow,0.34521484375,True
textmeaning_yellow_0035,/content/stroop_expanded_vlm/text_meaning_control/images/textmeaning_yellow_0035.png,/content/stroop_expanded_vlm/text_meaning_control/masks/textmeaning_yellow_0035_mask.png,text_meaning_control,english,yellow,yellow,black,white,color,the word says {},yellow,0.350341796875,True
textmeaning_yellow_0036,/content/stroop_expanded_vlm/text_meaning_control/images/textmeaning_yellow_0036.png,/content/stroop_expanded_vlm/text_meaning_control/masks/textmeaning_yellow_0036_mask.png,text_meaning_control,english,yellow,yellow,black,white,color,the word says {},yellow,0.357177734375,True
textmeaning_yellow_0037,/content/stroop_expanded_vlm/text_meaning_control/images/textmeaning_yellow_0037.png,/content/stroop_expanded_vlm/text_meaning_control/masks/textmeaning_yellow_0037_mask.png,text_meaning_control,english,yellow,yellow,black,white,color,the word says {},yellow,0.3505859375,True
textmeaning_yellow_0038,/content/stroop_expanded_vlm/text_meaning_control/images/textmeaning_yellow_0038.png,/content/stroop_expanded_vlm/text_meaning_control/masks/textmeaning_yellow_0038_mask.png,text_meaning_control,english,yellow,yellow,black,white,color,the word says {},yellow,0.35107421875,True
textmeaning_yellow_0039,/content/stroop_expanded_vlm/text_meaning_control/images/textmeaning_yellow_0039.png,/content/stroop_expanded_vlm/text_meaning_control/masks/textmeaning_yellow_0039_mask.png,text_meaning_control,english,yellow,yellow,black,white,color,the word says {},yellow,0.353271484375,True
textmeaning_yellow_0040,/content/stroop_expanded_vlm/text_meaning_control/images/textmeaning_yellow_0040.png,/content/stroop_expanded_vlm/text_meaning_control/masks/textmeaning_yellow_0040_mask.png,text_meaning_control,english,yellow,yellow,black,white,color,the word says {},yellow,0.35302734375,True
textmeaning_yellow_0041,/content/stroop_expanded_vlm/text_meaning_control/images/textmeaning_yellow_0041.png,/content/stroop_expanded_vlm/text_meaning_control/masks/textmeaning_yellow_0041_mask.png,text_meaning_control,english,yellow,yellow,black,white,color,the word says {},yellow,0.354248046875,True
textmeaning_yellow_0042,/content/stroop_expanded_vlm/text_meaning_control/images/textmeaning_yellow_0042.png,/content/stroop_expanded_vlm/text_meaning_control/masks/textmeaning_yellow_0042_mask.png,text_meaning_control,english,yellow,yellow,black,white,color,the word says {},yellow,0.35302734375,True
textmeaning_yellow_0043,/content/stroop_expanded_vlm/text_meaning_control/images/textmeaning_yellow_0043.png,/content/stroop_expanded_vlm/text_meaning_control/masks/textmeaning_yellow_0043_mask.png,text_meaning_control,english,yellow,yellow,black,white,color,the word says {},yellow,0.357421875,True
textmeaning_yellow_0044,/content/stroop_expanded_vlm/text_meaning_control/images/textmeaning_yellow_0044.png,/content/stroop_expanded_vlm/text_meaning_control/masks/textmeaning_yellow_0044_mask.png,text_meaning_control,english,yellow,yellow,black,white,color,the word says {},yellow,0.352783203125,True
textmeaning_yellow_0045,/content/stroop_expanded_vlm/text_meaning_control/images/textmeaning_yellow_0045.png,/content/stroop_expanded_vlm/text_meaning_control/masks/textmeaning_yellow_0045_mask.png,text_meaning_control,english,yellow,yellow,black,white,color,the word says {},yellow,0.349609375,True
textmeaning_yellow_0046,/content/stroop_expanded_vlm/text_meaning_control/images/textmeaning_yellow_0046.png,/content/stroop_expanded_vlm/text_meaning_control/masks/textmeaning_yellow_0046_mask.png,text_meaning_control,english,yellow,yellow,black,white,color,the word says {},yellow,0.350830078125,True
textmeaning_yellow_0047,/content/stroop_expanded_vlm/text_meaning_control/images/textmeaning_yellow_0047.png,/content/stroop_expanded_vlm/text_meaning_control/masks/textmeaning_yellow_0047_mask.png,text_meaning_control,english,yellow,yellow,black,white,color,the word says {},yellow,0.352294921875,True
textmeaning_yellow_0048,/content/stroop_expanded_vlm/text_meaning_control/images/textmeaning_yellow_0048.png,/content/stroop_expanded_vlm/text_meaning_control/masks/textmeaning_yellow_0048_mask.png,text_meaning_control,english,yellow,yellow,black,white,color,the word says {},yellow,0.348876953125,True
textmeaning_yellow_0049,/content/stroop_expanded_vlm/text_meaning_control/images/textmeaning_yellow_0049.png,/content/stroop_expanded_vlm/text_meaning_control/masks/textmeaning_yellow_0049_mask.png,text_meaning_control,english,yellow,yellow,black,white,color,the word says {},yellow,0.35107421875,True
textmeaning_yellow_0050,/content/stroop_expanded_vlm/text_meaning_control/images/textmeaning_yellow_0050.png,/content/stroop_expanded_vlm/text_meaning_control/masks/textmeaning_yellow_0050_mask.png,text_meaning_control,english,yellow,yellow,black,white,color,the word says {},yellow,0.349853515625,True
textmeaning_yellow_0051,/content/stroop_expanded_vlm/text_meaning_control/images/textmeaning_yellow_0051.png,/content/stroop_expanded_vlm/text_meaning_control/masks/textmeaning_yellow_0051_mask.png,text_meaning_control,english,yellow,yellow,black,white,color,the word says {},yellow,0.3515625,True
textmeaning_yellow_0052,/content/stroop_expanded_vlm/text_meaning_control/images/textmeaning_yellow_0052.png,/content/stroop_expanded_vlm/text_meaning_control/masks/textmeaning_yellow_0052_mask.png,text_meaning_control,english,yellow,yellow,black,white,color,the word says {},yellow,0.349853515625,True
textmeaning_yellow_0053,/content/stroop_expanded_vlm/text_meaning_control/images/textmeaning_yellow_0053.png,/content/stroop_expanded_vlm/text_meaning_control/masks/textmeaning_yellow_0053_mask.png,text_meaning_control,english,yellow,yellow,black,white,color,the word says {},yellow,0.3525390625,True
textmeaning_yellow_0054,/content/stroop_expanded_vlm/text_meaning_control/images/textmeaning_yellow_0054.png,/content/stroop_expanded_vlm/text_meaning_control/masks/textmeaning_yellow_0054_mask.png,text_meaning_control,english,yellow,yellow,black,white,color,the word says {},yellow,0.358642578125,True
textmeaning_yellow_0055,/content/stroop_expanded_vlm/text_meaning_control/images/textmeaning_yellow_0055.png,/content/stroop_expanded_vlm/text_meaning_control/masks/textmeaning_yellow_0055_mask.png,text_meaning_control,english,yellow,yellow,black,white,color,the word says {},yellow,0.3515625,True
textmeaning_yellow_0056,/content/stroop_expanded_vlm/text_meaning_control/images/textmeaning_yellow_0056.png,/content/stroop_expanded_vlm/text_meaning_control/masks/textmeaning_yellow_0056_mask.png,text_meaning_control,english,yellow,yellow,black,white,color,the word says {},yellow,0.347900390625,True
textmeaning_yellow_0057,/content/stroop_expanded_vlm/text_meaning_control/images/textmeaning_yellow_0057.png,/content/stroop_expanded_vlm/text_meaning_control/masks/textmeaning_yellow_0057_mask.png,text_meaning_control,english,yellow,yellow,black,white,color,the word says {},yellow,0.35546875,True
textmeaning_yellow_0058,/content/stroop_expanded_vlm/text_meaning_control/images/textmeaning_yellow_0058.png,/content/stroop_expanded_vlm/text_meaning_control/masks/textmeaning_yellow_0058_mask.png,text_meaning_control,english,yellow,yellow,black,white,color,the word says {},yellow,0.34765625,True
textmeaning_yellow_0059,/content/stroop_expanded_vlm/text_meaning_control/images/textmeaning_yellow_0059.png,/content/stroop_expanded_vlm/text_meaning_control/masks/textmeaning_yellow_0059_mask.png,text_meaning_control,english,yellow,yellow,black,white,color,the word says {},yellow,0.348388671875,True
textmeaning_yellow_0060,/content/stroop_expanded_vlm/text_meaning_control/images/textmeaning_yellow_0060.png,/content/stroop_expanded_vlm/text_meaning_control/masks/textmeaning_yellow_0060_mask.png,text_meaning_control,english,yellow,yellow,black,white,color,the word says {},yellow,0.34619140625,True
textmeaning_yellow_0061,/content/stroop_expanded_vlm/text_meaning_control/images/textmeaning_yellow_0061.png,/content/stroop_expanded_vlm/text_meaning_control/masks/textmeaning_yellow_0061_mask.png,text_meaning_control,english,yellow,yellow,black,white,color,the word says {},yellow,0.3515625,True
textmeaning_yellow_0062,/content/stroop_expanded_vlm/text_meaning_control/images/textmeaning_yellow_0062.png,/content/stroop_expanded_vlm/text_meaning_control/masks/textmeaning_yellow_0062_mask.png,text_meaning_control,english,yellow,yellow,black,white,color,the word says {},yellow,0.35009765625,True
textmeaning_yellow_0063,/content/stroop_expanded_vlm/text_meaning_control/images/textmeaning_yellow_0063.png,/content/stroop_expanded_vlm/text_meaning_control/masks/textmeaning_yellow_0063_mask.png,text_meaning_control,english,yellow,yellow,black,white,color,the word says {},yellow,0.352783203125,True
textmeaning_yellow_0064,/content/stroop_expanded_vlm/text_meaning_control/images/textmeaning_yellow_0064.png,/content/stroop_expanded_vlm/text_meaning_control/masks/textmeaning_yellow_0064_mask.png,text_meaning_control,english,yellow,yellow,black,white,color,the word says {},yellow,0.354736328125,True
textmeaning_yellow_0065,/content/stroop_expanded_vlm/text_meaning_control/images/textmeaning_yellow_0065.png,/content/stroop_expanded_vlm/text_meaning_control/masks/textmeaning_yellow_0065_mask.png,text_meaning_control,english,yellow,yellow,black,white,color,the word says {},yellow,0.347412109375,True
textmeaning_yellow_0066,/content/stroop_expanded_vlm/text_meaning_control/images/textmeaning_yellow_0066.png,/content/stroop_expanded_vlm/text_meaning_control/masks/textmeaning_yellow_0066_mask.png,text_meaning_control,english,yellow,yellow,black,white,color,the word says {},yellow,0.356201171875,True
textmeaning_yellow_0067,/content/stroop_expanded_vlm/text_meaning_control/images/textmeaning_yellow_0067.png,/content/stroop_expanded_vlm/text_meaning_control/masks/textmeaning_yellow_0067_mask.png,text_meaning_control,english,yellow,yellow,black,white,color,the word says {},yellow,0.354736328125,True
textmeaning_yellow_0068,/content/stroop_expanded_vlm/text_meaning_control/images/textmeaning_yellow_0068.png,/content/stroop_expanded_vlm/text_meaning_control/masks/textmeaning_yellow_0068_mask.png,text_meaning_control,english,yellow,yellow,black,white,color,the word says {},yellow,0.347412109375,True
textmeaning_yellow_0069,/content/stroop_expanded_vlm/text_meaning_control/images/textmeaning_yellow_0069.png,/content/stroop_expanded_vlm/text_meaning_control/masks/textmeaning_yellow_0069_mask.png,text_meaning_control,english,yellow,yellow,black,white,color,the word says {},yellow,0.356689453125,True
textmeaning_yellow_0070,/content/stroop_expanded_vlm/text_meaning_control/images/textmeaning_yellow_0070.png,/content/stroop_expanded_vlm/text_meaning_control/masks/textmeaning_yellow_0070_mask.png,text_meaning_control,english,yellow,yellow,black,white,color,the word says {},yellow,0.352783203125,True
textmeaning_yellow_0071,/content/stroop_expanded_vlm/text_meaning_control/images/textmeaning_yellow_0071.png,/content/stroop_expanded_vlm/text_meaning_control/masks/textmeaning_yellow_0071_mask.png,text_meaning_control,english,yellow,yellow,black,white,color,the word says {},yellow,0.351318359375,True
textmeaning_yellow_0072,/content/stroop_expanded_vlm/text_meaning_control/images/textmeaning_yellow_0072.png,/content/stroop_expanded_vlm/text_meaning_control/masks/textmeaning_yellow_0072_mask.png,text_meaning_control,english,yellow,yellow,black,white,color,the word says {},yellow,0.35595703125,True
textmeaning_yellow_0073,/content/stroop_expanded_vlm/text_meaning_control/images/textmeaning_yellow_0073.png,/content/stroop_expanded_vlm/text_meaning_control/masks/textmeaning_yellow_0073_mask.png,text_meaning_control,english,yellow,yellow,black,white,color,the word says {},yellow,0.35302734375,True
textmeaning_yellow_0074,/content/stroop_expanded_vlm/text_meaning_control/images/textmeaning_yellow_0074.png,/content/stroop_expanded_vlm/text_meaning_control/masks/textmeaning_yellow_0074_mask.png,text_meaning_control,english,yellow,yellow,black,white,color,the word says {},yellow,0.353515625,True
textmeaning_yellow_0075,/content/stroop_expanded_vlm/text_meaning_control/images/textmeaning_yellow_0075.png,/content/stroop_expanded_vlm/text_meaning_control/masks/textmeaning_yellow_0075_mask.png,text_meaning_control,english,yellow,yellow,black,white,color,the word says {},yellow,0.34716796875,True
textmeaning_yellow_0076,/content/stroop_expanded_vlm/text_meaning_control/images/textmeaning_yellow_0076.png,/content/stroop_expanded_vlm/text_meaning_control/masks/textmeaning_yellow_0076_mask.png,text_meaning_control,english,yellow,yellow,black,white,color,the word says {},yellow,0.354736328125,True
textmeaning_yellow_0077,/content/stroop_expanded_vlm/text_meaning_control/images/textmeaning_yellow_0077.png,/content/stroop_expanded_vlm/text_meaning_control/masks/textmeaning_yellow_0077_mask.png,text_meaning_control,english,yellow,yellow,black,white,color,the word says {},yellow,0.353515625,True
textmeaning_yellow_0078,/content/stroop_expanded_vlm/text_meaning_control/images/textmeaning_yellow_0078.png,/content/stroop_expanded_vlm/text_meaning_control/masks/textmeaning_yellow_0078_mask.png,text_meaning_control,english,yellow,yellow,black,white,color,the word says {},yellow,0.357421875,True
textmeaning_yellow_0079,/content/stroop_expanded_vlm/text_meaning_control/images/textmeaning_yellow_0079.png,/content/stroop_expanded_vlm/text_meaning_control/masks/textmeaning_yellow_0079_mask.png,text_meaning_control,english,yellow,yellow,black,white,color,the word says {},yellow,0.3525390625,True
textmeaning_yellow_0080,/content/stroop_expanded_vlm/text_meaning_control/images/textmeaning_yellow_0080.png,/content/stroop_expanded_vlm/text_meaning_control/masks/textmeaning_yellow_0080_mask.png,text_meaning_control,english,yellow,yellow,black,white,color,the word says {},yellow,0.347412109375,True
textmeaning_yellow_0081,/content/stroop_expanded_vlm/text_meaning_control/images/textmeaning_yellow_0081.png,/content/stroop_expanded_vlm/text_meaning_control/masks/textmeaning_yellow_0081_mask.png,text_meaning_control,english,yellow,yellow,black,white,color,the word says {},yellow,0.348876953125,True
textmeaning_yellow_0082,/content/stroop_expanded_vlm/text_meaning_control/images/textmeaning_yellow_0082.png,/content/stroop_expanded_vlm/text_meaning_control/masks/textmeaning_yellow_0082_mask.png,text_meaning_control,english,yellow,yellow,black,white,color,the word says {},yellow,0.353271484375,True
textmeaning_yellow_0083,/content/stroop_expanded_vlm/text_meaning_control/images/textmeaning_yellow_0083.png,/content/stroop_expanded_vlm/text_meaning_control/masks/textmeaning_yellow_0083_mask.png,text_meaning_control,english,yellow,yellow,black,white,color,the word says {},yellow,0.35400390625,True
textmeaning_yellow_0084,/content/stroop_expanded_vlm/text_meaning_control/images/textmeaning_yellow_0084.png,/content/stroop_expanded_vlm/text_meaning_control/masks/textmeaning_yellow_0084_mask.png,text_meaning_control,english,yellow,yellow,black,white,color,the word says {},yellow,0.349609375,True
textmeaning_yellow_0085,/content/stroop_expanded_vlm/text_meaning_control/images/textmeaning_yellow_0085.png,/content/stroop_expanded_vlm/text_meaning_control/masks/textmeaning_yellow_0085_mask.png,text_meaning_control,english,yellow,yellow,black,white,color,the word says {},yellow,0.345947265625,True
textmeaning_yellow_0086,/content/stroop_expanded_vlm/text_meaning_control/images/textmeaning_yellow_0086.png,/content/stroop_expanded_vlm/text_meaning_control/masks/textmeaning_yellow_0086_mask.png,text_meaning_control,english,yellow,yellow,black,white,color,the word says {},yellow,0.348388671875,True
textmeaning_yellow_0087,/content/stroop_expanded_vlm/text_meaning_control/images/textmeaning_yellow_0087.png,/content/stroop_expanded_vlm/text_meaning_control/masks/textmeaning_yellow_0087_mask.png,text_meaning_control,english,yellow,yellow,black,white,color,the word says {},yellow,0.3515625,True
textmeaning_yellow_0088,/content/stroop_expanded_vlm/text_meaning_control/images/textmeaning_yellow_0088.png,/content/stroop_expanded_vlm/text_meaning_control/masks/textmeaning_yellow_0088_mask.png,text_meaning_control,english,yellow,yellow,black,white,color,the word says {},yellow,0.35400390625,True
textmeaning_yellow_0089,/content/stroop_expanded_vlm/text_meaning_control/images/textmeaning_yellow_0089.png,/content/stroop_expanded_vlm/text_meaning_control/masks/textmeaning_yellow_0089_mask.png,text_meaning_control,english,yellow,yellow,black,white,color,the word says {},yellow,0.349365234375,True
textmeaning_yellow_0090,/content/stroop_expanded_vlm/text_meaning_control/images/textmeaning_yellow_0090.png,/content/stroop_expanded_vlm/text_meaning_control/masks/textmeaning_yellow_0090_mask.png,text_meaning_control,english,yellow,yellow,black,white,color,the word says {},yellow,0.35302734375,True
textmeaning_yellow_0091,/content/stroop_expanded_vlm/text_meaning_control/images/textmeaning_yellow_0091.png,/content/stroop_expanded_vlm/text_meaning_control/masks/textmeaning_yellow_0091_mask.png,text_meaning_control,english,yellow,yellow,black,white,color,the word says {},yellow,0.354248046875,True
textmeaning_yellow_0092,/content/stroop_expanded_vlm/text_meaning_control/images/textmeaning_yellow_0092.png,/content/stroop_expanded_vlm/text_meaning_control/masks/textmeaning_yellow_0092_mask.png,text_meaning_control,english,yellow,yellow,black,white,color,the word says {},yellow,0.35302734375,True
textmeaning_yellow_0093,/content/stroop_expanded_vlm/text_meaning_control/images/textmeaning_yellow_0093.png,/content/stroop_expanded_vlm/text_meaning_control/masks/textmeaning_yellow_0093_mask.png,text_meaning_control,english,yellow,yellow,black,white,color,the word says {},yellow,0.348388671875,True
textmeaning_yellow_0094,/content/stroop_expanded_vlm/text_meaning_control/images/textmeaning_yellow_0094.png,/content/stroop_expanded_vlm/text_meaning_control/masks/textmeaning_yellow_0094_mask.png,text_meaning_control,english,yellow,yellow,black,white,color,the word says {},yellow,0.351318359375,True
textmeaning_yellow_0095,/content/stroop_expanded_vlm/text_meaning_control/images/textmeaning_yellow_0095.png,/content/stroop_expanded_vlm/text_meaning_control/masks/textmeaning_yellow_0095_mask.png,text_meaning_control,english,yellow,yellow,black,white,color,the word says {},yellow,0.3466796875,True
textmeaning_yellow_0096,/content/stroop_expanded_vlm/text_meaning_control/images/textmeaning_yellow_0096.png,/content/stroop_expanded_vlm/text_meaning_control/masks/textmeaning_yellow_0096_mask.png,text_meaning_control,english,yellow,yellow,black,white,color,the word says {},yellow,0.35107421875,True
textmeaning_yellow_0097,/content/stroop_expanded_vlm/text_meaning_control/images/textmeaning_yellow_0097.png,/content/stroop_expanded_vlm/text_meaning_control/masks/textmeaning_yellow_0097_mask.png,text_meaning_control,english,yellow,yellow,black,white,color,the word says {},yellow,0.356201171875,True
textmeaning_yellow_0098,/content/stroop_expanded_vlm/text_meaning_control/images/textmeaning_yellow_0098.png,/content/stroop_expanded_vlm/text_meaning_control/masks/textmeaning_yellow_0098_mask.png,text_meaning_control,english,yellow,yellow,black,white,color,the word says {},yellow,0.35107421875,True
textmeaning_yellow_0099,/content/stroop_expanded_vlm/text_meaning_control/images/textmeaning_yellow_0099.png,/content/stroop_expanded_vlm/text_meaning_control/masks/textmeaning_yellow_0099_mask.png,text_meaning_control,english,yellow,yellow,black,white,color,the word says {},yellow,0.35009765625,True
textmeaning_orange_0000,/content/stroop_expanded_vlm/text_meaning_control/images/textmeaning_orange_0000.png,/content/stroop_expanded_vlm/text_meaning_control/masks/textmeaning_orange_0000_mask.png,text_meaning_control,english,orange,orange,black,white,color,the word says {},orange,0.3505859375,True
textmeaning_orange_0001,/content/stroop_expanded_vlm/text_meaning_control/images/textmeaning_orange_0001.png,/content/stroop_expanded_vlm/text_meaning_control/masks/textmeaning_orange_0001_mask.png,text_meaning_control,english,orange,orange,black,white,color,the word says {},orange,0.34716796875,True
textmeaning_orange_0002,/content/stroop_expanded_vlm/text_meaning_control/images/textmeaning_orange_0002.png,/content/stroop_expanded_vlm/text_meaning_control/masks/textmeaning_orange_0002_mask.png,text_meaning_control,english,orange,orange,black,white,color,the word says {},orange,0.34765625,True
textmeaning_orange_0003,/content/stroop_expanded_vlm/text_meaning_control/images/textmeaning_orange_0003.png,/content/stroop_expanded_vlm/text_meaning_control/masks/textmeaning_orange_0003_mask.png,text_meaning_control,english,orange,orange,black,white,color,the word says {},orange,0.34912109375,True
textmeaning_orange_0004,/content/stroop_expanded_vlm/text_meaning_control/images/textmeaning_orange_0004.png,/content/stroop_expanded_vlm/text_meaning_control/masks/textmeaning_orange_0004_mask.png,text_meaning_control,english,orange,orange,black,white,color,the word says {},orange,0.3505859375,True
textmeaning_orange_0005,/content/stroop_expanded_vlm/text_meaning_control/images/textmeaning_orange_0005.png,/content/stroop_expanded_vlm/text_meaning_control/masks/textmeaning_orange_0005_mask.png,text_meaning_control,english,orange,orange,black,white,color,the word says {},orange,0.349609375,True
textmeaning_orange_0006,/content/stroop_expanded_vlm/text_meaning_control/images/textmeaning_orange_0006.png,/content/stroop_expanded_vlm/text_meaning_control/masks/textmeaning_orange_0006_mask.png,text_meaning_control,english,orange,orange,black,white,color,the word says {},orange,0.34375,True
textmeaning_orange_0007,/content/stroop_expanded_vlm/text_meaning_control/images/textmeaning_orange_0007.png,/content/stroop_expanded_vlm/text_meaning_control/masks/textmeaning_orange_0007_mask.png,text_meaning_control,english,orange,orange,black,white,color,the word says {},orange,0.344482421875,True
textmeaning_orange_0008,/content/stroop_expanded_vlm/text_meaning_control/images/textmeaning_orange_0008.png,/content/stroop_expanded_vlm/text_meaning_control/masks/textmeaning_orange_0008_mask.png,text_meaning_control,english,orange,orange,black,white,color,the word says {},orange,0.351318359375,True
textmeaning_orange_0009,/content/stroop_expanded_vlm/text_meaning_control/images/textmeaning_orange_0009.png,/content/stroop_expanded_vlm/text_meaning_control/masks/textmeaning_orange_0009_mask.png,text_meaning_control,english,orange,orange,black,white,color,the word says {},orange,0.34765625,True
textmeaning_orange_0010,/content/stroop_expanded_vlm/text_meaning_control/images/textmeaning_orange_0010.png,/content/stroop_expanded_vlm/text_meaning_control/masks/textmeaning_orange_0010_mask.png,text_meaning_control,english,orange,orange,black,white,color,the word says {},orange,0.349365234375,True
textmeaning_orange_0011,/content/stroop_expanded_vlm/text_meaning_control/images/textmeaning_orange_0011.png,/content/stroop_expanded_vlm/text_meaning_control/masks/textmeaning_orange_0011_mask.png,text_meaning_control,english,orange,orange,black,white,color,the word says {},orange,0.34912109375,True
textmeaning_orange_0012,/content/stroop_expanded_vlm/text_meaning_control/images/textmeaning_orange_0012.png,/content/stroop_expanded_vlm/text_meaning_control/masks/textmeaning_orange_0012_mask.png,text_meaning_control,english,orange,orange,black,white,color,the word says {},orange,0.3466796875,True
textmeaning_orange_0013,/content/stroop_expanded_vlm/text_meaning_control/images/textmeaning_orange_0013.png,/content/stroop_expanded_vlm/text_meaning_control/masks/textmeaning_orange_0013_mask.png,text_meaning_control,english,orange,orange,black,white,color,the word says {},orange,0.341064453125,True
textmeaning_orange_0014,/content/stroop_expanded_vlm/text_meaning_control/images/textmeaning_orange_0014.png,/content/stroop_expanded_vlm/text_meaning_control/masks/textmeaning_orange_0014_mask.png,text_meaning_control,english,orange,orange,black,white,color,the word says {},orange,0.347900390625,True
textmeaning_orange_0015,/content/stroop_expanded_vlm/text_meaning_control/images/textmeaning_orange_0015.png,/content/stroop_expanded_vlm/text_meaning_control/masks/textmeaning_orange_0015_mask.png,text_meaning_control,english,orange,orange,black,white,color,the word says {},orange,0.3505859375,True
textmeaning_orange_0016,/content/stroop_expanded_vlm/text_meaning_control/images/textmeaning_orange_0016.png,/content/stroop_expanded_vlm/text_meaning_control/masks/textmeaning_orange_0016_mask.png,text_meaning_control,english,orange,orange,black,white,color,the word says {},orange,0.34814453125,True
textmeaning_orange_0017,/content/stroop_expanded_vlm/text_meaning_control/images/textmeaning_orange_0017.png,/content/stroop_expanded_vlm/text_meaning_control/masks/textmeaning_orange_0017_mask.png,text_meaning_control,english,orange,orange,black,white,color,the word says {},orange,0.347412109375,True
textmeaning_orange_0018,/content/stroop_expanded_vlm/text_meaning_control/images/textmeaning_orange_0018.png,/content/stroop_expanded_vlm/text_meaning_control/masks/textmeaning_orange_0018_mask.png,text_meaning_control,english,orange,orange,black,white,color,the word says {},orange,0.347900390625,True
textmeaning_orange_0019,/content/stroop_expanded_vlm/text_meaning_control/images/textmeaning_orange_0019.png,/content/stroop_expanded_vlm/text_meaning_control/masks/textmeaning_orange_0019_mask.png,text_meaning_control,english,orange,orange,black,white,color,the word says {},orange,0.35009765625,True
textmeaning_orange_0020,/content/stroop_expanded_vlm/text_meaning_control/images/textmeaning_orange_0020.png,/content/stroop_expanded_vlm/text_meaning_control/masks/textmeaning_orange_0020_mask.png,text_meaning_control,english,orange,orange,black,white,color,the word says {},orange,0.350341796875,True
textmeaning_orange_0021,/content/stroop_expanded_vlm/text_meaning_control/images/textmeaning_orange_0021.png,/content/stroop_expanded_vlm/text_meaning_control/masks/textmeaning_orange_0021_mask.png,text_meaning_control,english,orange,orange,black,white,color,the word says {},orange,0.348876953125,True
textmeaning_orange_0022,/content/stroop_expanded_vlm/text_meaning_control/images/textmeaning_orange_0022.png,/content/stroop_expanded_vlm/text_meaning_control/masks/textmeaning_orange_0022_mask.png,text_meaning_control,english,orange,orange,black,white,color,the word says {},orange,0.3447265625,True
textmeaning_orange_0023,/content/stroop_expanded_vlm/text_meaning_control/images/textmeaning_orange_0023.png,/content/stroop_expanded_vlm/text_meaning_control/masks/textmeaning_orange_0023_mask.png,text_meaning_control,english,orange,orange,black,white,color,the word says {},orange,0.34326171875,True
textmeaning_orange_0024,/content/stroop_expanded_vlm/text_meaning_control/images/textmeaning_orange_0024.png,/content/stroop_expanded_vlm/text_meaning_control/masks/textmeaning_orange_0024_mask.png,text_meaning_control,english,orange,orange,black,white,color,the word says {},orange,0.346435546875,True
textmeaning_orange_0025,/content/stroop_expanded_vlm/text_meaning_control/images/textmeaning_orange_0025.png,/content/stroop_expanded_vlm/text_meaning_control/masks/textmeaning_orange_0025_mask.png,text_meaning_control,english,orange,orange,black,white,color,the word says {},orange,0.3525390625,True
textmeaning_orange_0026,/content/stroop_expanded_vlm/text_meaning_control/images/textmeaning_orange_0026.png,/content/stroop_expanded_vlm/text_meaning_control/masks/textmeaning_orange_0026_mask.png,text_meaning_control,english,orange,orange,black,white,color,the word says {},orange,0.3505859375,True
textmeaning_orange_0027,/content/stroop_expanded_vlm/text_meaning_control/images/textmeaning_orange_0027.png,/content/stroop_expanded_vlm/text_meaning_control/masks/textmeaning_orange_0027_mask.png,text_meaning_control,english,orange,orange,black,white,color,the word says {},orange,0.34814453125,True
textmeaning_orange_0028,/content/stroop_expanded_vlm/text_meaning_control/images/textmeaning_orange_0028.png,/content/stroop_expanded_vlm/text_meaning_control/masks/textmeaning_orange_0028_mask.png,text_meaning_control,english,orange,orange,black,white,color,the word says {},orange,0.347412109375,True
textmeaning_orange_0029,/content/stroop_expanded_vlm/text_meaning_control/images/textmeaning_orange_0029.png,/content/stroop_expanded_vlm/text_meaning_control/masks/textmeaning_orange_0029_mask.png,text_meaning_control,english,orange,orange,black,white,color,the word says {},orange,0.349365234375,True
textmeaning_orange_0030,/content/stroop_expanded_vlm/text_meaning_control/images/textmeaning_orange_0030.png,/content/stroop_expanded_vlm/text_meaning_control/masks/textmeaning_orange_0030_mask.png,text_meaning_control,english,orange,orange,black,white,color,the word says {},orange,0.348876953125,True
textmeaning_orange_0031,/content/stroop_expanded_vlm/text_meaning_control/images/textmeaning_orange_0031.png,/content/stroop_expanded_vlm/text_meaning_control/masks/textmeaning_orange_0031_mask.png,text_meaning_control,english,orange,orange,black,white,color,the word says {},orange,0.350341796875,True
textmeaning_orange_0032,/content/stroop_expanded_vlm/text_meaning_control/images/textmeaning_orange_0032.png,/content/stroop_expanded_vlm/text_meaning_control/masks/textmeaning_orange_0032_mask.png,text_meaning_control,english,orange,orange,black,white,color,the word says {},orange,0.35205078125,True
textmeaning_orange_0033,/content/stroop_expanded_vlm/text_meaning_control/images/textmeaning_orange_0033.png,/content/stroop_expanded_vlm/text_meaning_control/masks/textmeaning_orange_0033_mask.png,text_meaning_control,english,orange,orange,black,white,color,the word says {},orange,0.348388671875,True
textmeaning_orange_0034,/content/stroop_expanded_vlm/text_meaning_control/images/textmeaning_orange_0034.png,/content/stroop_expanded_vlm/text_meaning_control/masks/textmeaning_orange_0034_mask.png,text_meaning_control,english,orange,orange,black,white,color,the word says {},orange,0.34814453125,True
textmeaning_orange_0035,/content/stroop_expanded_vlm/text_meaning_control/images/textmeaning_orange_0035.png,/content/stroop_expanded_vlm/text_meaning_control/masks/textmeaning_orange_0035_mask.png,text_meaning_control,english,orange,orange,black,white,color,the word says {},orange,0.3525390625,True
textmeaning_orange_0036,/content/stroop_expanded_vlm/text_meaning_control/images/textmeaning_orange_0036.png,/content/stroop_expanded_vlm/text_meaning_control/masks/textmeaning_orange_0036_mask.png,text_meaning_control,english,orange,orange,black,white,color,the word says {},orange,0.34814453125,True
textmeaning_orange_0037,/content/stroop_expanded_vlm/text_meaning_control/images/textmeaning_orange_0037.png,/content/stroop_expanded_vlm/text_meaning_control/masks/textmeaning_orange_0037_mask.png,text_meaning_control,english,orange,orange,black,white,color,the word says {},orange,0.34912109375,True
textmeaning_orange_0038,/content/stroop_expanded_vlm/text_meaning_control/images/textmeaning_orange_0038.png,/content/stroop_expanded_vlm/text_meaning_control/masks/textmeaning_orange_0038_mask.png,text_meaning_control,english,orange,orange,black,white,color,the word says {},orange,0.343505859375,True
textmeaning_orange_0039,/content/stroop_expanded_vlm/text_meaning_control/images/textmeaning_orange_0039.png,/content/stroop_expanded_vlm/text_meaning_control/masks/textmeaning_orange_0039_mask.png,text_meaning_control,english,orange,orange,black,white,color,the word says {},orange,0.343017578125,True
textmeaning_orange_0040,/content/stroop_expanded_vlm/text_meaning_control/images/textmeaning_orange_0040.png,/content/stroop_expanded_vlm/text_meaning_control/masks/textmeaning_orange_0040_mask.png,text_meaning_control,english,orange,orange,black,white,color,the word says {},orange,0.34765625,True
textmeaning_orange_0041,/content/stroop_expanded_vlm/text_meaning_control/images/textmeaning_orange_0041.png,/content/stroop_expanded_vlm/text_meaning_control/masks/textmeaning_orange_0041_mask.png,text_meaning_control,english,orange,orange,black,white,color,the word says {},orange,0.34521484375,True
textmeaning_orange_0042,/content/stroop_expanded_vlm/text_meaning_control/images/textmeaning_orange_0042.png,/content/stroop_expanded_vlm/text_meaning_control/masks/textmeaning_orange_0042_mask.png,text_meaning_control,english,orange,orange,black,white,color,the word says {},orange,0.353759765625,True
textmeaning_orange_0043,/content/stroop_expanded_vlm/text_meaning_control/images/textmeaning_orange_0043.png,/content/stroop_expanded_vlm/text_meaning_control/masks/textmeaning_orange_0043_mask.png,text_meaning_control,english,orange,orange,black,white,color,the word says {},orange,0.34326171875,True
textmeaning_orange_0044,/content/stroop_expanded_vlm/text_meaning_control/images/textmeaning_orange_0044.png,/content/stroop_expanded_vlm/text_meaning_control/masks/textmeaning_orange_0044_mask.png,text_meaning_control,english,orange,orange,black,white,color,the word says {},orange,0.352783203125,True
textmeaning_orange_0045,/content/stroop_expanded_vlm/text_meaning_control/images/textmeaning_orange_0045.png,/content/stroop_expanded_vlm/text_meaning_control/masks/textmeaning_orange_0045_mask.png,text_meaning_control,english,orange,orange,black,white,color,the word says {},orange,0.346923828125,True
textmeaning_orange_0046,/content/stroop_expanded_vlm/text_meaning_control/images/textmeaning_orange_0046.png,/content/stroop_expanded_vlm/text_meaning_control/masks/textmeaning_orange_0046_mask.png,text_meaning_control,english,orange,orange,black,white,color,the word says {},orange,0.347412109375,True
textmeaning_orange_0047,/content/stroop_expanded_vlm/text_meaning_control/images/textmeaning_orange_0047.png,/content/stroop_expanded_vlm/text_meaning_control/masks/textmeaning_orange_0047_mask.png,text_meaning_control,english,orange,orange,black,white,color,the word says {},orange,0.35107421875,True
textmeaning_orange_0048,/content/stroop_expanded_vlm/text_meaning_control/images/textmeaning_orange_0048.png,/content/stroop_expanded_vlm/text_meaning_control/masks/textmeaning_orange_0048_mask.png,text_meaning_control,english,orange,orange,black,white,color,the word says {},orange,0.34619140625,True
textmeaning_orange_0049,/content/stroop_expanded_vlm/text_meaning_control/images/textmeaning_orange_0049.png,/content/stroop_expanded_vlm/text_meaning_control/masks/textmeaning_orange_0049_mask.png,text_meaning_control,english,orange,orange,black,white,color,the word says {},orange,0.341796875,True
textmeaning_orange_0050,/content/stroop_expanded_vlm/text_meaning_control/images/textmeaning_orange_0050.png,/content/stroop_expanded_vlm/text_meaning_control/masks/textmeaning_orange_0050_mask.png,text_meaning_control,english,orange,orange,black,white,color,the word says {},orange,0.350341796875,True
textmeaning_orange_0051,/content/stroop_expanded_vlm/text_meaning_control/images/textmeaning_orange_0051.png,/content/stroop_expanded_vlm/text_meaning_control/masks/textmeaning_orange_0051_mask.png,text_meaning_control,english,orange,orange,black,white,color,the word says {},orange,0.35205078125,True
textmeaning_orange_0052,/content/stroop_expanded_vlm/text_meaning_control/images/textmeaning_orange_0052.png,/content/stroop_expanded_vlm/text_meaning_control/masks/textmeaning_orange_0052_mask.png,text_meaning_control,english,orange,orange,black,white,color,the word says {},orange,0.350830078125,True
textmeaning_orange_0053,/content/stroop_expanded_vlm/text_meaning_control/images/textmeaning_orange_0053.png,/content/stroop_expanded_vlm/text_meaning_control/masks/textmeaning_orange_0053_mask.png,text_meaning_control,english,orange,orange,black,white,color,the word says {},orange,0.351806640625,True
textmeaning_orange_0054,/content/stroop_expanded_vlm/text_meaning_control/images/textmeaning_orange_0054.png,/content/stroop_expanded_vlm/text_meaning_control/masks/textmeaning_orange_0054_mask.png,text_meaning_control,english,orange,orange,black,white,color,the word says {},orange,0.347412109375,True
textmeaning_orange_0055,/content/stroop_expanded_vlm/text_meaning_control/images/textmeaning_orange_0055.png,/content/stroop_expanded_vlm/text_meaning_control/masks/textmeaning_orange_0055_mask.png,text_meaning_control,english,orange,orange,black,white,color,the word says {},orange,0.348388671875,True
textmeaning_orange_0056,/content/stroop_expanded_vlm/text_meaning_control/images/textmeaning_orange_0056.png,/content/stroop_expanded_vlm/text_meaning_control/masks/textmeaning_orange_0056_mask.png,text_meaning_control,english,orange,orange,black,white,color,the word says {},orange,0.350341796875,True
textmeaning_orange_0057,/content/stroop_expanded_vlm/text_meaning_control/images/textmeaning_orange_0057.png,/content/stroop_expanded_vlm/text_meaning_control/masks/textmeaning_orange_0057_mask.png,text_meaning_control,english,orange,orange,black,white,color,the word says {},orange,0.3515625,True
textmeaning_orange_0058,/content/stroop_expanded_vlm/text_meaning_control/images/textmeaning_orange_0058.png,/content/stroop_expanded_vlm/text_meaning_control/masks/textmeaning_orange_0058_mask.png,text_meaning_control,english,orange,orange,black,white,color,the word says {},orange,0.351806640625,True
textmeaning_orange_0059,/content/stroop_expanded_vlm/text_meaning_control/images/textmeaning_orange_0059.png,/content/stroop_expanded_vlm/text_meaning_control/masks/textmeaning_orange_0059_mask.png,text_meaning_control,english,orange,orange,black,white,color,the word says {},orange,0.343994140625,True
textmeaning_orange_0060,/content/stroop_expanded_vlm/text_meaning_control/images/textmeaning_orange_0060.png,/content/stroop_expanded_vlm/text_meaning_control/masks/textmeaning_orange_0060_mask.png,text_meaning_control,english,orange,orange,black,white,color,the word says {},orange,0.354736328125,True
textmeaning_orange_0061,/content/stroop_expanded_vlm/text_meaning_control/images/textmeaning_orange_0061.png,/content/stroop_expanded_vlm/text_meaning_control/masks/textmeaning_orange_0061_mask.png,text_meaning_control,english,orange,orange,black,white,color,the word says {},orange,0.345947265625,True
textmeaning_orange_0062,/content/stroop_expanded_vlm/text_meaning_control/images/textmeaning_orange_0062.png,/content/stroop_expanded_vlm/text_meaning_control/masks/textmeaning_orange_0062_mask.png,text_meaning_control,english,orange,orange,black,white,color,the word says {},orange,0.348876953125,True
textmeaning_orange_0063,/content/stroop_expanded_vlm/text_meaning_control/images/textmeaning_orange_0063.png,/content/stroop_expanded_vlm/text_meaning_control/masks/textmeaning_orange_0063_mask.png,text_meaning_control,english,orange,orange,black,white,color,the word says {},orange,0.34619140625,True
textmeaning_orange_0064,/content/stroop_expanded_vlm/text_meaning_control/images/textmeaning_orange_0064.png,/content/stroop_expanded_vlm/text_meaning_control/masks/textmeaning_orange_0064_mask.png,text_meaning_control,english,orange,orange,black,white,color,the word says {},orange,0.341552734375,True
textmeaning_orange_0065,/content/stroop_expanded_vlm/text_meaning_control/images/textmeaning_orange_0065.png,/content/stroop_expanded_vlm/text_meaning_control/masks/textmeaning_orange_0065_mask.png,text_meaning_control,english,orange,orange,black,white,color,the word says {},orange,0.3466796875,True
textmeaning_orange_0066,/content/stroop_expanded_vlm/text_meaning_control/images/textmeaning_orange_0066.png,/content/stroop_expanded_vlm/text_meaning_control/masks/textmeaning_orange_0066_mask.png,text_meaning_control,english,orange,orange,black,white,color,the word says {},orange,0.35302734375,True
textmeaning_orange_0067,/content/stroop_expanded_vlm/text_meaning_control/images/textmeaning_orange_0067.png,/content/stroop_expanded_vlm/text_meaning_control/masks/textmeaning_orange_0067_mask.png,text_meaning_control,english,orange,orange,black,white,color,the word says {},orange,0.353271484375,True
textmeaning_orange_0068,/content/stroop_expanded_vlm/text_meaning_control/images/textmeaning_orange_0068.png,/content/stroop_expanded_vlm/text_meaning_control/masks/textmeaning_orange_0068_mask.png,text_meaning_control,english,orange,orange,black,white,color,the word says {},orange,0.35009765625,True
textmeaning_orange_0069,/content/stroop_expanded_vlm/text_meaning_control/images/textmeaning_orange_0069.png,/content/stroop_expanded_vlm/text_meaning_control/masks/textmeaning_orange_0069_mask.png,text_meaning_control,english,orange,orange,black,white,color,the word says {},orange,0.34814453125,True
textmeaning_orange_0070,/content/stroop_expanded_vlm/text_meaning_control/images/textmeaning_orange_0070.png,/content/stroop_expanded_vlm/text_meaning_control/masks/textmeaning_orange_0070_mask.png,text_meaning_control,english,orange,orange,black,white,color,the word says {},orange,0.348876953125,True
textmeaning_orange_0071,/content/stroop_expanded_vlm/text_meaning_control/images/textmeaning_orange_0071.png,/content/stroop_expanded_vlm/text_meaning_control/masks/textmeaning_orange_0071_mask.png,text_meaning_control,english,orange,orange,black,white,color,the word says {},orange,0.342041015625,True
textmeaning_orange_0072,/content/stroop_expanded_vlm/text_meaning_control/images/textmeaning_orange_0072.png,/content/stroop_expanded_vlm/text_meaning_control/masks/textmeaning_orange_0072_mask.png,text_meaning_control,english,orange,orange,black,white,color,the word says {},orange,0.349853515625,True
textmeaning_orange_0073,/content/stroop_expanded_vlm/text_meaning_control/images/textmeaning_orange_0073.png,/content/stroop_expanded_vlm/text_meaning_control/masks/textmeaning_orange_0073_mask.png,text_meaning_control,english,orange,orange,black,white,color,the word says {},orange,0.351806640625,True
textmeaning_orange_0074,/content/stroop_expanded_vlm/text_meaning_control/images/textmeaning_orange_0074.png,/content/stroop_expanded_vlm/text_meaning_control/masks/textmeaning_orange_0074_mask.png,text_meaning_control,english,orange,orange,black,white,color,the word says {},orange,0.348388671875,True
textmeaning_orange_0075,/content/stroop_expanded_vlm/text_meaning_control/images/textmeaning_orange_0075.png,/content/stroop_expanded_vlm/text_meaning_control/masks/textmeaning_orange_0075_mask.png,text_meaning_control,english,orange,orange,black,white,color,the word says {},orange,0.347412109375,True
textmeaning_orange_0076,/content/stroop_expanded_vlm/text_meaning_control/images/textmeaning_orange_0076.png,/content/stroop_expanded_vlm/text_meaning_control/masks/textmeaning_orange_0076_mask.png,text_meaning_control,english,orange,orange,black,white,color,the word says {},orange,0.346923828125,True
textmeaning_orange_0077,/content/stroop_expanded_vlm/text_meaning_control/images/textmeaning_orange_0077.png,/content/stroop_expanded_vlm/text_meaning_control/masks/textmeaning_orange_0077_mask.png,text_meaning_control,english,orange,orange,black,white,color,the word says {},orange,0.343505859375,True
textmeaning_orange_0078,/content/stroop_expanded_vlm/text_meaning_control/images/textmeaning_orange_0078.png,/content/stroop_expanded_vlm/text_meaning_control/masks/textmeaning_orange_0078_mask.png,text_meaning_control,english,orange,orange,black,white,color,the word says {},orange,0.35302734375,True
textmeaning_orange_0079,/content/stroop_expanded_vlm/text_meaning_control/images/textmeaning_orange_0079.png,/content/stroop_expanded_vlm/text_meaning_control/masks/textmeaning_orange_0079_mask.png,text_meaning_control,english,orange,orange,black,white,color,the word says {},orange,0.3447265625,True
textmeaning_orange_0080,/content/stroop_expanded_vlm/text_meaning_control/images/textmeaning_orange_0080.png,/content/stroop_expanded_vlm/text_meaning_control/masks/textmeaning_orange_0080_mask.png,text_meaning_control,english,orange,orange,black,white,color,the word says {},orange,0.349609375,True
textmeaning_orange_0081,/content/stroop_expanded_vlm/text_meaning_control/images/textmeaning_orange_0081.png,/content/stroop_expanded_vlm/text_meaning_control/masks/textmeaning_orange_0081_mask.png,text_meaning_control,english,orange,orange,black,white,color,the word says {},orange,0.34814453125,True
textmeaning_orange_0082,/content/stroop_expanded_vlm/text_meaning_control/images/textmeaning_orange_0082.png,/content/stroop_expanded_vlm/text_meaning_control/masks/textmeaning_orange_0082_mask.png,text_meaning_control,english,orange,orange,black,white,color,the word says {},orange,0.341796875,True
textmeaning_orange_0083,/content/stroop_expanded_vlm/text_meaning_control/images/textmeaning_orange_0083.png,/content/stroop_expanded_vlm/text_meaning_control/masks/textmeaning_orange_0083_mask.png,text_meaning_control,english,orange,orange,black,white,color,the word says {},orange,0.350830078125,True
textmeaning_orange_0084,/content/stroop_expanded_vlm/text_meaning_control/images/textmeaning_orange_0084.png,/content/stroop_expanded_vlm/text_meaning_control/masks/textmeaning_orange_0084_mask.png,text_meaning_control,english,orange,orange,black,white,color,the word says {},orange,0.349853515625,True
textmeaning_orange_0085,/content/stroop_expanded_vlm/text_meaning_control/images/textmeaning_orange_0085.png,/content/stroop_expanded_vlm/text_meaning_control/masks/textmeaning_orange_0085_mask.png,text_meaning_control,english,orange,orange,black,white,color,the word says {},orange,0.340576171875,True
textmeaning_orange_0086,/content/stroop_expanded_vlm/text_meaning_control/images/textmeaning_orange_0086.png,/content/stroop_expanded_vlm/text_meaning_control/masks/textmeaning_orange_0086_mask.png,text_meaning_control,english,orange,orange,black,white,color,the word says {},orange,0.342041015625,True
textmeaning_orange_0087,/content/stroop_expanded_vlm/text_meaning_control/images/textmeaning_orange_0087.png,/content/stroop_expanded_vlm/text_meaning_control/masks/textmeaning_orange_0087_mask.png,text_meaning_control,english,orange,orange,black,white,color,the word says {},orange,0.349853515625,True
textmeaning_orange_0088,/content/stroop_expanded_vlm/text_meaning_control/images/textmeaning_orange_0088.png,/content/stroop_expanded_vlm/text_meaning_control/masks/textmeaning_orange_0088_mask.png,text_meaning_control,english,orange,orange,black,white,color,the word says {},orange,0.349365234375,True
textmeaning_orange_0089,/content/stroop_expanded_vlm/text_meaning_control/images/textmeaning_orange_0089.png,/content/stroop_expanded_vlm/text_meaning_control/masks/textmeaning_orange_0089_mask.png,text_meaning_control,english,orange,orange,black,white,color,the word says {},orange,0.3505859375,True
textmeaning_orange_0090,/content/stroop_expanded_vlm/text_meaning_control/images/textmeaning_orange_0090.png,/content/stroop_expanded_vlm/text_meaning_control/masks/textmeaning_orange_0090_mask.png,text_meaning_control,english,orange,orange,black,white,color,the word says {},orange,0.34521484375,True
textmeaning_orange_0091,/content/stroop_expanded_vlm/text_meaning_control/images/textmeaning_orange_0091.png,/content/stroop_expanded_vlm/text_meaning_control/masks/textmeaning_orange_0091_mask.png,text_meaning_control,english,orange,orange,black,white,color,the word says {},orange,0.3515625,True
textmeaning_orange_0092,/content/stroop_expanded_vlm/text_meaning_control/images/textmeaning_orange_0092.png,/content/stroop_expanded_vlm/text_meaning_control/masks/textmeaning_orange_0092_mask.png,text_meaning_control,english,orange,orange,black,white,color,the word says {},orange,0.347900390625,True
textmeaning_orange_0093,/content/stroop_expanded_vlm/text_meaning_control/images/textmeaning_orange_0093.png,/content/stroop_expanded_vlm/text_meaning_control/masks/textmeaning_orange_0093_mask.png,text_meaning_control,english,orange,orange,black,white,color,the word says {},orange,0.353271484375,True
textmeaning_orange_0094,/content/stroop_expanded_vlm/text_meaning_control/images/textmeaning_orange_0094.png,/content/stroop_expanded_vlm/text_meaning_control/masks/textmeaning_orange_0094_mask.png,text_meaning_control,english,orange,orange,black,white,color,the word says {},orange,0.346435546875,True
textmeaning_orange_0095,/content/stroop_expanded_vlm/text_meaning_control/images/textmeaning_orange_0095.png,/content/stroop_expanded_vlm/text_meaning_control/masks/textmeaning_orange_0095_mask.png,text_meaning_control,english,orange,orange,black,white,color,the word says {},orange,0.34765625,True
textmeaning_orange_0096,/content/stroop_expanded_vlm/text_meaning_control/images/textmeaning_orange_0096.png,/content/stroop_expanded_vlm/text_meaning_control/masks/textmeaning_orange_0096_mask.png,text_meaning_control,english,orange,orange,black,white,color,the word says {},orange,0.35400390625,True
textmeaning_orange_0097,/content/stroop_expanded_vlm/text_meaning_control/images/textmeaning_orange_0097.png,/content/stroop_expanded_vlm/text_meaning_control/masks/textmeaning_orange_0097_mask.png,text_meaning_control,english,orange,orange,black,white,color,the word says {},orange,0.346923828125,True
textmeaning_orange_0098,/content/stroop_expanded_vlm/text_meaning_control/images/textmeaning_orange_0098.png,/content/stroop_expanded_vlm/text_meaning_control/masks/textmeaning_orange_0098_mask.png,text_meaning_control,english,orange,orange,black,white,color,the word says {},orange,0.34375,True
textmeaning_orange_0099,/content/stroop_expanded_vlm/text_meaning_control/images/textmeaning_orange_0099.png,/content/stroop_expanded_vlm/text_meaning_control/masks/textmeaning_orange_0099_mask.png,text_meaning_control,english,orange,orange,black,white,color,the word says {},orange,0.341796875,True
textmeaning_purple_0000,/content/stroop_expanded_vlm/text_meaning_control/images/textmeaning_purple_0000.png,/content/stroop_expanded_vlm/text_meaning_control/masks/textmeaning_purple_0000_mask.png,text_meaning_control,english,purple,purple,black,white,color,the word says {},purple,0.34033203125,True
textmeaning_purple_0001,/content/stroop_expanded_vlm/text_meaning_control/images/textmeaning_purple_0001.png,/content/stroop_expanded_vlm/text_meaning_control/masks/textmeaning_purple_0001_mask.png,text_meaning_control,english,purple,purple,black,white,color,the word says {},purple,0.35009765625,True
textmeaning_purple_0002,/content/stroop_expanded_vlm/text_meaning_control/images/textmeaning_purple_0002.png,/content/stroop_expanded_vlm/text_meaning_control/masks/textmeaning_purple_0002_mask.png,text_meaning_control,english,purple,purple,black,white,color,the word says {},purple,0.343994140625,True
textmeaning_purple_0003,/content/stroop_expanded_vlm/text_meaning_control/images/textmeaning_purple_0003.png,/content/stroop_expanded_vlm/text_meaning_control/masks/textmeaning_purple_0003_mask.png,text_meaning_control,english,purple,purple,black,white,color,the word says {},purple,0.337890625,True
textmeaning_purple_0004,/content/stroop_expanded_vlm/text_meaning_control/images/textmeaning_purple_0004.png,/content/stroop_expanded_vlm/text_meaning_control/masks/textmeaning_purple_0004_mask.png,text_meaning_control,english,purple,purple,black,white,color,the word says {},purple,0.343994140625,True
textmeaning_purple_0005,/content/stroop_expanded_vlm/text_meaning_control/images/textmeaning_purple_0005.png,/content/stroop_expanded_vlm/text_meaning_control/masks/textmeaning_purple_0005_mask.png,text_meaning_control,english,purple,purple,black,white,color,the word says {},purple,0.3408203125,True
textmeaning_purple_0006,/content/stroop_expanded_vlm/text_meaning_control/images/textmeaning_purple_0006.png,/content/stroop_expanded_vlm/text_meaning_control/masks/textmeaning_purple_0006_mask.png,text_meaning_control,english,purple,purple,black,white,color,the word says {},purple,0.35009765625,True
textmeaning_purple_0007,/content/stroop_expanded_vlm/text_meaning_control/images/textmeaning_purple_0007.png,/content/stroop_expanded_vlm/text_meaning_control/masks/textmeaning_purple_0007_mask.png,text_meaning_control,english,purple,purple,black,white,color,the word says {},purple,0.348388671875,True
textmeaning_purple_0008,/content/stroop_expanded_vlm/text_meaning_control/images/textmeaning_purple_0008.png,/content/stroop_expanded_vlm/text_meaning_control/masks/textmeaning_purple_0008_mask.png,text_meaning_control,english,purple,purple,black,white,color,the word says {},purple,0.345458984375,True
textmeaning_purple_0009,/content/stroop_expanded_vlm/text_meaning_control/images/textmeaning_purple_0009.png,/content/stroop_expanded_vlm/text_meaning_control/masks/textmeaning_purple_0009_mask.png,text_meaning_control,english,purple,purple,black,white,color,the word says {},purple,0.341064453125,True
textmeaning_purple_0010,/content/stroop_expanded_vlm/text_meaning_control/images/textmeaning_purple_0010.png,/content/stroop_expanded_vlm/text_meaning_control/masks/textmeaning_purple_0010_mask.png,text_meaning_control,english,purple,purple,black,white,color,the word says {},purple,0.34619140625,True
textmeaning_purple_0011,/content/stroop_expanded_vlm/text_meaning_control/images/textmeaning_purple_0011.png,/content/stroop_expanded_vlm/text_meaning_control/masks/textmeaning_purple_0011_mask.png,text_meaning_control,english,purple,purple,black,white,color,the word says {},purple,0.3388671875,True
textmeaning_purple_0012,/content/stroop_expanded_vlm/text_meaning_control/images/textmeaning_purple_0012.png,/content/stroop_expanded_vlm/text_meaning_control/masks/textmeaning_purple_0012_mask.png,text_meaning_control,english,purple,purple,black,white,color,the word says {},purple,0.340576171875,True
textmeaning_purple_0013,/content/stroop_expanded_vlm/text_meaning_control/images/textmeaning_purple_0013.png,/content/stroop_expanded_vlm/text_meaning_control/masks/textmeaning_purple_0013_mask.png,text_meaning_control,english,purple,purple,black,white,color,the word says {},purple,0.343994140625,True
textmeaning_purple_0014,/content/stroop_expanded_vlm/text_meaning_control/images/textmeaning_purple_0014.png,/content/stroop_expanded_vlm/text_meaning_control/masks/textmeaning_purple_0014_mask.png,text_meaning_control,english,purple,purple,black,white,color,the word says {},purple,0.348388671875,True
textmeaning_purple_0015,/content/stroop_expanded_vlm/text_meaning_control/images/textmeaning_purple_0015.png,/content/stroop_expanded_vlm/text_meaning_control/masks/textmeaning_purple_0015_mask.png,text_meaning_control,english,purple,purple,black,white,color,the word says {},purple,0.3388671875,True
textmeaning_purple_0016,/content/stroop_expanded_vlm/text_meaning_control/images/textmeaning_purple_0016.png,/content/stroop_expanded_vlm/text_meaning_control/masks/textmeaning_purple_0016_mask.png,text_meaning_control,english,purple,purple,black,white,color,the word says {},purple,0.3408203125,True
textmeaning_purple_0017,/content/stroop_expanded_vlm/text_meaning_control/images/textmeaning_purple_0017.png,/content/stroop_expanded_vlm/text_meaning_control/masks/textmeaning_purple_0017_mask.png,text_meaning_control,english,purple,purple,black,white,color,the word says {},purple,0.34326171875,True
textmeaning_purple_0018,/content/stroop_expanded_vlm/text_meaning_control/images/textmeaning_purple_0018.png,/content/stroop_expanded_vlm/text_meaning_control/masks/textmeaning_purple_0018_mask.png,text_meaning_control,english,purple,purple,black,white,color,the word says {},purple,0.34521484375,True
textmeaning_purple_0019,/content/stroop_expanded_vlm/text_meaning_control/images/textmeaning_purple_0019.png,/content/stroop_expanded_vlm/text_meaning_control/masks/textmeaning_purple_0019_mask.png,text_meaning_control,english,purple,purple,black,white,color,the word says {},purple,0.34765625,True
textmeaning_purple_0020,/content/stroop_expanded_vlm/text_meaning_control/images/textmeaning_purple_0020.png,/content/stroop_expanded_vlm/text_meaning_control/masks/textmeaning_purple_0020_mask.png,text_meaning_control,english,purple,purple,black,white,color,the word says {},purple,0.343017578125,True
textmeaning_purple_0021,/content/stroop_expanded_vlm/text_meaning_control/images/textmeaning_purple_0021.png,/content/stroop_expanded_vlm/text_meaning_control/masks/textmeaning_purple_0021_mask.png,text_meaning_control,english,purple,purple,black,white,color,the word says {},purple,0.342041015625,True
textmeaning_purple_0022,/content/stroop_expanded_vlm/text_meaning_control/images/textmeaning_purple_0022.png,/content/stroop_expanded_vlm/text_meaning_control/masks/textmeaning_purple_0022_mask.png,text_meaning_control,english,purple,purple,black,white,color,the word says {},purple,0.349365234375,True
textmeaning_purple_0023,/content/stroop_expanded_vlm/text_meaning_control/images/textmeaning_purple_0023.png,/content/stroop_expanded_vlm/text_meaning_control/masks/textmeaning_purple_0023_mask.png,text_meaning_control,english,purple,purple,black,white,color,the word says {},purple,0.34765625,True
textmeaning_purple_0024,/content/stroop_expanded_vlm/text_meaning_control/images/textmeaning_purple_0024.png,/content/stroop_expanded_vlm/text_meaning_control/masks/textmeaning_purple_0024_mask.png,text_meaning_control,english,purple,purple,black,white,color,the word says {},purple,0.344482421875,True
textmeaning_purple_0025,/content/stroop_expanded_vlm/text_meaning_control/images/textmeaning_purple_0025.png,/content/stroop_expanded_vlm/text_meaning_control/masks/textmeaning_purple_0025_mask.png,text_meaning_control,english,purple,purple,black,white,color,the word says {},purple,0.344970703125,True
textmeaning_purple_0026,/content/stroop_expanded_vlm/text_meaning_control/images/textmeaning_purple_0026.png,/content/stroop_expanded_vlm/text_meaning_control/masks/textmeaning_purple_0026_mask.png,text_meaning_control,english,purple,purple,black,white,color,the word says {},purple,0.339599609375,True
textmeaning_purple_0027,/content/stroop_expanded_vlm/text_meaning_control/images/textmeaning_purple_0027.png,/content/stroop_expanded_vlm/text_meaning_control/masks/textmeaning_purple_0027_mask.png,text_meaning_control,english,purple,purple,black,white,color,the word says {},purple,0.34814453125,True
textmeaning_purple_0028,/content/stroop_expanded_vlm/text_meaning_control/images/textmeaning_purple_0028.png,/content/stroop_expanded_vlm/text_meaning_control/masks/textmeaning_purple_0028_mask.png,text_meaning_control,english,purple,purple,black,white,color,the word says {},purple,0.34814453125,True
textmeaning_purple_0029,/content/stroop_expanded_vlm/text_meaning_control/images/textmeaning_purple_0029.png,/content/stroop_expanded_vlm/text_meaning_control/masks/textmeaning_purple_0029_mask.png,text_meaning_control,english,purple,purple,black,white,color,the word says {},purple,0.34521484375,True
textmeaning_purple_0030,/content/stroop_expanded_vlm/text_meaning_control/images/textmeaning_purple_0030.png,/content/stroop_expanded_vlm/text_meaning_control/masks/textmeaning_purple_0030_mask.png,text_meaning_control,english,purple,purple,black,white,color,the word says {},purple,0.33984375,True
textmeaning_purple_0031,/content/stroop_expanded_vlm/text_meaning_control/images/textmeaning_purple_0031.png,/content/stroop_expanded_vlm/text_meaning_control/masks/textmeaning_purple_0031_mask.png,text_meaning_control,english,purple,purple,black,white,color,the word says {},purple,0.35009765625,True
textmeaning_purple_0032,/content/stroop_expanded_vlm/text_meaning_control/images/textmeaning_purple_0032.png,/content/stroop_expanded_vlm/text_meaning_control/masks/textmeaning_purple_0032_mask.png,text_meaning_control,english,purple,purple,black,white,color,the word says {},purple,0.34423828125,True
textmeaning_purple_0033,/content/stroop_expanded_vlm/text_meaning_control/images/textmeaning_purple_0033.png,/content/stroop_expanded_vlm/text_meaning_control/masks/textmeaning_purple_0033_mask.png,text_meaning_control,english,purple,purple,black,white,color,the word says {},purple,0.34326171875,True
textmeaning_purple_0034,/content/stroop_expanded_vlm/text_meaning_control/images/textmeaning_purple_0034.png,/content/stroop_expanded_vlm/text_meaning_control/masks/textmeaning_purple_0034_mask.png,text_meaning_control,english,purple,purple,black,white,color,the word says {},purple,0.3388671875,True
textmeaning_purple_0035,/content/stroop_expanded_vlm/text_meaning_control/images/textmeaning_purple_0035.png,/content/stroop_expanded_vlm/text_meaning_control/masks/textmeaning_purple_0035_mask.png,text_meaning_control,english,purple,purple,black,white,color,the word says {},purple,0.346923828125,True
textmeaning_purple_0036,/content/stroop_expanded_vlm/text_meaning_control/images/textmeaning_purple_0036.png,/content/stroop_expanded_vlm/text_meaning_control/masks/textmeaning_purple_0036_mask.png,text_meaning_control,english,purple,purple,black,white,color,the word says {},purple,0.346923828125,True
textmeaning_purple_0037,/content/stroop_expanded_vlm/text_meaning_control/images/textmeaning_purple_0037.png,/content/stroop_expanded_vlm/text_meaning_control/masks/textmeaning_purple_0037_mask.png,text_meaning_control,english,purple,purple,black,white,color,the word says {},purple,0.345947265625,True
textmeaning_purple_0038,/content/stroop_expanded_vlm/text_meaning_control/images/textmeaning_purple_0038.png,/content/stroop_expanded_vlm/text_meaning_control/masks/textmeaning_purple_0038_mask.png,text_meaning_control,english,purple,purple,black,white,color,the word says {},purple,0.347412109375,True
textmeaning_purple_0039,/content/stroop_expanded_vlm/text_meaning_control/images/textmeaning_purple_0039.png,/content/stroop_expanded_vlm/text_meaning_control/masks/textmeaning_purple_0039_mask.png,text_meaning_control,english,purple,purple,black,white,color,the word says {},purple,0.34033203125,True
textmeaning_purple_0040,/content/stroop_expanded_vlm/text_meaning_control/images/textmeaning_purple_0040.png,/content/stroop_expanded_vlm/text_meaning_control/masks/textmeaning_purple_0040_mask.png,text_meaning_control,english,purple,purple,black,white,color,the word says {},purple,0.343505859375,True
textmeaning_purple_0041,/content/stroop_expanded_vlm/text_meaning_control/images/textmeaning_purple_0041.png,/content/stroop_expanded_vlm/text_meaning_control/masks/textmeaning_purple_0041_mask.png,text_meaning_control,english,purple,purple,black,white,color,the word says {},purple,0.347900390625,True
textmeaning_purple_0042,/content/stroop_expanded_vlm/text_meaning_control/images/textmeaning_purple_0042.png,/content/stroop_expanded_vlm/text_meaning_control/masks/textmeaning_purple_0042_mask.png,text_meaning_control,english,purple,purple,black,white,color,the word says {},purple,0.345458984375,True
textmeaning_purple_0043,/content/stroop_expanded_vlm/text_meaning_control/images/textmeaning_purple_0043.png,/content/stroop_expanded_vlm/text_meaning_control/masks/textmeaning_purple_0043_mask.png,text_meaning_control,english,purple,purple,black,white,color,the word says {},purple,0.340576171875,True
textmeaning_purple_0044,/content/stroop_expanded_vlm/text_meaning_control/images/textmeaning_purple_0044.png,/content/stroop_expanded_vlm/text_meaning_control/masks/textmeaning_purple_0044_mask.png,text_meaning_control,english,purple,purple,black,white,color,the word says {},purple,0.33984375,True
textmeaning_purple_0045,/content/stroop_expanded_vlm/text_meaning_control/images/textmeaning_purple_0045.png,/content/stroop_expanded_vlm/text_meaning_control/masks/textmeaning_purple_0045_mask.png,text_meaning_control,english,purple,purple,black,white,color,the word says {},purple,0.34619140625,True
textmeaning_purple_0046,/content/stroop_expanded_vlm/text_meaning_control/images/textmeaning_purple_0046.png,/content/stroop_expanded_vlm/text_meaning_control/masks/textmeaning_purple_0046_mask.png,text_meaning_control,english,purple,purple,black,white,color,the word says {},purple,0.3486328125,True
textmeaning_purple_0047,/content/stroop_expanded_vlm/text_meaning_control/images/textmeaning_purple_0047.png,/content/stroop_expanded_vlm/text_meaning_control/masks/textmeaning_purple_0047_mask.png,text_meaning_control,english,purple,purple,black,white,color,the word says {},purple,0.34814453125,True
textmeaning_purple_0048,/content/stroop_expanded_vlm/text_meaning_control/images/textmeaning_purple_0048.png,/content/stroop_expanded_vlm/text_meaning_control/masks/textmeaning_purple_0048_mask.png,text_meaning_control,english,purple,purple,black,white,color,the word says {},purple,0.34619140625,True
textmeaning_purple_0049,/content/stroop_expanded_vlm/text_meaning_control/images/textmeaning_purple_0049.png,/content/stroop_expanded_vlm/text_meaning_control/masks/textmeaning_purple_0049_mask.png,text_meaning_control,english,purple,purple,black,white,color,the word says {},purple,0.349609375,True
textmeaning_purple_0050,/content/stroop_expanded_vlm/text_meaning_control/images/textmeaning_purple_0050.png,/content/stroop_expanded_vlm/text_meaning_control/masks/textmeaning_purple_0050_mask.png,text_meaning_control,english,purple,purple,black,white,color,the word says {},purple,0.34912109375,True
textmeaning_purple_0051,/content/stroop_expanded_vlm/text_meaning_control/images/textmeaning_purple_0051.png,/content/stroop_expanded_vlm/text_meaning_control/masks/textmeaning_purple_0051_mask.png,text_meaning_control,english,purple,purple,black,white,color,the word says {},purple,0.34423828125,True
textmeaning_purple_0052,/content/stroop_expanded_vlm/text_meaning_control/images/textmeaning_purple_0052.png,/content/stroop_expanded_vlm/text_meaning_control/masks/textmeaning_purple_0052_mask.png,text_meaning_control,english,purple,purple,black,white,color,the word says {},purple,0.343994140625,True
textmeaning_purple_0053,/content/stroop_expanded_vlm/text_meaning_control/images/textmeaning_purple_0053.png,/content/stroop_expanded_vlm/text_meaning_control/masks/textmeaning_purple_0053_mask.png,text_meaning_control,english,purple,purple,black,white,color,the word says {},purple,0.3505859375,True
textmeaning_purple_0054,/content/stroop_expanded_vlm/text_meaning_control/images/textmeaning_purple_0054.png,/content/stroop_expanded_vlm/text_meaning_control/masks/textmeaning_purple_0054_mask.png,text_meaning_control,english,purple,purple,black,white,color,the word says {},purple,0.34423828125,True
textmeaning_purple_0055,/content/stroop_expanded_vlm/text_meaning_control/images/textmeaning_purple_0055.png,/content/stroop_expanded_vlm/text_meaning_control/masks/textmeaning_purple_0055_mask.png,text_meaning_control,english,purple,purple,black,white,color,the word says {},purple,0.349609375,True
textmeaning_purple_0056,/content/stroop_expanded_vlm/text_meaning_control/images/textmeaning_purple_0056.png,/content/stroop_expanded_vlm/text_meaning_control/masks/textmeaning_purple_0056_mask.png,text_meaning_control,english,purple,purple,black,white,color,the word says {},purple,0.34912109375,True
textmeaning_purple_0057,/content/stroop_expanded_vlm/text_meaning_control/images/textmeaning_purple_0057.png,/content/stroop_expanded_vlm/text_meaning_control/masks/textmeaning_purple_0057_mask.png,text_meaning_control,english,purple,purple,black,white,color,the word says {},purple,0.35107421875,True
textmeaning_purple_0058,/content/stroop_expanded_vlm/text_meaning_control/images/textmeaning_purple_0058.png,/content/stroop_expanded_vlm/text_meaning_control/masks/textmeaning_purple_0058_mask.png,text_meaning_control,english,purple,purple,black,white,color,the word says {},purple,0.35205078125,True
textmeaning_purple_0059,/content/stroop_expanded_vlm/text_meaning_control/images/textmeaning_purple_0059.png,/content/stroop_expanded_vlm/text_meaning_control/masks/textmeaning_purple_0059_mask.png,text_meaning_control,english,purple,purple,black,white,color,the word says {},purple,0.34326171875,True
textmeaning_purple_0060,/content/stroop_expanded_vlm/text_meaning_control/images/textmeaning_purple_0060.png,/content/stroop_expanded_vlm/text_meaning_control/masks/textmeaning_purple_0060_mask.png,text_meaning_control,english,purple,purple,black,white,color,the word says {},purple,0.34228515625,True
textmeaning_purple_0061,/content/stroop_expanded_vlm/text_meaning_control/images/textmeaning_purple_0061.png,/content/stroop_expanded_vlm/text_meaning_control/masks/textmeaning_purple_0061_mask.png,text_meaning_control,english,purple,purple,black,white,color,the word says {},purple,0.343505859375,True
textmeaning_purple_0062,/content/stroop_expanded_vlm/text_meaning_control/images/textmeaning_purple_0062.png,/content/stroop_expanded_vlm/text_meaning_control/masks/textmeaning_purple_0062_mask.png,text_meaning_control,english,purple,purple,black,white,color,the word says {},purple,0.3408203125,True
textmeaning_purple_0063,/content/stroop_expanded_vlm/text_meaning_control/images/textmeaning_purple_0063.png,/content/stroop_expanded_vlm/text_meaning_control/masks/textmeaning_purple_0063_mask.png,text_meaning_control,english,purple,purple,black,white,color,the word says {},purple,0.34765625,True
textmeaning_purple_0064,/content/stroop_expanded_vlm/text_meaning_control/images/textmeaning_purple_0064.png,/content/stroop_expanded_vlm/text_meaning_control/masks/textmeaning_purple_0064_mask.png,text_meaning_control,english,purple,purple,black,white,color,the word says {},purple,0.347412109375,True
textmeaning_purple_0065,/content/stroop_expanded_vlm/text_meaning_control/images/textmeaning_purple_0065.png,/content/stroop_expanded_vlm/text_meaning_control/masks/textmeaning_purple_0065_mask.png,text_meaning_control,english,purple,purple,black,white,color,the word says {},purple,0.35302734375,True
textmeaning_purple_0066,/content/stroop_expanded_vlm/text_meaning_control/images/textmeaning_purple_0066.png,/content/stroop_expanded_vlm/text_meaning_control/masks/textmeaning_purple_0066_mask.png,text_meaning_control,english,purple,purple,black,white,color,the word says {},purple,0.347412109375,True
textmeaning_purple_0067,/content/stroop_expanded_vlm/text_meaning_control/images/textmeaning_purple_0067.png,/content/stroop_expanded_vlm/text_meaning_control/masks/textmeaning_purple_0067_mask.png,text_meaning_control,english,purple,purple,black,white,color,the word says {},purple,0.345458984375,True
textmeaning_purple_0068,/content/stroop_expanded_vlm/text_meaning_control/images/textmeaning_purple_0068.png,/content/stroop_expanded_vlm/text_meaning_control/masks/textmeaning_purple_0068_mask.png,text_meaning_control,english,purple,purple,black,white,color,the word says {},purple,0.34912109375,True
textmeaning_purple_0069,/content/stroop_expanded_vlm/text_meaning_control/images/textmeaning_purple_0069.png,/content/stroop_expanded_vlm/text_meaning_control/masks/textmeaning_purple_0069_mask.png,text_meaning_control,english,purple,purple,black,white,color,the word says {},purple,0.34716796875,True
textmeaning_purple_0070,/content/stroop_expanded_vlm/text_meaning_control/images/textmeaning_purple_0070.png,/content/stroop_expanded_vlm/text_meaning_control/masks/textmeaning_purple_0070_mask.png,text_meaning_control,english,purple,purple,black,white,color,the word says {},purple,0.350830078125,True
textmeaning_purple_0071,/content/stroop_expanded_vlm/text_meaning_control/images/textmeaning_purple_0071.png,/content/stroop_expanded_vlm/text_meaning_control/masks/textmeaning_purple_0071_mask.png,text_meaning_control,english,purple,purple,black,white,color,the word says {},purple,0.348388671875,True
textmeaning_purple_0072,/content/stroop_expanded_vlm/text_meaning_control/images/textmeaning_purple_0072.png,/content/stroop_expanded_vlm/text_meaning_control/masks/textmeaning_purple_0072_mask.png,text_meaning_control,english,purple,purple,black,white,color,the word says {},purple,0.34765625,True
textmeaning_purple_0073,/content/stroop_expanded_vlm/text_meaning_control/images/textmeaning_purple_0073.png,/content/stroop_expanded_vlm/text_meaning_control/masks/textmeaning_purple_0073_mask.png,text_meaning_control,english,purple,purple,black,white,color,the word says {},purple,0.343994140625,True
textmeaning_purple_0074,/content/stroop_expanded_vlm/text_meaning_control/images/textmeaning_purple_0074.png,/content/stroop_expanded_vlm/text_meaning_control/masks/textmeaning_purple_0074_mask.png,text_meaning_control,english,purple,purple,black,white,color,the word says {},purple,0.345458984375,True
textmeaning_purple_0075,/content/stroop_expanded_vlm/text_meaning_control/images/textmeaning_purple_0075.png,/content/stroop_expanded_vlm/text_meaning_control/masks/textmeaning_purple_0075_mask.png,text_meaning_control,english,purple,purple,black,white,color,the word says {},purple,0.343994140625,True
textmeaning_purple_0076,/content/stroop_expanded_vlm/text_meaning_control/images/textmeaning_purple_0076.png,/content/stroop_expanded_vlm/text_meaning_control/masks/textmeaning_purple_0076_mask.png,text_meaning_control,english,purple,purple,black,white,color,the word says {},purple,0.341552734375,True
textmeaning_purple_0077,/content/stroop_expanded_vlm/text_meaning_control/images/textmeaning_purple_0077.png,/content/stroop_expanded_vlm/text_meaning_control/masks/textmeaning_purple_0077_mask.png,text_meaning_control,english,purple,purple,black,white,color,the word says {},purple,0.34619140625,True
textmeaning_purple_0078,/content/stroop_expanded_vlm/text_meaning_control/images/textmeaning_purple_0078.png,/content/stroop_expanded_vlm/text_meaning_control/masks/textmeaning_purple_0078_mask.png,text_meaning_control,english,purple,purple,black,white,color,the word says {},purple,0.34033203125,True
textmeaning_purple_0079,/content/stroop_expanded_vlm/text_meaning_control/images/textmeaning_purple_0079.png,/content/stroop_expanded_vlm/text_meaning_control/masks/textmeaning_purple_0079_mask.png,text_meaning_control,english,purple,purple,black,white,color,the word says {},purple,0.346435546875,True
textmeaning_purple_0080,/content/stroop_expanded_vlm/text_meaning_control/images/textmeaning_purple_0080.png,/content/stroop_expanded_vlm/text_meaning_control/masks/textmeaning_purple_0080_mask.png,text_meaning_control,english,purple,purple,black,white,color,the word says {},purple,0.3447265625,True
textmeaning_purple_0081,/content/stroop_expanded_vlm/text_meaning_control/images/textmeaning_purple_0081.png,/content/stroop_expanded_vlm/text_meaning_control/masks/textmeaning_purple_0081_mask.png,text_meaning_control,english,purple,purple,black,white,color,the word says {},purple,0.349609375,True
textmeaning_purple_0082,/content/stroop_expanded_vlm/text_meaning_control/images/textmeaning_purple_0082.png,/content/stroop_expanded_vlm/text_meaning_control/masks/textmeaning_purple_0082_mask.png,text_meaning_control,english,purple,purple,black,white,color,the word says {},purple,0.352783203125,True
textmeaning_purple_0083,/content/stroop_expanded_vlm/text_meaning_control/images/textmeaning_purple_0083.png,/content/stroop_expanded_vlm/text_meaning_control/masks/textmeaning_purple_0083_mask.png,text_meaning_control,english,purple,purple,black,white,color,the word says {},purple,0.342041015625,True
textmeaning_purple_0084,/content/stroop_expanded_vlm/text_meaning_control/images/textmeaning_purple_0084.png,/content/stroop_expanded_vlm/text_meaning_control/masks/textmeaning_purple_0084_mask.png,text_meaning_control,english,purple,purple,black,white,color,the word says {},purple,0.344970703125,True
textmeaning_purple_0085,/content/stroop_expanded_vlm/text_meaning_control/images/textmeaning_purple_0085.png,/content/stroop_expanded_vlm/text_meaning_control/masks/textmeaning_purple_0085_mask.png,text_meaning_control,english,purple,purple,black,white,color,the word says {},purple,0.3427734375,True
textmeaning_purple_0086,/content/stroop_expanded_vlm/text_meaning_control/images/textmeaning_purple_0086.png,/content/stroop_expanded_vlm/text_meaning_control/masks/textmeaning_purple_0086_mask.png,text_meaning_control,english,purple,purple,black,white,color,the word says {},purple,0.345703125,True
textmeaning_purple_0087,/content/stroop_expanded_vlm/text_meaning_control/images/textmeaning_purple_0087.png,/content/stroop_expanded_vlm/text_meaning_control/masks/textmeaning_purple_0087_mask.png,text_meaning_control,english,purple,purple,black,white,color,the word says {},purple,0.344970703125,True
textmeaning_purple_0088,/content/stroop_expanded_vlm/text_meaning_control/images/textmeaning_purple_0088.png,/content/stroop_expanded_vlm/text_meaning_control/masks/textmeaning_purple_0088_mask.png,text_meaning_control,english,purple,purple,black,white,color,the word says {},purple,0.34423828125,True
textmeaning_purple_0089,/content/stroop_expanded_vlm/text_meaning_control/images/textmeaning_purple_0089.png,/content/stroop_expanded_vlm/text_meaning_control/masks/textmeaning_purple_0089_mask.png,text_meaning_control,english,purple,purple,black,white,color,the word says {},purple,0.3486328125,True
textmeaning_purple_0090,/content/stroop_expanded_vlm/text_meaning_control/images/textmeaning_purple_0090.png,/content/stroop_expanded_vlm/text_meaning_control/masks/textmeaning_purple_0090_mask.png,text_meaning_control,english,purple,purple,black,white,color,the word says {},purple,0.34619140625,True
textmeaning_purple_0091,/content/stroop_expanded_vlm/text_meaning_control/images/textmeaning_purple_0091.png,/content/stroop_expanded_vlm/text_meaning_control/masks/textmeaning_purple_0091_mask.png,text_meaning_control,english,purple,purple,black,white,color,the word says {},purple,0.348876953125,True
textmeaning_purple_0092,/content/stroop_expanded_vlm/text_meaning_control/images/textmeaning_purple_0092.png,/content/stroop_expanded_vlm/text_meaning_control/masks/textmeaning_purple_0092_mask.png,text_meaning_control,english,purple,purple,black,white,color,the word says {},purple,0.34521484375,True
textmeaning_purple_0093,/content/stroop_expanded_vlm/text_meaning_control/images/textmeaning_purple_0093.png,/content/stroop_expanded_vlm/text_meaning_control/masks/textmeaning_purple_0093_mask.png,text_meaning_control,english,purple,purple,black,white,color,the word says {},purple,0.349853515625,True
textmeaning_purple_0094,/content/stroop_expanded_vlm/text_meaning_control/images/textmeaning_purple_0094.png,/content/stroop_expanded_vlm/text_meaning_control/masks/textmeaning_purple_0094_mask.png,text_meaning_control,english,purple,purple,black,white,color,the word says {},purple,0.34619140625,True
textmeaning_purple_0095,/content/stroop_expanded_vlm/text_meaning_control/images/textmeaning_purple_0095.png,/content/stroop_expanded_vlm/text_meaning_control/masks/textmeaning_purple_0095_mask.png,text_meaning_control,english,purple,purple,black,white,color,the word says {},purple,0.34521484375,True
textmeaning_purple_0096,/content/stroop_expanded_vlm/text_meaning_control/images/textmeaning_purple_0096.png,/content/stroop_expanded_vlm/text_meaning_control/masks/textmeaning_purple_0096_mask.png,text_meaning_control,english,purple,purple,black,white,color,the word says {},purple,0.343505859375,True
textmeaning_purple_0097,/content/stroop_expanded_vlm/text_meaning_control/images/textmeaning_purple_0097.png,/content/stroop_expanded_vlm/text_meaning_control/masks/textmeaning_purple_0097_mask.png,text_meaning_control,english,purple,purple,black,white,color,the word says {},purple,0.349609375,True
textmeaning_purple_0098,/content/stroop_expanded_vlm/text_meaning_control/images/textmeaning_purple_0098.png,/content/stroop_expanded_vlm/text_meaning_control/masks/textmeaning_purple_0098_mask.png,text_meaning_control,english,purple,purple,black,white,color,the word says {},purple,0.35009765625,True
textmeaning_purple_0099,/content/stroop_expanded_vlm/text_meaning_control/images/textmeaning_purple_0099.png,/content/stroop_expanded_vlm/text_meaning_control/masks/textmeaning_purple_0099_mask.png,text_meaning_control,english,purple,purple,black,white,color,the word says {},purple,0.34912109375,True
textmeaning_brown_0000,/content/stroop_expanded_vlm/text_meaning_control/images/textmeaning_brown_0000.png,/content/stroop_expanded_vlm/text_meaning_control/masks/textmeaning_brown_0000_mask.png,text_meaning_control,english,brown,brown,black,white,color,the word says {},brown,0.358154296875,True
textmeaning_brown_0001,/content/stroop_expanded_vlm/text_meaning_control/images/textmeaning_brown_0001.png,/content/stroop_expanded_vlm/text_meaning_control/masks/textmeaning_brown_0001_mask.png,text_meaning_control,english,brown,brown,black,white,color,the word says {},brown,0.359375,True
textmeaning_brown_0002,/content/stroop_expanded_vlm/text_meaning_control/images/textmeaning_brown_0002.png,/content/stroop_expanded_vlm/text_meaning_control/masks/textmeaning_brown_0002_mask.png,text_meaning_control,english,brown,brown,black,white,color,the word says {},brown,0.35546875,True
textmeaning_brown_0003,/content/stroop_expanded_vlm/text_meaning_control/images/textmeaning_brown_0003.png,/content/stroop_expanded_vlm/text_meaning_control/masks/textmeaning_brown_0003_mask.png,text_meaning_control,english,brown,brown,black,white,color,the word says {},brown,0.357666015625,True
textmeaning_brown_0004,/content/stroop_expanded_vlm/text_meaning_control/images/textmeaning_brown_0004.png,/content/stroop_expanded_vlm/text_meaning_control/masks/textmeaning_brown_0004_mask.png,text_meaning_control,english,brown,brown,black,white,color,the word says {},brown,0.357421875,True
textmeaning_brown_0005,/content/stroop_expanded_vlm/text_meaning_control/images/textmeaning_brown_0005.png,/content/stroop_expanded_vlm/text_meaning_control/masks/textmeaning_brown_0005_mask.png,text_meaning_control,english,brown,brown,black,white,color,the word says {},brown,0.350830078125,True
textmeaning_brown_0006,/content/stroop_expanded_vlm/text_meaning_control/images/textmeaning_brown_0006.png,/content/stroop_expanded_vlm/text_meaning_control/masks/textmeaning_brown_0006_mask.png,text_meaning_control,english,brown,brown,black,white,color,the word says {},brown,0.35107421875,True
textmeaning_brown_0007,/content/stroop_expanded_vlm/text_meaning_control/images/textmeaning_brown_0007.png,/content/stroop_expanded_vlm/text_meaning_control/masks/textmeaning_brown_0007_mask.png,text_meaning_control,english,brown,brown,black,white,color,the word says {},brown,0.36083984375,True
textmeaning_brown_0008,/content/stroop_expanded_vlm/text_meaning_control/images/textmeaning_brown_0008.png,/content/stroop_expanded_vlm/text_meaning_control/masks/textmeaning_brown_0008_mask.png,text_meaning_control,english,brown,brown,black,white,color,the word says {},brown,0.3583984375,True
textmeaning_brown_0009,/content/stroop_expanded_vlm/text_meaning_control/images/textmeaning_brown_0009.png,/content/stroop_expanded_vlm/text_meaning_control/masks/textmeaning_brown_0009_mask.png,text_meaning_control,english,brown,brown,black,white,color,the word says {},brown,0.358154296875,True
textmeaning_brown_0010,/content/stroop_expanded_vlm/text_meaning_control/images/textmeaning_brown_0010.png,/content/stroop_expanded_vlm/text_meaning_control/masks/textmeaning_brown_0010_mask.png,text_meaning_control,english,brown,brown,black,white,color,the word says {},brown,0.360595703125,True
textmeaning_brown_0011,/content/stroop_expanded_vlm/text_meaning_control/images/textmeaning_brown_0011.png,/content/stroop_expanded_vlm/text_meaning_control/masks/textmeaning_brown_0011_mask.png,text_meaning_control,english,brown,brown,black,white,color,the word says {},brown,0.362548828125,True
textmeaning_brown_0012,/content/stroop_expanded_vlm/text_meaning_control/images/textmeaning_brown_0012.png,/content/stroop_expanded_vlm/text_meaning_control/masks/textmeaning_brown_0012_mask.png,text_meaning_control,english,brown,brown,black,white,color,the word says {},brown,0.3642578125,True
textmeaning_brown_0013,/content/stroop_expanded_vlm/text_meaning_control/images/textmeaning_brown_0013.png,/content/stroop_expanded_vlm/text_meaning_control/masks/textmeaning_brown_0013_mask.png,text_meaning_control,english,brown,brown,black,white,color,the word says {},brown,0.370361328125,True
textmeaning_brown_0014,/content/stroop_expanded_vlm/text_meaning_control/images/textmeaning_brown_0014.png,/content/stroop_expanded_vlm/text_meaning_control/masks/textmeaning_brown_0014_mask.png,text_meaning_control,english,brown,brown,black,white,color,the word says {},brown,0.356201171875,True
textmeaning_brown_0015,/content/stroop_expanded_vlm/text_meaning_control/images/textmeaning_brown_0015.png,/content/stroop_expanded_vlm/text_meaning_control/masks/textmeaning_brown_0015_mask.png,text_meaning_control,english,brown,brown,black,white,color,the word says {},brown,0.3564453125,True
textmeaning_brown_0016,/content/stroop_expanded_vlm/text_meaning_control/images/textmeaning_brown_0016.png,/content/stroop_expanded_vlm/text_meaning_control/masks/textmeaning_brown_0016_mask.png,text_meaning_control,english,brown,brown,black,white,color,the word says {},brown,0.357666015625,True
textmeaning_brown_0017,/content/stroop_expanded_vlm/text_meaning_control/images/textmeaning_brown_0017.png,/content/stroop_expanded_vlm/text_meaning_control/masks/textmeaning_brown_0017_mask.png,text_meaning_control,english,brown,brown,black,white,color,the word says {},brown,0.357177734375,True
textmeaning_brown_0018,/content/stroop_expanded_vlm/text_meaning_control/images/textmeaning_brown_0018.png,/content/stroop_expanded_vlm/text_meaning_control/masks/textmeaning_brown_0018_mask.png,text_meaning_control,english,brown,brown,black,white,color,the word says {},brown,0.363525390625,True
textmeaning_brown_0019,/content/stroop_expanded_vlm/text_meaning_control/images/textmeaning_brown_0019.png,/content/stroop_expanded_vlm/text_meaning_control/masks/textmeaning_brown_0019_mask.png,text_meaning_control,english,brown,brown,black,white,color,the word says {},brown,0.357421875,True
textmeaning_brown_0020,/content/stroop_expanded_vlm/text_meaning_control/images/textmeaning_brown_0020.png,/content/stroop_expanded_vlm/text_meaning_control/masks/textmeaning_brown_0020_mask.png,text_meaning_control,english,brown,brown,black,white,color,the word says {},brown,0.36376953125,True
textmeaning_brown_0021,/content/stroop_expanded_vlm/text_meaning_control/images/textmeaning_brown_0021.png,/content/stroop_expanded_vlm/text_meaning_control/masks/textmeaning_brown_0021_mask.png,text_meaning_control,english,brown,brown,black,white,color,the word says {},brown,0.3603515625,True
textmeaning_brown_0022,/content/stroop_expanded_vlm/text_meaning_control/images/textmeaning_brown_0022.png,/content/stroop_expanded_vlm/text_meaning_control/masks/textmeaning_brown_0022_mask.png,text_meaning_control,english,brown,brown,black,white,color,the word says {},brown,0.37109375,True
textmeaning_brown_0023,/content/stroop_expanded_vlm/text_meaning_control/images/textmeaning_brown_0023.png,/content/stroop_expanded_vlm/text_meaning_control/masks/textmeaning_brown_0023_mask.png,text_meaning_control,english,brown,brown,black,white,color,the word says {},brown,0.353759765625,True
textmeaning_brown_0024,/content/stroop_expanded_vlm/text_meaning_control/images/textmeaning_brown_0024.png,/content/stroop_expanded_vlm/text_meaning_control/masks/textmeaning_brown_0024_mask.png,text_meaning_control,english,brown,brown,black,white,color,the word says {},brown,0.358642578125,True
textmeaning_brown_0025,/content/stroop_expanded_vlm/text_meaning_control/images/textmeaning_brown_0025.png,/content/stroop_expanded_vlm/text_meaning_control/masks/textmeaning_brown_0025_mask.png,text_meaning_control,english,brown,brown,black,white,color,the word says {},brown,0.3544921875,True
textmeaning_brown_0026,/content/stroop_expanded_vlm/text_meaning_control/images/textmeaning_brown_0026.png,/content/stroop_expanded_vlm/text_meaning_control/masks/textmeaning_brown_0026_mask.png,text_meaning_control,english,brown,brown,black,white,color,the word says {},brown,0.365234375,True
textmeaning_brown_0027,/content/stroop_expanded_vlm/text_meaning_control/images/textmeaning_brown_0027.png,/content/stroop_expanded_vlm/text_meaning_control/masks/textmeaning_brown_0027_mask.png,text_meaning_control,english,brown,brown,black,white,color,the word says {},brown,0.356201171875,True
textmeaning_brown_0028,/content/stroop_expanded_vlm/text_meaning_control/images/textmeaning_brown_0028.png,/content/stroop_expanded_vlm/text_meaning_control/masks/textmeaning_brown_0028_mask.png,text_meaning_control,english,brown,brown,black,white,color,the word says {},brown,0.368896484375,True
textmeaning_brown_0029,/content/stroop_expanded_vlm/text_meaning_control/images/textmeaning_brown_0029.png,/content/stroop_expanded_vlm/text_meaning_control/masks/textmeaning_brown_0029_mask.png,text_meaning_control,english,brown,brown,black,white,color,the word says {},brown,0.35888671875,True
textmeaning_brown_0030,/content/stroop_expanded_vlm/text_meaning_control/images/textmeaning_brown_0030.png,/content/stroop_expanded_vlm/text_meaning_control/masks/textmeaning_brown_0030_mask.png,text_meaning_control,english,brown,brown,black,white,color,the word says {},brown,0.350830078125,True
textmeaning_brown_0031,/content/stroop_expanded_vlm/text_meaning_control/images/textmeaning_brown_0031.png,/content/stroop_expanded_vlm/text_meaning_control/masks/textmeaning_brown_0031_mask.png,text_meaning_control,english,brown,brown,black,white,color,the word says {},brown,0.362060546875,True
textmeaning_brown_0032,/content/stroop_expanded_vlm/text_meaning_control/images/textmeaning_brown_0032.png,/content/stroop_expanded_vlm/text_meaning_control/masks/textmeaning_brown_0032_mask.png,text_meaning_control,english,brown,brown,black,white,color,the word says {},brown,0.365478515625,True
textmeaning_brown_0033,/content/stroop_expanded_vlm/text_meaning_control/images/textmeaning_brown_0033.png,/content/stroop_expanded_vlm/text_meaning_control/masks/textmeaning_brown_0033_mask.png,text_meaning_control,english,brown,brown,black,white,color,the word says {},brown,0.364013671875,True
textmeaning_brown_0034,/content/stroop_expanded_vlm/text_meaning_control/images/textmeaning_brown_0034.png,/content/stroop_expanded_vlm/text_meaning_control/masks/textmeaning_brown_0034_mask.png,text_meaning_control,english,brown,brown,black,white,color,the word says {},brown,0.35791015625,True
textmeaning_brown_0035,/content/stroop_expanded_vlm/text_meaning_control/images/textmeaning_brown_0035.png,/content/stroop_expanded_vlm/text_meaning_control/masks/textmeaning_brown_0035_mask.png,text_meaning_control,english,brown,brown,black,white,color,the word says {},brown,0.354248046875,True
textmeaning_brown_0036,/content/stroop_expanded_vlm/text_meaning_control/images/textmeaning_brown_0036.png,/content/stroop_expanded_vlm/text_meaning_control/masks/textmeaning_brown_0036_mask.png,text_meaning_control,english,brown,brown,black,white,color,the word says {},brown,0.3564453125,True
textmeaning_brown_0037,/content/stroop_expanded_vlm/text_meaning_control/images/textmeaning_brown_0037.png,/content/stroop_expanded_vlm/text_meaning_control/masks/textmeaning_brown_0037_mask.png,text_meaning_control,english,brown,brown,black,white,color,the word says {},brown,0.344970703125,True
textmeaning_brown_0038,/content/stroop_expanded_vlm/text_meaning_control/images/textmeaning_brown_0038.png,/content/stroop_expanded_vlm/text_meaning_control/masks/textmeaning_brown_0038_mask.png,text_meaning_control,english,brown,brown,black,white,color,the word says {},brown,0.362060546875,True
textmeaning_brown_0039,/content/stroop_expanded_vlm/text_meaning_control/images/textmeaning_brown_0039.png,/content/stroop_expanded_vlm/text_meaning_control/masks/textmeaning_brown_0039_mask.png,text_meaning_control,english,brown,brown,black,white,color,the word says {},brown,0.3701171875,True
textmeaning_brown_0040,/content/stroop_expanded_vlm/text_meaning_control/images/textmeaning_brown_0040.png,/content/stroop_expanded_vlm/text_meaning_control/masks/textmeaning_brown_0040_mask.png,text_meaning_control,english,brown,brown,black,white,color,the word says {},brown,0.359130859375,True
textmeaning_brown_0041,/content/stroop_expanded_vlm/text_meaning_control/images/textmeaning_brown_0041.png,/content/stroop_expanded_vlm/text_meaning_control/masks/textmeaning_brown_0041_mask.png,text_meaning_control,english,brown,brown,black,white,color,the word says {},brown,0.348388671875,True
textmeaning_brown_0042,/content/stroop_expanded_vlm/text_meaning_control/images/textmeaning_brown_0042.png,/content/stroop_expanded_vlm/text_meaning_control/masks/textmeaning_brown_0042_mask.png,text_meaning_control,english,brown,brown,black,white,color,the word says {},brown,0.352783203125,True
textmeaning_brown_0043,/content/stroop_expanded_vlm/text_meaning_control/images/textmeaning_brown_0043.png,/content/stroop_expanded_vlm/text_meaning_control/masks/textmeaning_brown_0043_mask.png,text_meaning_control,english,brown,brown,black,white,color,the word says {},brown,0.360107421875,True
textmeaning_brown_0044,/content/stroop_expanded_vlm/text_meaning_control/images/textmeaning_brown_0044.png,/content/stroop_expanded_vlm/text_meaning_control/masks/textmeaning_brown_0044_mask.png,text_meaning_control,english,brown,brown,black,white,color,the word says {},brown,0.354736328125,True
textmeaning_brown_0045,/content/stroop_expanded_vlm/text_meaning_control/images/textmeaning_brown_0045.png,/content/stroop_expanded_vlm/text_meaning_control/masks/textmeaning_brown_0045_mask.png,text_meaning_control,english,brown,brown,black,white,color,the word says {},brown,0.362060546875,True
textmeaning_brown_0046,/content/stroop_expanded_vlm/text_meaning_control/images/textmeaning_brown_0046.png,/content/stroop_expanded_vlm/text_meaning_control/masks/textmeaning_brown_0046_mask.png,text_meaning_control,english,brown,brown,black,white,color,the word says {},brown,0.366943359375,True
textmeaning_brown_0047,/content/stroop_expanded_vlm/text_meaning_control/images/textmeaning_brown_0047.png,/content/stroop_expanded_vlm/text_meaning_control/masks/textmeaning_brown_0047_mask.png,text_meaning_control,english,brown,brown,black,white,color,the word says {},brown,0.35888671875,True
textmeaning_brown_0048,/content/stroop_expanded_vlm/text_meaning_control/images/textmeaning_brown_0048.png,/content/stroop_expanded_vlm/text_meaning_control/masks/textmeaning_brown_0048_mask.png,text_meaning_control,english,brown,brown,black,white,color,the word says {},brown,0.358642578125,True
textmeaning_brown_0049,/content/stroop_expanded_vlm/text_meaning_control/images/textmeaning_brown_0049.png,/content/stroop_expanded_vlm/text_meaning_control/masks/textmeaning_brown_0049_mask.png,text_meaning_control,english,brown,brown,black,white,color,the word says {},brown,0.3701171875,True
textmeaning_brown_0050,/content/stroop_expanded_vlm/text_meaning_control/images/textmeaning_brown_0050.png,/content/stroop_expanded_vlm/text_meaning_control/masks/textmeaning_brown_0050_mask.png,text_meaning_control,english,brown,brown,black,white,color,the word says {},brown,0.354736328125,True
textmeaning_brown_0051,/content/stroop_expanded_vlm/text_meaning_control/images/textmeaning_brown_0051.png,/content/stroop_expanded_vlm/text_meaning_control/masks/textmeaning_brown_0051_mask.png,text_meaning_control,english,brown,brown,black,white,color,the word says {},brown,0.36083984375,True
textmeaning_brown_0052,/content/stroop_expanded_vlm/text_meaning_control/images/textmeaning_brown_0052.png,/content/stroop_expanded_vlm/text_meaning_control/masks/textmeaning_brown_0052_mask.png,text_meaning_control,english,brown,brown,black,white,color,the word says {},brown,0.357421875,True
textmeaning_brown_0053,/content/stroop_expanded_vlm/text_meaning_control/images/textmeaning_brown_0053.png,/content/stroop_expanded_vlm/text_meaning_control/masks/textmeaning_brown_0053_mask.png,text_meaning_control,english,brown,brown,black,white,color,the word says {},brown,0.36865234375,True
textmeaning_brown_0054,/content/stroop_expanded_vlm/text_meaning_control/images/textmeaning_brown_0054.png,/content/stroop_expanded_vlm/text_meaning_control/masks/textmeaning_brown_0054_mask.png,text_meaning_control,english,brown,brown,black,white,color,the word says {},brown,0.35791015625,True
textmeaning_brown_0055,/content/stroop_expanded_vlm/text_meaning_control/images/textmeaning_brown_0055.png,/content/stroop_expanded_vlm/text_meaning_control/masks/textmeaning_brown_0055_mask.png,text_meaning_control,english,brown,brown,black,white,color,the word says {},brown,0.35791015625,True
textmeaning_brown_0056,/content/stroop_expanded_vlm/text_meaning_control/images/textmeaning_brown_0056.png,/content/stroop_expanded_vlm/text_meaning_control/masks/textmeaning_brown_0056_mask.png,text_meaning_control,english,brown,brown,black,white,color,the word says {},brown,0.35791015625,True
textmeaning_brown_0057,/content/stroop_expanded_vlm/text_meaning_control/images/textmeaning_brown_0057.png,/content/stroop_expanded_vlm/text_meaning_control/masks/textmeaning_brown_0057_mask.png,text_meaning_control,english,brown,brown,black,white,color,the word says {},brown,0.359619140625,True
textmeaning_brown_0058,/content/stroop_expanded_vlm/text_meaning_control/images/textmeaning_brown_0058.png,/content/stroop_expanded_vlm/text_meaning_control/masks/textmeaning_brown_0058_mask.png,text_meaning_control,english,brown,brown,black,white,color,the word says {},brown,0.357666015625,True
textmeaning_brown_0059,/content/stroop_expanded_vlm/text_meaning_control/images/textmeaning_brown_0059.png,/content/stroop_expanded_vlm/text_meaning_control/masks/textmeaning_brown_0059_mask.png,text_meaning_control,english,brown,brown,black,white,color,the word says {},brown,0.362060546875,True
textmeaning_brown_0060,/content/stroop_expanded_vlm/text_meaning_control/images/textmeaning_brown_0060.png,/content/stroop_expanded_vlm/text_meaning_control/masks/textmeaning_brown_0060_mask.png,text_meaning_control,english,brown,brown,black,white,color,the word says {},brown,0.365478515625,True
textmeaning_brown_0061,/content/stroop_expanded_vlm/text_meaning_control/images/textmeaning_brown_0061.png,/content/stroop_expanded_vlm/text_meaning_control/masks/textmeaning_brown_0061_mask.png,text_meaning_control,english,brown,brown,black,white,color,the word says {},brown,0.361083984375,True
textmeaning_brown_0062,/content/stroop_expanded_vlm/text_meaning_control/images/textmeaning_brown_0062.png,/content/stroop_expanded_vlm/text_meaning_control/masks/textmeaning_brown_0062_mask.png,text_meaning_control,english,brown,brown,black,white,color,the word says {},brown,0.35009765625,True
textmeaning_brown_0063,/content/stroop_expanded_vlm/text_meaning_control/images/textmeaning_brown_0063.png,/content/stroop_expanded_vlm/text_meaning_control/masks/textmeaning_brown_0063_mask.png,text_meaning_control,english,brown,brown,black,white,color,the word says {},brown,0.353515625,True
textmeaning_brown_0064,/content/stroop_expanded_vlm/text_meaning_control/images/textmeaning_brown_0064.png,/content/stroop_expanded_vlm/text_meaning_control/masks/textmeaning_brown_0064_mask.png,text_meaning_control,english,brown,brown,black,white,color,the word says {},brown,0.35791015625,True
textmeaning_brown_0065,/content/stroop_expanded_vlm/text_meaning_control/images/textmeaning_brown_0065.png,/content/stroop_expanded_vlm/text_meaning_control/masks/textmeaning_brown_0065_mask.png,text_meaning_control,english,brown,brown,black,white,color,the word says {},brown,0.362548828125,True
textmeaning_brown_0066,/content/stroop_expanded_vlm/text_meaning_control/images/textmeaning_brown_0066.png,/content/stroop_expanded_vlm/text_meaning_control/masks/textmeaning_brown_0066_mask.png,text_meaning_control,english,brown,brown,black,white,color,the word says {},brown,0.373291015625,True
textmeaning_brown_0067,/content/stroop_expanded_vlm/text_meaning_control/images/textmeaning_brown_0067.png,/content/stroop_expanded_vlm/text_meaning_control/masks/textmeaning_brown_0067_mask.png,text_meaning_control,english,brown,brown,black,white,color,the word says {},brown,0.3515625,True
textmeaning_brown_0068,/content/stroop_expanded_vlm/text_meaning_control/images/textmeaning_brown_0068.png,/content/stroop_expanded_vlm/text_meaning_control/masks/textmeaning_brown_0068_mask.png,text_meaning_control,english,brown,brown,black,white,color,the word says {},brown,0.362548828125,True
textmeaning_brown_0069,/content/stroop_expanded_vlm/text_meaning_control/images/textmeaning_brown_0069.png,/content/stroop_expanded_vlm/text_meaning_control/masks/textmeaning_brown_0069_mask.png,text_meaning_control,english,brown,brown,black,white,color,the word says {},brown,0.364501953125,True
textmeaning_brown_0070,/content/stroop_expanded_vlm/text_meaning_control/images/textmeaning_brown_0070.png,/content/stroop_expanded_vlm/text_meaning_control/masks/textmeaning_brown_0070_mask.png,text_meaning_control,english,brown,brown,black,white,color,the word says {},brown,0.36474609375,True
textmeaning_brown_0071,/content/stroop_expanded_vlm/text_meaning_control/images/textmeaning_brown_0071.png,/content/stroop_expanded_vlm/text_meaning_control/masks/textmeaning_brown_0071_mask.png,text_meaning_control,english,brown,brown,black,white,color,the word says {},brown,0.363525390625,True
textmeaning_brown_0072,/content/stroop_expanded_vlm/text_meaning_control/images/textmeaning_brown_0072.png,/content/stroop_expanded_vlm/text_meaning_control/masks/textmeaning_brown_0072_mask.png,text_meaning_control,english,brown,brown,black,white,color,the word says {},brown,0.3642578125,True
textmeaning_brown_0073,/content/stroop_expanded_vlm/text_meaning_control/images/textmeaning_brown_0073.png,/content/stroop_expanded_vlm/text_meaning_control/masks/textmeaning_brown_0073_mask.png,text_meaning_control,english,brown,brown,black,white,color,the word says {},brown,0.361572265625,True
textmeaning_brown_0074,/content/stroop_expanded_vlm/text_meaning_control/images/textmeaning_brown_0074.png,/content/stroop_expanded_vlm/text_meaning_control/masks/textmeaning_brown_0074_mask.png,text_meaning_control,english,brown,brown,black,white,color,the word says {},brown,0.35302734375,True
textmeaning_brown_0075,/content/stroop_expanded_vlm/text_meaning_control/images/textmeaning_brown_0075.png,/content/stroop_expanded_vlm/text_meaning_control/masks/textmeaning_brown_0075_mask.png,text_meaning_control,english,brown,brown,black,white,color,the word says {},brown,0.357666015625,True
textmeaning_brown_0076,/content/stroop_expanded_vlm/text_meaning_control/images/textmeaning_brown_0076.png,/content/stroop_expanded_vlm/text_meaning_control/masks/textmeaning_brown_0076_mask.png,text_meaning_control,english,brown,brown,black,white,color,the word says {},brown,0.35791015625,True
textmeaning_brown_0077,/content/stroop_expanded_vlm/text_meaning_control/images/textmeaning_brown_0077.png,/content/stroop_expanded_vlm/text_meaning_control/masks/textmeaning_brown_0077_mask.png,text_meaning_control,english,brown,brown,black,white,color,the word says {},brown,0.356689453125,True
textmeaning_brown_0078,/content/stroop_expanded_vlm/text_meaning_control/images/textmeaning_brown_0078.png,/content/stroop_expanded_vlm/text_meaning_control/masks/textmeaning_brown_0078_mask.png,text_meaning_control,english,brown,brown,black,white,color,the word says {},brown,0.365478515625,True
textmeaning_brown_0079,/content/stroop_expanded_vlm/text_meaning_control/images/textmeaning_brown_0079.png,/content/stroop_expanded_vlm/text_meaning_control/masks/textmeaning_brown_0079_mask.png,text_meaning_control,english,brown,brown,black,white,color,the word says {},brown,0.3466796875,True
textmeaning_brown_0080,/content/stroop_expanded_vlm/text_meaning_control/images/textmeaning_brown_0080.png,/content/stroop_expanded_vlm/text_meaning_control/masks/textmeaning_brown_0080_mask.png,text_meaning_control,english,brown,brown,black,white,color,the word says {},brown,0.3603515625,True
textmeaning_brown_0081,/content/stroop_expanded_vlm/text_meaning_control/images/textmeaning_brown_0081.png,/content/stroop_expanded_vlm/text_meaning_control/masks/textmeaning_brown_0081_mask.png,text_meaning_control,english,brown,brown,black,white,color,the word says {},brown,0.36328125,True
textmeaning_brown_0082,/content/stroop_expanded_vlm/text_meaning_control/images/textmeaning_brown_0082.png,/content/stroop_expanded_vlm/text_meaning_control/masks/textmeaning_brown_0082_mask.png,text_meaning_control,english,brown,brown,black,white,color,the word says {},brown,0.3623046875,True
textmeaning_brown_0083,/content/stroop_expanded_vlm/text_meaning_control/images/textmeaning_brown_0083.png,/content/stroop_expanded_vlm/text_meaning_control/masks/textmeaning_brown_0083_mask.png,text_meaning_control,english,brown,brown,black,white,color,the word says {},brown,0.363037109375,True
textmeaning_brown_0084,/content/stroop_expanded_vlm/text_meaning_control/images/textmeaning_brown_0084.png,/content/stroop_expanded_vlm/text_meaning_control/masks/textmeaning_brown_0084_mask.png,text_meaning_control,english,brown,brown,black,white,color,the word says {},brown,0.361328125,True
textmeaning_brown_0085,/content/stroop_expanded_vlm/text_meaning_control/images/textmeaning_brown_0085.png,/content/stroop_expanded_vlm/text_meaning_control/masks/textmeaning_brown_0085_mask.png,text_meaning_control,english,brown,brown,black,white,color,the word says {},brown,0.354248046875,True
textmeaning_brown_0086,/content/stroop_expanded_vlm/text_meaning_control/images/textmeaning_brown_0086.png,/content/stroop_expanded_vlm/text_meaning_control/masks/textmeaning_brown_0086_mask.png,text_meaning_control,english,brown,brown,black,white,color,the word says {},brown,0.35546875,True
textmeaning_brown_0087,/content/stroop_expanded_vlm/text_meaning_control/images/textmeaning_brown_0087.png,/content/stroop_expanded_vlm/text_meaning_control/masks/textmeaning_brown_0087_mask.png,text_meaning_control,english,brown,brown,black,white,color,the word says {},brown,0.361328125,True
textmeaning_brown_0088,/content/stroop_expanded_vlm/text_meaning_control/images/textmeaning_brown_0088.png,/content/stroop_expanded_vlm/text_meaning_control/masks/textmeaning_brown_0088_mask.png,text_meaning_control,english,brown,brown,black,white,color,the word says {},brown,0.3544921875,True
textmeaning_brown_0089,/content/stroop_expanded_vlm/text_meaning_control/images/textmeaning_brown_0089.png,/content/stroop_expanded_vlm/text_meaning_control/masks/textmeaning_brown_0089_mask.png,text_meaning_control,english,brown,brown,black,white,color,the word says {},brown,0.346923828125,True
textmeaning_brown_0090,/content/stroop_expanded_vlm/text_meaning_control/images/textmeaning_brown_0090.png,/content/stroop_expanded_vlm/text_meaning_control/masks/textmeaning_brown_0090_mask.png,text_meaning_control,english,brown,brown,black,white,color,the word says {},brown,0.360107421875,True
textmeaning_brown_0091,/content/stroop_expanded_vlm/text_meaning_control/images/textmeaning_brown_0091.png,/content/stroop_expanded_vlm/text_meaning_control/masks/textmeaning_brown_0091_mask.png,text_meaning_control,english,brown,brown,black,white,color,the word says {},brown,0.365478515625,True
textmeaning_brown_0092,/content/stroop_expanded_vlm/text_meaning_control/images/textmeaning_brown_0092.png,/content/stroop_expanded_vlm/text_meaning_control/masks/textmeaning_brown_0092_mask.png,text_meaning_control,english,brown,brown,black,white,color,the word says {},brown,0.35498046875,True
textmeaning_brown_0093,/content/stroop_expanded_vlm/text_meaning_control/images/textmeaning_brown_0093.png,/content/stroop_expanded_vlm/text_meaning_control/masks/textmeaning_brown_0093_mask.png,text_meaning_control,english,brown,brown,black,white,color,the word says {},brown,0.37060546875,True
textmeaning_brown_0094,/content/stroop_expanded_vlm/text_meaning_control/images/textmeaning_brown_0094.png,/content/stroop_expanded_vlm/text_meaning_control/masks/textmeaning_brown_0094_mask.png,text_meaning_control,english,brown,brown,black,white,color,the word says {},brown,0.363037109375,True
textmeaning_brown_0095,/content/stroop_expanded_vlm/text_meaning_control/images/textmeaning_brown_0095.png,/content/stroop_expanded_vlm/text_meaning_control/masks/textmeaning_brown_0095_mask.png,text_meaning_control,english,brown,brown,black,white,color,the word says {},brown,0.363037109375,True
textmeaning_brown_0096,/content/stroop_expanded_vlm/text_meaning_control/images/textmeaning_brown_0096.png,/content/stroop_expanded_vlm/text_meaning_control/masks/textmeaning_brown_0096_mask.png,text_meaning_control,english,brown,brown,black,white,color,the word says {},brown,0.37255859375,True
textmeaning_brown_0097,/content/stroop_expanded_vlm/text_meaning_control/images/textmeaning_brown_0097.png,/content/stroop_expanded_vlm/text_meaning_control/masks/textmeaning_brown_0097_mask.png,text_meaning_control,english,brown,brown,black,white,color,the word says {},brown,0.35986328125,True
textmeaning_brown_0098,/content/stroop_expanded_vlm/text_meaning_control/images/textmeaning_brown_0098.png,/content/stroop_expanded_vlm/text_meaning_control/masks/textmeaning_brown_0098_mask.png,text_meaning_control,english,brown,brown,black,white,color,the word says {},brown,0.3662109375,True
textmeaning_brown_0099,/content/stroop_expanded_vlm/text_meaning_control/images/textmeaning_brown_0099.png,/content/stroop_expanded_vlm/text_meaning_control/masks/textmeaning_brown_0099_mask.png,text_meaning_control,english,brown,brown,black,white,color,the word says {},brown,0.351318359375,True
textmeaning_gray_0000,/content/stroop_expanded_vlm/text_meaning_control/images/textmeaning_gray_0000.png,/content/stroop_expanded_vlm/text_meaning_control/masks/textmeaning_gray_0000_mask.png,text_meaning_control,english,gray,gray,black,white,color,the word says {},gray,0.370849609375,True
textmeaning_gray_0001,/content/stroop_expanded_vlm/text_meaning_control/images/textmeaning_gray_0001.png,/content/stroop_expanded_vlm/text_meaning_control/masks/textmeaning_gray_0001_mask.png,text_meaning_control,english,gray,gray,black,white,color,the word says {},gray,0.376708984375,True
textmeaning_gray_0002,/content/stroop_expanded_vlm/text_meaning_control/images/textmeaning_gray_0002.png,/content/stroop_expanded_vlm/text_meaning_control/masks/textmeaning_gray_0002_mask.png,text_meaning_control,english,gray,gray,black,white,color,the word says {},gray,0.3720703125,True
textmeaning_gray_0003,/content/stroop_expanded_vlm/text_meaning_control/images/textmeaning_gray_0003.png,/content/stroop_expanded_vlm/text_meaning_control/masks/textmeaning_gray_0003_mask.png,text_meaning_control,english,gray,gray,black,white,color,the word says {},gray,0.37158203125,True
textmeaning_gray_0004,/content/stroop_expanded_vlm/text_meaning_control/images/textmeaning_gray_0004.png,/content/stroop_expanded_vlm/text_meaning_control/masks/textmeaning_gray_0004_mask.png,text_meaning_control,english,gray,gray,black,white,color,the word says {},gray,0.3740234375,True
textmeaning_gray_0005,/content/stroop_expanded_vlm/text_meaning_control/images/textmeaning_gray_0005.png,/content/stroop_expanded_vlm/text_meaning_control/masks/textmeaning_gray_0005_mask.png,text_meaning_control,english,gray,gray,black,white,color,the word says {},gray,0.36328125,True
textmeaning_gray_0006,/content/stroop_expanded_vlm/text_meaning_control/images/textmeaning_gray_0006.png,/content/stroop_expanded_vlm/text_meaning_control/masks/textmeaning_gray_0006_mask.png,text_meaning_control,english,gray,gray,black,white,color,the word says {},gray,0.36474609375,True
textmeaning_gray_0007,/content/stroop_expanded_vlm/text_meaning_control/images/textmeaning_gray_0007.png,/content/stroop_expanded_vlm/text_meaning_control/masks/textmeaning_gray_0007_mask.png,text_meaning_control,english,gray,gray,black,white,color,the word says {},gray,0.37060546875,True
textmeaning_gray_0008,/content/stroop_expanded_vlm/text_meaning_control/images/textmeaning_gray_0008.png,/content/stroop_expanded_vlm/text_meaning_control/masks/textmeaning_gray_0008_mask.png,text_meaning_control,english,gray,gray,black,white,color,the word says {},gray,0.369384765625,True
textmeaning_gray_0009,/content/stroop_expanded_vlm/text_meaning_control/images/textmeaning_gray_0009.png,/content/stroop_expanded_vlm/text_meaning_control/masks/textmeaning_gray_0009_mask.png,text_meaning_control,english,gray,gray,black,white,color,the word says {},gray,0.37158203125,True
textmeaning_gray_0010,/content/stroop_expanded_vlm/text_meaning_control/images/textmeaning_gray_0010.png,/content/stroop_expanded_vlm/text_meaning_control/masks/textmeaning_gray_0010_mask.png,text_meaning_control,english,gray,gray,black,white,color,the word says {},gray,0.37109375,True
textmeaning_gray_0011,/content/stroop_expanded_vlm/text_meaning_control/images/textmeaning_gray_0011.png,/content/stroop_expanded_vlm/text_meaning_control/masks/textmeaning_gray_0011_mask.png,text_meaning_control,english,gray,gray,black,white,color,the word says {},gray,0.377197265625,True
textmeaning_gray_0012,/content/stroop_expanded_vlm/text_meaning_control/images/textmeaning_gray_0012.png,/content/stroop_expanded_vlm/text_meaning_control/masks/textmeaning_gray_0012_mask.png,text_meaning_control,english,gray,gray,black,white,color,the word says {},gray,0.37548828125,True
textmeaning_gray_0013,/content/stroop_expanded_vlm/text_meaning_control/images/textmeaning_gray_0013.png,/content/stroop_expanded_vlm/text_meaning_control/masks/textmeaning_gray_0013_mask.png,text_meaning_control,english,gray,gray,black,white,color,the word says {},gray,0.376220703125,True
textmeaning_gray_0014,/content/stroop_expanded_vlm/text_meaning_control/images/textmeaning_gray_0014.png,/content/stroop_expanded_vlm/text_meaning_control/masks/textmeaning_gray_0014_mask.png,text_meaning_control,english,gray,gray,black,white,color,the word says {},gray,0.37109375,True
textmeaning_gray_0015,/content/stroop_expanded_vlm/text_meaning_control/images/textmeaning_gray_0015.png,/content/stroop_expanded_vlm/text_meaning_control/masks/textmeaning_gray_0015_mask.png,text_meaning_control,english,gray,gray,black,white,color,the word says {},gray,0.36767578125,True
textmeaning_gray_0016,/content/stroop_expanded_vlm/text_meaning_control/images/textmeaning_gray_0016.png,/content/stroop_expanded_vlm/text_meaning_control/masks/textmeaning_gray_0016_mask.png,text_meaning_control,english,gray,gray,black,white,color,the word says {},gray,0.3759765625,True
textmeaning_gray_0017,/content/stroop_expanded_vlm/text_meaning_control/images/textmeaning_gray_0017.png,/content/stroop_expanded_vlm/text_meaning_control/masks/textmeaning_gray_0017_mask.png,text_meaning_control,english,gray,gray,black,white,color,the word says {},gray,0.3720703125,True
textmeaning_gray_0018,/content/stroop_expanded_vlm/text_meaning_control/images/textmeaning_gray_0018.png,/content/stroop_expanded_vlm/text_meaning_control/masks/textmeaning_gray_0018_mask.png,text_meaning_control,english,gray,gray,black,white,color,the word says {},gray,0.37451171875,True
textmeaning_gray_0019,/content/stroop_expanded_vlm/text_meaning_control/images/textmeaning_gray_0019.png,/content/stroop_expanded_vlm/text_meaning_control/masks/textmeaning_gray_0019_mask.png,text_meaning_control,english,gray,gray,black,white,color,the word says {},gray,0.369873046875,True
textmeaning_gray_0020,/content/stroop_expanded_vlm/text_meaning_control/images/textmeaning_gray_0020.png,/content/stroop_expanded_vlm/text_meaning_control/masks/textmeaning_gray_0020_mask.png,text_meaning_control,english,gray,gray,black,white,color,the word says {},gray,0.371337890625,True
textmeaning_gray_0021,/content/stroop_expanded_vlm/text_meaning_control/images/textmeaning_gray_0021.png,/content/stroop_expanded_vlm/text_meaning_control/masks/textmeaning_gray_0021_mask.png,text_meaning_control,english,gray,gray,black,white,color,the word says {},gray,0.37109375,True
textmeaning_gray_0022,/content/stroop_expanded_vlm/text_meaning_control/images/textmeaning_gray_0022.png,/content/stroop_expanded_vlm/text_meaning_control/masks/textmeaning_gray_0022_mask.png,text_meaning_control,english,gray,gray,black,white,color,the word says {},gray,0.373779296875,True
textmeaning_gray_0023,/content/stroop_expanded_vlm/text_meaning_control/images/textmeaning_gray_0023.png,/content/stroop_expanded_vlm/text_meaning_control/masks/textmeaning_gray_0023_mask.png,text_meaning_control,english,gray,gray,black,white,color,the word says {},gray,0.37158203125,True
textmeaning_gray_0024,/content/stroop_expanded_vlm/text_meaning_control/images/textmeaning_gray_0024.png,/content/stroop_expanded_vlm/text_meaning_control/masks/textmeaning_gray_0024_mask.png,text_meaning_control,english,gray,gray,black,white,color,the word says {},gray,0.3740234375,True
textmeaning_gray_0025,/content/stroop_expanded_vlm/text_meaning_control/images/textmeaning_gray_0025.png,/content/stroop_expanded_vlm/text_meaning_control/masks/textmeaning_gray_0025_mask.png,text_meaning_control,english,gray,gray,black,white,color,the word says {},gray,0.36767578125,True
textmeaning_gray_0026,/content/stroop_expanded_vlm/text_meaning_control/images/textmeaning_gray_0026.png,/content/stroop_expanded_vlm/text_meaning_control/masks/textmeaning_gray_0026_mask.png,text_meaning_control,english,gray,gray,black,white,color,the word says {},gray,0.373291015625,True
textmeaning_gray_0027,/content/stroop_expanded_vlm/text_meaning_control/images/textmeaning_gray_0027.png,/content/stroop_expanded_vlm/text_meaning_control/masks/textmeaning_gray_0027_mask.png,text_meaning_control,english,gray,gray,black,white,color,the word says {},gray,0.369873046875,True
textmeaning_gray_0028,/content/stroop_expanded_vlm/text_meaning_control/images/textmeaning_gray_0028.png,/content/stroop_expanded_vlm/text_meaning_control/masks/textmeaning_gray_0028_mask.png,text_meaning_control,english,gray,gray,black,white,color,the word says {},gray,0.36962890625,True
textmeaning_gray_0029,/content/stroop_expanded_vlm/text_meaning_control/images/textmeaning_gray_0029.png,/content/stroop_expanded_vlm/text_meaning_control/masks/textmeaning_gray_0029_mask.png,text_meaning_control,english,gray,gray,black,white,color,the word says {},gray,0.37255859375,True
textmeaning_gray_0030,/content/stroop_expanded_vlm/text_meaning_control/images/textmeaning_gray_0030.png,/content/stroop_expanded_vlm/text_meaning_control/masks/textmeaning_gray_0030_mask.png,text_meaning_control,english,gray,gray,black,white,color,the word says {},gray,0.375,True
textmeaning_gray_0031,/content/stroop_expanded_vlm/text_meaning_control/images/textmeaning_gray_0031.png,/content/stroop_expanded_vlm/text_meaning_control/masks/textmeaning_gray_0031_mask.png,text_meaning_control,english,gray,gray,black,white,color,the word says {},gray,0.36669921875,True
textmeaning_gray_0032,/content/stroop_expanded_vlm/text_meaning_control/images/textmeaning_gray_0032.png,/content/stroop_expanded_vlm/text_meaning_control/masks/textmeaning_gray_0032_mask.png,text_meaning_control,english,gray,gray,black,white,color,the word says {},gray,0.373291015625,True
textmeaning_gray_0033,/content/stroop_expanded_vlm/text_meaning_control/images/textmeaning_gray_0033.png,/content/stroop_expanded_vlm/text_meaning_control/masks/textmeaning_gray_0033_mask.png,text_meaning_control,english,gray,gray,black,white,color,the word says {},gray,0.363037109375,True
textmeaning_gray_0034,/content/stroop_expanded_vlm/text_meaning_control/images/textmeaning_gray_0034.png,/content/stroop_expanded_vlm/text_meaning_control/masks/textmeaning_gray_0034_mask.png,text_meaning_control,english,gray,gray,black,white,color,the word says {},gray,0.361083984375,True
textmeaning_gray_0035,/content/stroop_expanded_vlm/text_meaning_control/images/textmeaning_gray_0035.png,/content/stroop_expanded_vlm/text_meaning_control/masks/textmeaning_gray_0035_mask.png,text_meaning_control,english,gray,gray,black,white,color,the word says {},gray,0.37158203125,True
textmeaning_gray_0036,/content/stroop_expanded_vlm/text_meaning_control/images/textmeaning_gray_0036.png,/content/stroop_expanded_vlm/text_meaning_control/masks/textmeaning_gray_0036_mask.png,text_meaning_control,english,gray,gray,black,white,color,the word says {},gray,0.36474609375,True
textmeaning_gray_0037,/content/stroop_expanded_vlm/text_meaning_control/images/textmeaning_gray_0037.png,/content/stroop_expanded_vlm/text_meaning_control/masks/textmeaning_gray_0037_mask.png,text_meaning_control,english,gray,gray,black,white,color,the word says {},gray,0.37060546875,True
textmeaning_gray_0038,/content/stroop_expanded_vlm/text_meaning_control/images/textmeaning_gray_0038.png,/content/stroop_expanded_vlm/text_meaning_control/masks/textmeaning_gray_0038_mask.png,text_meaning_control,english,gray,gray,black,white,color,the word says {},gray,0.37451171875,True
textmeaning_gray_0039,/content/stroop_expanded_vlm/text_meaning_control/images/textmeaning_gray_0039.png,/content/stroop_expanded_vlm/text_meaning_control/masks/textmeaning_gray_0039_mask.png,text_meaning_control,english,gray,gray,black,white,color,the word says {},gray,0.373779296875,True
textmeaning_gray_0040,/content/stroop_expanded_vlm/text_meaning_control/images/textmeaning_gray_0040.png,/content/stroop_expanded_vlm/text_meaning_control/masks/textmeaning_gray_0040_mask.png,text_meaning_control,english,gray,gray,black,white,color,the word says {},gray,0.3681640625,True
textmeaning_gray_0041,/content/stroop_expanded_vlm/text_meaning_control/images/textmeaning_gray_0041.png,/content/stroop_expanded_vlm/text_meaning_control/masks/textmeaning_gray_0041_mask.png,text_meaning_control,english,gray,gray,black,white,color,the word says {},gray,0.369873046875,True
textmeaning_gray_0042,/content/stroop_expanded_vlm/text_meaning_control/images/textmeaning_gray_0042.png,/content/stroop_expanded_vlm/text_meaning_control/masks/textmeaning_gray_0042_mask.png,text_meaning_control,english,gray,gray,black,white,color,the word says {},gray,0.36474609375,True
textmeaning_gray_0043,/content/stroop_expanded_vlm/text_meaning_control/images/textmeaning_gray_0043.png,/content/stroop_expanded_vlm/text_meaning_control/masks/textmeaning_gray_0043_mask.png,text_meaning_control,english,gray,gray,black,white,color,the word says {},gray,0.364013671875,True
textmeaning_gray_0044,/content/stroop_expanded_vlm/text_meaning_control/images/textmeaning_gray_0044.png,/content/stroop_expanded_vlm/text_meaning_control/masks/textmeaning_gray_0044_mask.png,text_meaning_control,english,gray,gray,black,white,color,the word says {},gray,0.3701171875,True
textmeaning_gray_0045,/content/stroop_expanded_vlm/text_meaning_control/images/textmeaning_gray_0045.png,/content/stroop_expanded_vlm/text_meaning_control/masks/textmeaning_gray_0045_mask.png,text_meaning_control,english,gray,gray,black,white,color,the word says {},gray,0.370361328125,True
textmeaning_gray_0046,/content/stroop_expanded_vlm/text_meaning_control/images/textmeaning_gray_0046.png,/content/stroop_expanded_vlm/text_meaning_control/masks/textmeaning_gray_0046_mask.png,text_meaning_control,english,gray,gray,black,white,color,the word says {},gray,0.360595703125,True
textmeaning_gray_0047,/content/stroop_expanded_vlm/text_meaning_control/images/textmeaning_gray_0047.png,/content/stroop_expanded_vlm/text_meaning_control/masks/textmeaning_gray_0047_mask.png,text_meaning_control,english,gray,gray,black,white,color,the word says {},gray,0.36474609375,True
textmeaning_gray_0048,/content/stroop_expanded_vlm/text_meaning_control/images/textmeaning_gray_0048.png,/content/stroop_expanded_vlm/text_meaning_control/masks/textmeaning_gray_0048_mask.png,text_meaning_control,english,gray,gray,black,white,color,the word says {},gray,0.365966796875,True
textmeaning_gray_0049,/content/stroop_expanded_vlm/text_meaning_control/images/textmeaning_gray_0049.png,/content/stroop_expanded_vlm/text_meaning_control/masks/textmeaning_gray_0049_mask.png,text_meaning_control,english,gray,gray,black,white,color,the word says {},gray,0.37353515625,True
textmeaning_gray_0050,/content/stroop_expanded_vlm/text_meaning_control/images/textmeaning_gray_0050.png,/content/stroop_expanded_vlm/text_meaning_control/masks/textmeaning_gray_0050_mask.png,text_meaning_control,english,gray,gray,black,white,color,the word says {},gray,0.361083984375,True
textmeaning_gray_0051,/content/stroop_expanded_vlm/text_meaning_control/images/textmeaning_gray_0051.png,/content/stroop_expanded_vlm/text_meaning_control/masks/textmeaning_gray_0051_mask.png,text_meaning_control,english,gray,gray,black,white,color,the word says {},gray,0.373046875,True
textmeaning_gray_0052,/content/stroop_expanded_vlm/text_meaning_control/images/textmeaning_gray_0052.png,/content/stroop_expanded_vlm/text_meaning_control/masks/textmeaning_gray_0052_mask.png,text_meaning_control,english,gray,gray,black,white,color,the word says {},gray,0.37060546875,True
textmeaning_gray_0053,/content/stroop_expanded_vlm/text_meaning_control/images/textmeaning_gray_0053.png,/content/stroop_expanded_vlm/text_meaning_control/masks/textmeaning_gray_0053_mask.png,text_meaning_control,english,gray,gray,black,white,color,the word says {},gray,0.369140625,True
textmeaning_gray_0054,/content/stroop_expanded_vlm/text_meaning_control/images/textmeaning_gray_0054.png,/content/stroop_expanded_vlm/text_meaning_control/masks/textmeaning_gray_0054_mask.png,text_meaning_control,english,gray,gray,black,white,color,the word says {},gray,0.36474609375,True
textmeaning_gray_0055,/content/stroop_expanded_vlm/text_meaning_control/images/textmeaning_gray_0055.png,/content/stroop_expanded_vlm/text_meaning_control/masks/textmeaning_gray_0055_mask.png,text_meaning_control,english,gray,gray,black,white,color,the word says {},gray,0.36962890625,True
textmeaning_gray_0056,/content/stroop_expanded_vlm/text_meaning_control/images/textmeaning_gray_0056.png,/content/stroop_expanded_vlm/text_meaning_control/masks/textmeaning_gray_0056_mask.png,text_meaning_control,english,gray,gray,black,white,color,the word says {},gray,0.371337890625,True
textmeaning_gray_0057,/content/stroop_expanded_vlm/text_meaning_control/images/textmeaning_gray_0057.png,/content/stroop_expanded_vlm/text_meaning_control/masks/textmeaning_gray_0057_mask.png,text_meaning_control,english,gray,gray,black,white,color,the word says {},gray,0.37353515625,True
textmeaning_gray_0058,/content/stroop_expanded_vlm/text_meaning_control/images/textmeaning_gray_0058.png,/content/stroop_expanded_vlm/text_meaning_control/masks/textmeaning_gray_0058_mask.png,text_meaning_control,english,gray,gray,black,white,color,the word says {},gray,0.372314453125,True
textmeaning_gray_0059,/content/stroop_expanded_vlm/text_meaning_control/images/textmeaning_gray_0059.png,/content/stroop_expanded_vlm/text_meaning_control/masks/textmeaning_gray_0059_mask.png,text_meaning_control,english,gray,gray,black,white,color,the word says {},gray,0.365478515625,True
textmeaning_gray_0060,/content/stroop_expanded_vlm/text_meaning_control/images/textmeaning_gray_0060.png,/content/stroop_expanded_vlm/text_meaning_control/masks/textmeaning_gray_0060_mask.png,text_meaning_control,english,gray,gray,black,white,color,the word says {},gray,0.36865234375,True
textmeaning_gray_0061,/content/stroop_expanded_vlm/text_meaning_control/images/textmeaning_gray_0061.png,/content/stroop_expanded_vlm/text_meaning_control/masks/textmeaning_gray_0061_mask.png,text_meaning_control,english,gray,gray,black,white,color,the word says {},gray,0.369140625,True
textmeaning_gray_0062,/content/stroop_expanded_vlm/text_meaning_control/images/textmeaning_gray_0062.png,/content/stroop_expanded_vlm/text_meaning_control/masks/textmeaning_gray_0062_mask.png,text_meaning_control,english,gray,gray,black,white,color,the word says {},gray,0.375732421875,True
textmeaning_gray_0063,/content/stroop_expanded_vlm/text_meaning_control/images/textmeaning_gray_0063.png,/content/stroop_expanded_vlm/text_meaning_control/masks/textmeaning_gray_0063_mask.png,text_meaning_control,english,gray,gray,black,white,color,the word says {},gray,0.3720703125,True
textmeaning_gray_0064,/content/stroop_expanded_vlm/text_meaning_control/images/textmeaning_gray_0064.png,/content/stroop_expanded_vlm/text_meaning_control/masks/textmeaning_gray_0064_mask.png,text_meaning_control,english,gray,gray,black,white,color,the word says {},gray,0.3701171875,True
textmeaning_gray_0065,/content/stroop_expanded_vlm/text_meaning_control/images/textmeaning_gray_0065.png,/content/stroop_expanded_vlm/text_meaning_control/masks/textmeaning_gray_0065_mask.png,text_meaning_control,english,gray,gray,black,white,color,the word says {},gray,0.3720703125,True
textmeaning_gray_0066,/content/stroop_expanded_vlm/text_meaning_control/images/textmeaning_gray_0066.png,/content/stroop_expanded_vlm/text_meaning_control/masks/textmeaning_gray_0066_mask.png,text_meaning_control,english,gray,gray,black,white,color,the word says {},gray,0.365478515625,True
textmeaning_gray_0067,/content/stroop_expanded_vlm/text_meaning_control/images/textmeaning_gray_0067.png,/content/stroop_expanded_vlm/text_meaning_control/masks/textmeaning_gray_0067_mask.png,text_meaning_control,english,gray,gray,black,white,color,the word says {},gray,0.3701171875,True
textmeaning_gray_0068,/content/stroop_expanded_vlm/text_meaning_control/images/textmeaning_gray_0068.png,/content/stroop_expanded_vlm/text_meaning_control/masks/textmeaning_gray_0068_mask.png,text_meaning_control,english,gray,gray,black,white,color,the word says {},gray,0.3671875,True
textmeaning_gray_0069,/content/stroop_expanded_vlm/text_meaning_control/images/textmeaning_gray_0069.png,/content/stroop_expanded_vlm/text_meaning_control/masks/textmeaning_gray_0069_mask.png,text_meaning_control,english,gray,gray,black,white,color,the word says {},gray,0.375,True
textmeaning_gray_0070,/content/stroop_expanded_vlm/text_meaning_control/images/textmeaning_gray_0070.png,/content/stroop_expanded_vlm/text_meaning_control/masks/textmeaning_gray_0070_mask.png,text_meaning_control,english,gray,gray,black,white,color,the word says {},gray,0.37451171875,True
textmeaning_gray_0071,/content/stroop_expanded_vlm/text_meaning_control/images/textmeaning_gray_0071.png,/content/stroop_expanded_vlm/text_meaning_control/masks/textmeaning_gray_0071_mask.png,text_meaning_control,english,gray,gray,black,white,color,the word says {},gray,0.361328125,True
textmeaning_gray_0072,/content/stroop_expanded_vlm/text_meaning_control/images/textmeaning_gray_0072.png,/content/stroop_expanded_vlm/text_meaning_control/masks/textmeaning_gray_0072_mask.png,text_meaning_control,english,gray,gray,black,white,color,the word says {},gray,0.3701171875,True
textmeaning_gray_0073,/content/stroop_expanded_vlm/text_meaning_control/images/textmeaning_gray_0073.png,/content/stroop_expanded_vlm/text_meaning_control/masks/textmeaning_gray_0073_mask.png,text_meaning_control,english,gray,gray,black,white,color,the word says {},gray,0.372314453125,True
textmeaning_gray_0074,/content/stroop_expanded_vlm/text_meaning_control/images/textmeaning_gray_0074.png,/content/stroop_expanded_vlm/text_meaning_control/masks/textmeaning_gray_0074_mask.png,text_meaning_control,english,gray,gray,black,white,color,the word says {},gray,0.37060546875,True
textmeaning_gray_0075,/content/stroop_expanded_vlm/text_meaning_control/images/textmeaning_gray_0075.png,/content/stroop_expanded_vlm/text_meaning_control/masks/textmeaning_gray_0075_mask.png,text_meaning_control,english,gray,gray,black,white,color,the word says {},gray,0.370849609375,True
textmeaning_gray_0076,/content/stroop_expanded_vlm/text_meaning_control/images/textmeaning_gray_0076.png,/content/stroop_expanded_vlm/text_meaning_control/masks/textmeaning_gray_0076_mask.png,text_meaning_control,english,gray,gray,black,white,color,the word says {},gray,0.3701171875,True
textmeaning_gray_0077,/content/stroop_expanded_vlm/text_meaning_control/images/textmeaning_gray_0077.png,/content/stroop_expanded_vlm/text_meaning_control/masks/textmeaning_gray_0077_mask.png,text_meaning_control,english,gray,gray,black,white,color,the word says {},gray,0.368896484375,True
textmeaning_gray_0078,/content/stroop_expanded_vlm/text_meaning_control/images/textmeaning_gray_0078.png,/content/stroop_expanded_vlm/text_meaning_control/masks/textmeaning_gray_0078_mask.png,text_meaning_control,english,gray,gray,black,white,color,the word says {},gray,0.358642578125,True
textmeaning_gray_0079,/content/stroop_expanded_vlm/text_meaning_control/images/textmeaning_gray_0079.png,/content/stroop_expanded_vlm/text_meaning_control/masks/textmeaning_gray_0079_mask.png,text_meaning_control,english,gray,gray,black,white,color,the word says {},gray,0.375732421875,True
textmeaning_gray_0080,/content/stroop_expanded_vlm/text_meaning_control/images/textmeaning_gray_0080.png,/content/stroop_expanded_vlm/text_meaning_control/masks/textmeaning_gray_0080_mask.png,text_meaning_control,english,gray,gray,black,white,color,the word says {},gray,0.367431640625,True
textmeaning_gray_0081,/content/stroop_expanded_vlm/text_meaning_control/images/textmeaning_gray_0081.png,/content/stroop_expanded_vlm/text_meaning_control/masks/textmeaning_gray_0081_mask.png,text_meaning_control,english,gray,gray,black,white,color,the word says {},gray,0.35546875,True
textmeaning_gray_0082,/content/stroop_expanded_vlm/text_meaning_control/images/textmeaning_gray_0082.png,/content/stroop_expanded_vlm/text_meaning_control/masks/textmeaning_gray_0082_mask.png,text_meaning_control,english,gray,gray,black,white,color,the word says {},gray,0.369873046875,True
textmeaning_gray_0083,/content/stroop_expanded_vlm/text_meaning_control/images/textmeaning_gray_0083.png,/content/stroop_expanded_vlm/text_meaning_control/masks/textmeaning_gray_0083_mask.png,text_meaning_control,english,gray,gray,black,white,color,the word says {},gray,0.375244140625,True
textmeaning_gray_0084,/content/stroop_expanded_vlm/text_meaning_control/images/textmeaning_gray_0084.png,/content/stroop_expanded_vlm/text_meaning_control/masks/textmeaning_gray_0084_mask.png,text_meaning_control,english,gray,gray,black,white,color,the word says {},gray,0.368896484375,True
textmeaning_gray_0085,/content/stroop_expanded_vlm/text_meaning_control/images/textmeaning_gray_0085.png,/content/stroop_expanded_vlm/text_meaning_control/masks/textmeaning_gray_0085_mask.png,text_meaning_control,english,gray,gray,black,white,color,the word says {},gray,0.370849609375,True
textmeaning_gray_0086,/content/stroop_expanded_vlm/text_meaning_control/images/textmeaning_gray_0086.png,/content/stroop_expanded_vlm/text_meaning_control/masks/textmeaning_gray_0086_mask.png,text_meaning_control,english,gray,gray,black,white,color,the word says {},gray,0.372314453125,True
textmeaning_gray_0087,/content/stroop_expanded_vlm/text_meaning_control/images/textmeaning_gray_0087.png,/content/stroop_expanded_vlm/text_meaning_control/masks/textmeaning_gray_0087_mask.png,text_meaning_control,english,gray,gray,black,white,color,the word says {},gray,0.37060546875,True
textmeaning_gray_0088,/content/stroop_expanded_vlm/text_meaning_control/images/textmeaning_gray_0088.png,/content/stroop_expanded_vlm/text_meaning_control/masks/textmeaning_gray_0088_mask.png,text_meaning_control,english,gray,gray,black,white,color,the word says {},gray,0.376220703125,True
textmeaning_gray_0089,/content/stroop_expanded_vlm/text_meaning_control/images/textmeaning_gray_0089.png,/content/stroop_expanded_vlm/text_meaning_control/masks/textmeaning_gray_0089_mask.png,text_meaning_control,english,gray,gray,black,white,color,the word says {},gray,0.3701171875,True
textmeaning_gray_0090,/content/stroop_expanded_vlm/text_meaning_control/images/textmeaning_gray_0090.png,/content/stroop_expanded_vlm/text_meaning_control/masks/textmeaning_gray_0090_mask.png,text_meaning_control,english,gray,gray,black,white,color,the word says {},gray,0.37060546875,True
textmeaning_gray_0091,/content/stroop_expanded_vlm/text_meaning_control/images/textmeaning_gray_0091.png,/content/stroop_expanded_vlm/text_meaning_control/masks/textmeaning_gray_0091_mask.png,text_meaning_control,english,gray,gray,black,white,color,the word says {},gray,0.36865234375,True
textmeaning_gray_0092,/content/stroop_expanded_vlm/text_meaning_control/images/textmeaning_gray_0092.png,/content/stroop_expanded_vlm/text_meaning_control/masks/textmeaning_gray_0092_mask.png,text_meaning_control,english,gray,gray,black,white,color,the word says {},gray,0.3583984375,True
textmeaning_gray_0093,/content/stroop_expanded_vlm/text_meaning_control/images/textmeaning_gray_0093.png,/content/stroop_expanded_vlm/text_meaning_control/masks/textmeaning_gray_0093_mask.png,text_meaning_control,english,gray,gray,black,white,color,the word says {},gray,0.371826171875,True
textmeaning_gray_0094,/content/stroop_expanded_vlm/text_meaning_control/images/textmeaning_gray_0094.png,/content/stroop_expanded_vlm/text_meaning_control/masks/textmeaning_gray_0094_mask.png,text_meaning_control,english,gray,gray,black,white,color,the word says {},gray,0.3720703125,True
textmeaning_gray_0095,/content/stroop_expanded_vlm/text_meaning_control/images/textmeaning_gray_0095.png,/content/stroop_expanded_vlm/text_meaning_control/masks/textmeaning_gray_0095_mask.png,text_meaning_control,english,gray,gray,black,white,color,the word says {},gray,0.36328125,True
textmeaning_gray_0096,/content/stroop_expanded_vlm/text_meaning_control/images/textmeaning_gray_0096.png,/content/stroop_expanded_vlm/text_meaning_control/masks/textmeaning_gray_0096_mask.png,text_meaning_control,english,gray,gray,black,white,color,the word says {},gray,0.3701171875,True
textmeaning_gray_0097,/content/stroop_expanded_vlm/text_meaning_control/images/textmeaning_gray_0097.png,/content/stroop_expanded_vlm/text_meaning_control/masks/textmeaning_gray_0097_mask.png,text_meaning_control,english,gray,gray,black,white,color,the word says {},gray,0.371337890625,True
textmeaning_gray_0098,/content/stroop_expanded_vlm/text_meaning_control/images/textmeaning_gray_0098.png,/content/stroop_expanded_vlm/text_meaning_control/masks/textmeaning_gray_0098_mask.png,text_meaning_control,english,gray,gray,black,white,color,the word says {},gray,0.373046875,True
textmeaning_gray_0099,/content/stroop_expanded_vlm/text_meaning_control/images/textmeaning_gray_0099.png,/content/stroop_expanded_vlm/text_meaning_control/masks/textmeaning_gray_0099_mask.png,text_meaning_control,english,gray,gray,black,white,color,the word says {},gray,0.35986328125,True
textmeaning_black_0000,/content/stroop_expanded_vlm/text_meaning_control/images/textmeaning_black_0000.png,/content/stroop_expanded_vlm/text_meaning_control/masks/textmeaning_black_0000_mask.png,text_meaning_control,english,black,black,black,white,color,the word says {},black,0.30908203125,True
textmeaning_black_0001,/content/stroop_expanded_vlm/text_meaning_control/images/textmeaning_black_0001.png,/content/stroop_expanded_vlm/text_meaning_control/masks/textmeaning_black_0001_mask.png,text_meaning_control,english,black,black,black,white,color,the word says {},black,0.315673828125,True
textmeaning_black_0002,/content/stroop_expanded_vlm/text_meaning_control/images/textmeaning_black_0002.png,/content/stroop_expanded_vlm/text_meaning_control/masks/textmeaning_black_0002_mask.png,text_meaning_control,english,black,black,black,white,color,the word says {},black,0.311279296875,True
textmeaning_black_0003,/content/stroop_expanded_vlm/text_meaning_control/images/textmeaning_black_0003.png,/content/stroop_expanded_vlm/text_meaning_control/masks/textmeaning_black_0003_mask.png,text_meaning_control,english,black,black,black,white,color,the word says {},black,0.307373046875,True
textmeaning_black_0004,/content/stroop_expanded_vlm/text_meaning_control/images/textmeaning_black_0004.png,/content/stroop_expanded_vlm/text_meaning_control/masks/textmeaning_black_0004_mask.png,text_meaning_control,english,black,black,black,white,color,the word says {},black,0.320556640625,True
textmeaning_black_0005,/content/stroop_expanded_vlm/text_meaning_control/images/textmeaning_black_0005.png,/content/stroop_expanded_vlm/text_meaning_control/masks/textmeaning_black_0005_mask.png,text_meaning_control,english,black,black,black,white,color,the word says {},black,0.319091796875,True
textmeaning_black_0006,/content/stroop_expanded_vlm/text_meaning_control/images/textmeaning_black_0006.png,/content/stroop_expanded_vlm/text_meaning_control/masks/textmeaning_black_0006_mask.png,text_meaning_control,english,black,black,black,white,color,the word says {},black,0.30517578125,True
textmeaning_black_0007,/content/stroop_expanded_vlm/text_meaning_control/images/textmeaning_black_0007.png,/content/stroop_expanded_vlm/text_meaning_control/masks/textmeaning_black_0007_mask.png,text_meaning_control,english,black,black,black,white,color,the word says {},black,0.310546875,True
textmeaning_black_0008,/content/stroop_expanded_vlm/text_meaning_control/images/textmeaning_black_0008.png,/content/stroop_expanded_vlm/text_meaning_control/masks/textmeaning_black_0008_mask.png,text_meaning_control,english,black,black,black,white,color,the word says {},black,0.31396484375,True
textmeaning_black_0009,/content/stroop_expanded_vlm/text_meaning_control/images/textmeaning_black_0009.png,/content/stroop_expanded_vlm/text_meaning_control/masks/textmeaning_black_0009_mask.png,text_meaning_control,english,black,black,black,white,color,the word says {},black,0.311767578125,True
textmeaning_black_0010,/content/stroop_expanded_vlm/text_meaning_control/images/textmeaning_black_0010.png,/content/stroop_expanded_vlm/text_meaning_control/masks/textmeaning_black_0010_mask.png,text_meaning_control,english,black,black,black,white,color,the word says {},black,0.3154296875,True
textmeaning_black_0011,/content/stroop_expanded_vlm/text_meaning_control/images/textmeaning_black_0011.png,/content/stroop_expanded_vlm/text_meaning_control/masks/textmeaning_black_0011_mask.png,text_meaning_control,english,black,black,black,white,color,the word says {},black,0.309814453125,True
textmeaning_black_0012,/content/stroop_expanded_vlm/text_meaning_control/images/textmeaning_black_0012.png,/content/stroop_expanded_vlm/text_meaning_control/masks/textmeaning_black_0012_mask.png,text_meaning_control,english,black,black,black,white,color,the word says {},black,0.30908203125,True
textmeaning_black_0013,/content/stroop_expanded_vlm/text_meaning_control/images/textmeaning_black_0013.png,/content/stroop_expanded_vlm/text_meaning_control/masks/textmeaning_black_0013_mask.png,text_meaning_control,english,black,black,black,white,color,the word says {},black,0.31201171875,True
textmeaning_black_0014,/content/stroop_expanded_vlm/text_meaning_control/images/textmeaning_black_0014.png,/content/stroop_expanded_vlm/text_meaning_control/masks/textmeaning_black_0014_mask.png,text_meaning_control,english,black,black,black,white,color,the word says {},black,0.312255859375,True
textmeaning_black_0015,/content/stroop_expanded_vlm/text_meaning_control/images/textmeaning_black_0015.png,/content/stroop_expanded_vlm/text_meaning_control/masks/textmeaning_black_0015_mask.png,text_meaning_control,english,black,black,black,white,color,the word says {},black,0.3076171875,True
textmeaning_black_0016,/content/stroop_expanded_vlm/text_meaning_control/images/textmeaning_black_0016.png,/content/stroop_expanded_vlm/text_meaning_control/masks/textmeaning_black_0016_mask.png,text_meaning_control,english,black,black,black,white,color,the word says {},black,0.3154296875,True
textmeaning_black_0017,/content/stroop_expanded_vlm/text_meaning_control/images/textmeaning_black_0017.png,/content/stroop_expanded_vlm/text_meaning_control/masks/textmeaning_black_0017_mask.png,text_meaning_control,english,black,black,black,white,color,the word says {},black,0.30908203125,True
textmeaning_black_0018,/content/stroop_expanded_vlm/text_meaning_control/images/textmeaning_black_0018.png,/content/stroop_expanded_vlm/text_meaning_control/masks/textmeaning_black_0018_mask.png,text_meaning_control,english,black,black,black,white,color,the word says {},black,0.31494140625,True
textmeaning_black_0019,/content/stroop_expanded_vlm/text_meaning_control/images/textmeaning_black_0019.png,/content/stroop_expanded_vlm/text_meaning_control/masks/textmeaning_black_0019_mask.png,text_meaning_control,english,black,black,black,white,color,the word says {},black,0.31298828125,True
textmeaning_black_0020,/content/stroop_expanded_vlm/text_meaning_control/images/textmeaning_black_0020.png,/content/stroop_expanded_vlm/text_meaning_control/masks/textmeaning_black_0020_mask.png,text_meaning_control,english,black,black,black,white,color,the word says {},black,0.309326171875,True
textmeaning_black_0021,/content/stroop_expanded_vlm/text_meaning_control/images/textmeaning_black_0021.png,/content/stroop_expanded_vlm/text_meaning_control/masks/textmeaning_black_0021_mask.png,text_meaning_control,english,black,black,black,white,color,the word says {},black,0.31689453125,True
textmeaning_black_0022,/content/stroop_expanded_vlm/text_meaning_control/images/textmeaning_black_0022.png,/content/stroop_expanded_vlm/text_meaning_control/masks/textmeaning_black_0022_mask.png,text_meaning_control,english,black,black,black,white,color,the word says {},black,0.306640625,True
textmeaning_black_0023,/content/stroop_expanded_vlm/text_meaning_control/images/textmeaning_black_0023.png,/content/stroop_expanded_vlm/text_meaning_control/masks/textmeaning_black_0023_mask.png,text_meaning_control,english,black,black,black,white,color,the word says {},black,0.31689453125,True
textmeaning_black_0024,/content/stroop_expanded_vlm/text_meaning_control/images/textmeaning_black_0024.png,/content/stroop_expanded_vlm/text_meaning_control/masks/textmeaning_black_0024_mask.png,text_meaning_control,english,black,black,black,white,color,the word says {},black,0.309814453125,True
textmeaning_black_0025,/content/stroop_expanded_vlm/text_meaning_control/images/textmeaning_black_0025.png,/content/stroop_expanded_vlm/text_meaning_control/masks/textmeaning_black_0025_mask.png,text_meaning_control,english,black,black,black,white,color,the word says {},black,0.31103515625,True
textmeaning_black_0026,/content/stroop_expanded_vlm/text_meaning_control/images/textmeaning_black_0026.png,/content/stroop_expanded_vlm/text_meaning_control/masks/textmeaning_black_0026_mask.png,text_meaning_control,english,black,black,black,white,color,the word says {},black,0.30908203125,True
textmeaning_black_0027,/content/stroop_expanded_vlm/text_meaning_control/images/textmeaning_black_0027.png,/content/stroop_expanded_vlm/text_meaning_control/masks/textmeaning_black_0027_mask.png,text_meaning_control,english,black,black,black,white,color,the word says {},black,0.307373046875,True
textmeaning_black_0028,/content/stroop_expanded_vlm/text_meaning_control/images/textmeaning_black_0028.png,/content/stroop_expanded_vlm/text_meaning_control/masks/textmeaning_black_0028_mask.png,text_meaning_control,english,black,black,black,white,color,the word says {},black,0.306640625,True
textmeaning_black_0029,/content/stroop_expanded_vlm/text_meaning_control/images/textmeaning_black_0029.png,/content/stroop_expanded_vlm/text_meaning_control/masks/textmeaning_black_0029_mask.png,text_meaning_control,english,black,black,black,white,color,the word says {},black,0.30712890625,True
textmeaning_black_0030,/content/stroop_expanded_vlm/text_meaning_control/images/textmeaning_black_0030.png,/content/stroop_expanded_vlm/text_meaning_control/masks/textmeaning_black_0030_mask.png,text_meaning_control,english,black,black,black,white,color,the word says {},black,0.312744140625,True
textmeaning_black_0031,/content/stroop_expanded_vlm/text_meaning_control/images/textmeaning_black_0031.png,/content/stroop_expanded_vlm/text_meaning_control/masks/textmeaning_black_0031_mask.png,text_meaning_control,english,black,black,black,white,color,the word says {},black,0.30810546875,True
textmeaning_black_0032,/content/stroop_expanded_vlm/text_meaning_control/images/textmeaning_black_0032.png,/content/stroop_expanded_vlm/text_meaning_control/masks/textmeaning_black_0032_mask.png,text_meaning_control,english,black,black,black,white,color,the word says {},black,0.312744140625,True
textmeaning_black_0033,/content/stroop_expanded_vlm/text_meaning_control/images/textmeaning_black_0033.png,/content/stroop_expanded_vlm/text_meaning_control/masks/textmeaning_black_0033_mask.png,text_meaning_control,english,black,black,black,white,color,the word says {},black,0.3154296875,True
textmeaning_black_0034,/content/stroop_expanded_vlm/text_meaning_control/images/textmeaning_black_0034.png,/content/stroop_expanded_vlm/text_meaning_control/masks/textmeaning_black_0034_mask.png,text_meaning_control,english,black,black,black,white,color,the word says {},black,0.311279296875,True
textmeaning_black_0035,/content/stroop_expanded_vlm/text_meaning_control/images/textmeaning_black_0035.png,/content/stroop_expanded_vlm/text_meaning_control/masks/textmeaning_black_0035_mask.png,text_meaning_control,english,black,black,black,white,color,the word says {},black,0.309326171875,True
textmeaning_black_0036,/content/stroop_expanded_vlm/text_meaning_control/images/textmeaning_black_0036.png,/content/stroop_expanded_vlm/text_meaning_control/masks/textmeaning_black_0036_mask.png,text_meaning_control,english,black,black,black,white,color,the word says {},black,0.30615234375,True
textmeaning_black_0037,/content/stroop_expanded_vlm/text_meaning_control/images/textmeaning_black_0037.png,/content/stroop_expanded_vlm/text_meaning_control/masks/textmeaning_black_0037_mask.png,text_meaning_control,english,black,black,black,white,color,the word says {},black,0.30810546875,True
textmeaning_black_0038,/content/stroop_expanded_vlm/text_meaning_control/images/textmeaning_black_0038.png,/content/stroop_expanded_vlm/text_meaning_control/masks/textmeaning_black_0038_mask.png,text_meaning_control,english,black,black,black,white,color,the word says {},black,0.3134765625,True
textmeaning_black_0039,/content/stroop_expanded_vlm/text_meaning_control/images/textmeaning_black_0039.png,/content/stroop_expanded_vlm/text_meaning_control/masks/textmeaning_black_0039_mask.png,text_meaning_control,english,black,black,black,white,color,the word says {},black,0.317138671875,True
textmeaning_black_0040,/content/stroop_expanded_vlm/text_meaning_control/images/textmeaning_black_0040.png,/content/stroop_expanded_vlm/text_meaning_control/masks/textmeaning_black_0040_mask.png,text_meaning_control,english,black,black,black,white,color,the word says {},black,0.315673828125,True
textmeaning_black_0041,/content/stroop_expanded_vlm/text_meaning_control/images/textmeaning_black_0041.png,/content/stroop_expanded_vlm/text_meaning_control/masks/textmeaning_black_0041_mask.png,text_meaning_control,english,black,black,black,white,color,the word says {},black,0.315673828125,True
textmeaning_black_0042,/content/stroop_expanded_vlm/text_meaning_control/images/textmeaning_black_0042.png,/content/stroop_expanded_vlm/text_meaning_control/masks/textmeaning_black_0042_mask.png,text_meaning_control,english,black,black,black,white,color,the word says {},black,0.30517578125,True
textmeaning_black_0043,/content/stroop_expanded_vlm/text_meaning_control/images/textmeaning_black_0043.png,/content/stroop_expanded_vlm/text_meaning_control/masks/textmeaning_black_0043_mask.png,text_meaning_control,english,black,black,black,white,color,the word says {},black,0.318115234375,True
textmeaning_black_0044,/content/stroop_expanded_vlm/text_meaning_control/images/textmeaning_black_0044.png,/content/stroop_expanded_vlm/text_meaning_control/masks/textmeaning_black_0044_mask.png,text_meaning_control,english,black,black,black,white,color,the word says {},black,0.3134765625,True
textmeaning_black_0045,/content/stroop_expanded_vlm/text_meaning_control/images/textmeaning_black_0045.png,/content/stroop_expanded_vlm/text_meaning_control/masks/textmeaning_black_0045_mask.png,text_meaning_control,english,black,black,black,white,color,the word says {},black,0.3076171875,True
textmeaning_black_0046,/content/stroop_expanded_vlm/text_meaning_control/images/textmeaning_black_0046.png,/content/stroop_expanded_vlm/text_meaning_control/masks/textmeaning_black_0046_mask.png,text_meaning_control,english,black,black,black,white,color,the word says {},black,0.313232421875,True
textmeaning_black_0047,/content/stroop_expanded_vlm/text_meaning_control/images/textmeaning_black_0047.png,/content/stroop_expanded_vlm/text_meaning_control/masks/textmeaning_black_0047_mask.png,text_meaning_control,english,black,black,black,white,color,the word says {},black,0.31689453125,True
textmeaning_black_0048,/content/stroop_expanded_vlm/text_meaning_control/images/textmeaning_black_0048.png,/content/stroop_expanded_vlm/text_meaning_control/masks/textmeaning_black_0048_mask.png,text_meaning_control,english,black,black,black,white,color,the word says {},black,0.310546875,True
textmeaning_black_0049,/content/stroop_expanded_vlm/text_meaning_control/images/textmeaning_black_0049.png,/content/stroop_expanded_vlm/text_meaning_control/masks/textmeaning_black_0049_mask.png,text_meaning_control,english,black,black,black,white,color,the word says {},black,0.317138671875,True
textmeaning_black_0050,/content/stroop_expanded_vlm/text_meaning_control/images/textmeaning_black_0050.png,/content/stroop_expanded_vlm/text_meaning_control/masks/textmeaning_black_0050_mask.png,text_meaning_control,english,black,black,black,white,color,the word says {},black,0.314208984375,True
textmeaning_black_0051,/content/stroop_expanded_vlm/text_meaning_control/images/textmeaning_black_0051.png,/content/stroop_expanded_vlm/text_meaning_control/masks/textmeaning_black_0051_mask.png,text_meaning_control,english,black,black,black,white,color,the word says {},black,0.310546875,True
textmeaning_black_0052,/content/stroop_expanded_vlm/text_meaning_control/images/textmeaning_black_0052.png,/content/stroop_expanded_vlm/text_meaning_control/masks/textmeaning_black_0052_mask.png,text_meaning_control,english,black,black,black,white,color,the word says {},black,0.314697265625,True
textmeaning_black_0053,/content/stroop_expanded_vlm/text_meaning_control/images/textmeaning_black_0053.png,/content/stroop_expanded_vlm/text_meaning_control/masks/textmeaning_black_0053_mask.png,text_meaning_control,english,black,black,black,white,color,the word says {},black,0.318603515625,True
textmeaning_black_0054,/content/stroop_expanded_vlm/text_meaning_control/images/textmeaning_black_0054.png,/content/stroop_expanded_vlm/text_meaning_control/masks/textmeaning_black_0054_mask.png,text_meaning_control,english,black,black,black,white,color,the word says {},black,0.304443359375,True
textmeaning_black_0055,/content/stroop_expanded_vlm/text_meaning_control/images/textmeaning_black_0055.png,/content/stroop_expanded_vlm/text_meaning_control/masks/textmeaning_black_0055_mask.png,text_meaning_control,english,black,black,black,white,color,the word says {},black,0.318115234375,True
textmeaning_black_0056,/content/stroop_expanded_vlm/text_meaning_control/images/textmeaning_black_0056.png,/content/stroop_expanded_vlm/text_meaning_control/masks/textmeaning_black_0056_mask.png,text_meaning_control,english,black,black,black,white,color,the word says {},black,0.3134765625,True
textmeaning_black_0057,/content/stroop_expanded_vlm/text_meaning_control/images/textmeaning_black_0057.png,/content/stroop_expanded_vlm/text_meaning_control/masks/textmeaning_black_0057_mask.png,text_meaning_control,english,black,black,black,white,color,the word says {},black,0.309326171875,True
textmeaning_black_0058,/content/stroop_expanded_vlm/text_meaning_control/images/textmeaning_black_0058.png,/content/stroop_expanded_vlm/text_meaning_control/masks/textmeaning_black_0058_mask.png,text_meaning_control,english,black,black,black,white,color,the word says {},black,0.314453125,True
textmeaning_black_0059,/content/stroop_expanded_vlm/text_meaning_control/images/textmeaning_black_0059.png,/content/stroop_expanded_vlm/text_meaning_control/masks/textmeaning_black_0059_mask.png,text_meaning_control,english,black,black,black,white,color,the word says {},black,0.315185546875,True
textmeaning_black_0060,/content/stroop_expanded_vlm/text_meaning_control/images/textmeaning_black_0060.png,/content/stroop_expanded_vlm/text_meaning_control/masks/textmeaning_black_0060_mask.png,text_meaning_control,english,black,black,black,white,color,the word says {},black,0.303466796875,True
textmeaning_black_0061,/content/stroop_expanded_vlm/text_meaning_control/images/textmeaning_black_0061.png,/content/stroop_expanded_vlm/text_meaning_control/masks/textmeaning_black_0061_mask.png,text_meaning_control,english,black,black,black,white,color,the word says {},black,0.315185546875,True
textmeaning_black_0062,/content/stroop_expanded_vlm/text_meaning_control/images/textmeaning_black_0062.png,/content/stroop_expanded_vlm/text_meaning_control/masks/textmeaning_black_0062_mask.png,text_meaning_control,english,black,black,black,white,color,the word says {},black,0.31689453125,True
textmeaning_black_0063,/content/stroop_expanded_vlm/text_meaning_control/images/textmeaning_black_0063.png,/content/stroop_expanded_vlm/text_meaning_control/masks/textmeaning_black_0063_mask.png,text_meaning_control,english,black,black,black,white,color,the word says {},black,0.306884765625,True
textmeaning_black_0064,/content/stroop_expanded_vlm/text_meaning_control/images/textmeaning_black_0064.png,/content/stroop_expanded_vlm/text_meaning_control/masks/textmeaning_black_0064_mask.png,text_meaning_control,english,black,black,black,white,color,the word says {},black,0.31103515625,True
textmeaning_black_0065,/content/stroop_expanded_vlm/text_meaning_control/images/textmeaning_black_0065.png,/content/stroop_expanded_vlm/text_meaning_control/masks/textmeaning_black_0065_mask.png,text_meaning_control,english,black,black,black,white,color,the word says {},black,0.312255859375,True
textmeaning_black_0066,/content/stroop_expanded_vlm/text_meaning_control/images/textmeaning_black_0066.png,/content/stroop_expanded_vlm/text_meaning_control/masks/textmeaning_black_0066_mask.png,text_meaning_control,english,black,black,black,white,color,the word says {},black,0.31298828125,True
textmeaning_black_0067,/content/stroop_expanded_vlm/text_meaning_control/images/textmeaning_black_0067.png,/content/stroop_expanded_vlm/text_meaning_control/masks/textmeaning_black_0067_mask.png,text_meaning_control,english,black,black,black,white,color,the word says {},black,0.31103515625,True
textmeaning_black_0068,/content/stroop_expanded_vlm/text_meaning_control/images/textmeaning_black_0068.png,/content/stroop_expanded_vlm/text_meaning_control/masks/textmeaning_black_0068_mask.png,text_meaning_control,english,black,black,black,white,color,the word says {},black,0.31005859375,True
textmeaning_black_0069,/content/stroop_expanded_vlm/text_meaning_control/images/textmeaning_black_0069.png,/content/stroop_expanded_vlm/text_meaning_control/masks/textmeaning_black_0069_mask.png,text_meaning_control,english,black,black,black,white,color,the word says {},black,0.30908203125,True
textmeaning_black_0070,/content/stroop_expanded_vlm/text_meaning_control/images/textmeaning_black_0070.png,/content/stroop_expanded_vlm/text_meaning_control/masks/textmeaning_black_0070_mask.png,text_meaning_control,english,black,black,black,white,color,the word says {},black,0.30810546875,True
textmeaning_black_0071,/content/stroop_expanded_vlm/text_meaning_control/images/textmeaning_black_0071.png,/content/stroop_expanded_vlm/text_meaning_control/masks/textmeaning_black_0071_mask.png,text_meaning_control,english,black,black,black,white,color,the word says {},black,0.313720703125,True
textmeaning_black_0072,/content/stroop_expanded_vlm/text_meaning_control/images/textmeaning_black_0072.png,/content/stroop_expanded_vlm/text_meaning_control/masks/textmeaning_black_0072_mask.png,text_meaning_control,english,black,black,black,white,color,the word says {},black,0.314208984375,True
textmeaning_black_0073,/content/stroop_expanded_vlm/text_meaning_control/images/textmeaning_black_0073.png,/content/stroop_expanded_vlm/text_meaning_control/masks/textmeaning_black_0073_mask.png,text_meaning_control,english,black,black,black,white,color,the word says {},black,0.317138671875,True
textmeaning_black_0074,/content/stroop_expanded_vlm/text_meaning_control/images/textmeaning_black_0074.png,/content/stroop_expanded_vlm/text_meaning_control/masks/textmeaning_black_0074_mask.png,text_meaning_control,english,black,black,black,white,color,the word says {},black,0.314453125,True
textmeaning_black_0075,/content/stroop_expanded_vlm/text_meaning_control/images/textmeaning_black_0075.png,/content/stroop_expanded_vlm/text_meaning_control/masks/textmeaning_black_0075_mask.png,text_meaning_control,english,black,black,black,white,color,the word says {},black,0.31689453125,True
textmeaning_black_0076,/content/stroop_expanded_vlm/text_meaning_control/images/textmeaning_black_0076.png,/content/stroop_expanded_vlm/text_meaning_control/masks/textmeaning_black_0076_mask.png,text_meaning_control,english,black,black,black,white,color,the word says {},black,0.306884765625,True
textmeaning_black_0077,/content/stroop_expanded_vlm/text_meaning_control/images/textmeaning_black_0077.png,/content/stroop_expanded_vlm/text_meaning_control/masks/textmeaning_black_0077_mask.png,text_meaning_control,english,black,black,black,white,color,the word says {},black,0.304931640625,True
textmeaning_black_0078,/content/stroop_expanded_vlm/text_meaning_control/images/textmeaning_black_0078.png,/content/stroop_expanded_vlm/text_meaning_control/masks/textmeaning_black_0078_mask.png,text_meaning_control,english,black,black,black,white,color,the word says {},black,0.30810546875,True
textmeaning_black_0079,/content/stroop_expanded_vlm/text_meaning_control/images/textmeaning_black_0079.png,/content/stroop_expanded_vlm/text_meaning_control/masks/textmeaning_black_0079_mask.png,text_meaning_control,english,black,black,black,white,color,the word says {},black,0.31298828125,True
textmeaning_black_0080,/content/stroop_expanded_vlm/text_meaning_control/images/textmeaning_black_0080.png,/content/stroop_expanded_vlm/text_meaning_control/masks/textmeaning_black_0080_mask.png,text_meaning_control,english,black,black,black,white,color,the word says {},black,0.313720703125,True
textmeaning_black_0081,/content/stroop_expanded_vlm/text_meaning_control/images/textmeaning_black_0081.png,/content/stroop_expanded_vlm/text_meaning_control/masks/textmeaning_black_0081_mask.png,text_meaning_control,english,black,black,black,white,color,the word says {},black,0.30908203125,True
textmeaning_black_0082,/content/stroop_expanded_vlm/text_meaning_control/images/textmeaning_black_0082.png,/content/stroop_expanded_vlm/text_meaning_control/masks/textmeaning_black_0082_mask.png,text_meaning_control,english,black,black,black,white,color,the word says {},black,0.3134765625,True
textmeaning_black_0083,/content/stroop_expanded_vlm/text_meaning_control/images/textmeaning_black_0083.png,/content/stroop_expanded_vlm/text_meaning_control/masks/textmeaning_black_0083_mask.png,text_meaning_control,english,black,black,black,white,color,the word says {},black,0.317138671875,True
textmeaning_black_0084,/content/stroop_expanded_vlm/text_meaning_control/images/textmeaning_black_0084.png,/content/stroop_expanded_vlm/text_meaning_control/masks/textmeaning_black_0084_mask.png,text_meaning_control,english,black,black,black,white,color,the word says {},black,0.30615234375,True
textmeaning_black_0085,/content/stroop_expanded_vlm/text_meaning_control/images/textmeaning_black_0085.png,/content/stroop_expanded_vlm/text_meaning_control/masks/textmeaning_black_0085_mask.png,text_meaning_control,english,black,black,black,white,color,the word says {},black,0.306884765625,True
textmeaning_black_0086,/content/stroop_expanded_vlm/text_meaning_control/images/textmeaning_black_0086.png,/content/stroop_expanded_vlm/text_meaning_control/masks/textmeaning_black_0086_mask.png,text_meaning_control,english,black,black,black,white,color,the word says {},black,0.310791015625,True
textmeaning_black_0087,/content/stroop_expanded_vlm/text_meaning_control/images/textmeaning_black_0087.png,/content/stroop_expanded_vlm/text_meaning_control/masks/textmeaning_black_0087_mask.png,text_meaning_control,english,black,black,black,white,color,the word says {},black,0.309814453125,True
textmeaning_black_0088,/content/stroop_expanded_vlm/text_meaning_control/images/textmeaning_black_0088.png,/content/stroop_expanded_vlm/text_meaning_control/masks/textmeaning_black_0088_mask.png,text_meaning_control,english,black,black,black,white,color,the word says {},black,0.32177734375,True
textmeaning_black_0089,/content/stroop_expanded_vlm/text_meaning_control/images/textmeaning_black_0089.png,/content/stroop_expanded_vlm/text_meaning_control/masks/textmeaning_black_0089_mask.png,text_meaning_control,english,black,black,black,white,color,the word says {},black,0.310791015625,True
textmeaning_black_0090,/content/stroop_expanded_vlm/text_meaning_control/images/textmeaning_black_0090.png,/content/stroop_expanded_vlm/text_meaning_control/masks/textmeaning_black_0090_mask.png,text_meaning_control,english,black,black,black,white,color,the word says {},black,0.323974609375,True
textmeaning_black_0091,/content/stroop_expanded_vlm/text_meaning_control/images/textmeaning_black_0091.png,/content/stroop_expanded_vlm/text_meaning_control/masks/textmeaning_black_0091_mask.png,text_meaning_control,english,black,black,black,white,color,the word says {},black,0.309326171875,True
textmeaning_black_0092,/content/stroop_expanded_vlm/text_meaning_control/images/textmeaning_black_0092.png,/content/stroop_expanded_vlm/text_meaning_control/masks/textmeaning_black_0092_mask.png,text_meaning_control,english,black,black,black,white,color,the word says {},black,0.312255859375,True
textmeaning_black_0093,/content/stroop_expanded_vlm/text_meaning_control/images/textmeaning_black_0093.png,/content/stroop_expanded_vlm/text_meaning_control/masks/textmeaning_black_0093_mask.png,text_meaning_control,english,black,black,black,white,color,the word says {},black,0.3203125,True
textmeaning_black_0094,/content/stroop_expanded_vlm/text_meaning_control/images/textmeaning_black_0094.png,/content/stroop_expanded_vlm/text_meaning_control/masks/textmeaning_black_0094_mask.png,text_meaning_control,english,black,black,black,white,color,the word says {},black,0.30224609375,True
textmeaning_black_0095,/content/stroop_expanded_vlm/text_meaning_control/images/textmeaning_black_0095.png,/content/stroop_expanded_vlm/text_meaning_control/masks/textmeaning_black_0095_mask.png,text_meaning_control,english,black,black,black,white,color,the word says {},black,0.307861328125,True
textmeaning_black_0096,/content/stroop_expanded_vlm/text_meaning_control/images/textmeaning_black_0096.png,/content/stroop_expanded_vlm/text_meaning_control/masks/textmeaning_black_0096_mask.png,text_meaning_control,english,black,black,black,white,color,the word says {},black,0.320556640625,True
textmeaning_black_0097,/content/stroop_expanded_vlm/text_meaning_control/images/textmeaning_black_0097.png,/content/stroop_expanded_vlm/text_meaning_control/masks/textmeaning_black_0097_mask.png,text_meaning_control,english,black,black,black,white,color,the word says {},black,0.31103515625,True
textmeaning_black_0098,/content/stroop_expanded_vlm/text_meaning_control/images/textmeaning_black_0098.png,/content/stroop_expanded_vlm/text_meaning_control/masks/textmeaning_black_0098_mask.png,text_meaning_control,english,black,black,black,white,color,the word says {},black,0.31103515625,True
textmeaning_black_0099,/content/stroop_expanded_vlm/text_meaning_control/images/textmeaning_black_0099.png,/content/stroop_expanded_vlm/text_meaning_control/masks/textmeaning_black_0099_mask.png,text_meaning_control,english,black,black,black,white,color,the word says {},black,0.311767578125,True
textmeaning_white_0000,/content/stroop_expanded_vlm/text_meaning_control/images/textmeaning_white_0000.png,/content/stroop_expanded_vlm/text_meaning_control/masks/textmeaning_white_0000_mask.png,text_meaning_control,english,white,white,black,white,color,the word says {},white,0.327392578125,True
textmeaning_white_0001,/content/stroop_expanded_vlm/text_meaning_control/images/textmeaning_white_0001.png,/content/stroop_expanded_vlm/text_meaning_control/masks/textmeaning_white_0001_mask.png,text_meaning_control,english,white,white,black,white,color,the word says {},white,0.323974609375,True
textmeaning_white_0002,/content/stroop_expanded_vlm/text_meaning_control/images/textmeaning_white_0002.png,/content/stroop_expanded_vlm/text_meaning_control/masks/textmeaning_white_0002_mask.png,text_meaning_control,english,white,white,black,white,color,the word says {},white,0.328369140625,True
textmeaning_white_0003,/content/stroop_expanded_vlm/text_meaning_control/images/textmeaning_white_0003.png,/content/stroop_expanded_vlm/text_meaning_control/masks/textmeaning_white_0003_mask.png,text_meaning_control,english,white,white,black,white,color,the word says {},white,0.329345703125,True
textmeaning_white_0004,/content/stroop_expanded_vlm/text_meaning_control/images/textmeaning_white_0004.png,/content/stroop_expanded_vlm/text_meaning_control/masks/textmeaning_white_0004_mask.png,text_meaning_control,english,white,white,black,white,color,the word says {},white,0.3271484375,True
textmeaning_white_0005,/content/stroop_expanded_vlm/text_meaning_control/images/textmeaning_white_0005.png,/content/stroop_expanded_vlm/text_meaning_control/masks/textmeaning_white_0005_mask.png,text_meaning_control,english,white,white,black,white,color,the word says {},white,0.3310546875,True
textmeaning_white_0006,/content/stroop_expanded_vlm/text_meaning_control/images/textmeaning_white_0006.png,/content/stroop_expanded_vlm/text_meaning_control/masks/textmeaning_white_0006_mask.png,text_meaning_control,english,white,white,black,white,color,the word says {},white,0.328857421875,True
textmeaning_white_0007,/content/stroop_expanded_vlm/text_meaning_control/images/textmeaning_white_0007.png,/content/stroop_expanded_vlm/text_meaning_control/masks/textmeaning_white_0007_mask.png,text_meaning_control,english,white,white,black,white,color,the word says {},white,0.331298828125,True
textmeaning_white_0008,/content/stroop_expanded_vlm/text_meaning_control/images/textmeaning_white_0008.png,/content/stroop_expanded_vlm/text_meaning_control/masks/textmeaning_white_0008_mask.png,text_meaning_control,english,white,white,black,white,color,the word says {},white,0.32861328125,True
textmeaning_white_0009,/content/stroop_expanded_vlm/text_meaning_control/images/textmeaning_white_0009.png,/content/stroop_expanded_vlm/text_meaning_control/masks/textmeaning_white_0009_mask.png,text_meaning_control,english,white,white,black,white,color,the word says {},white,0.326904296875,True
textmeaning_white_0010,/content/stroop_expanded_vlm/text_meaning_control/images/textmeaning_white_0010.png,/content/stroop_expanded_vlm/text_meaning_control/masks/textmeaning_white_0010_mask.png,text_meaning_control,english,white,white,black,white,color,the word says {},white,0.329345703125,True
textmeaning_white_0011,/content/stroop_expanded_vlm/text_meaning_control/images/textmeaning_white_0011.png,/content/stroop_expanded_vlm/text_meaning_control/masks/textmeaning_white_0011_mask.png,text_meaning_control,english,white,white,black,white,color,the word says {},white,0.3251953125,True
textmeaning_white_0012,/content/stroop_expanded_vlm/text_meaning_control/images/textmeaning_white_0012.png,/content/stroop_expanded_vlm/text_meaning_control/masks/textmeaning_white_0012_mask.png,text_meaning_control,english,white,white,black,white,color,the word says {},white,0.330322265625,True
textmeaning_white_0013,/content/stroop_expanded_vlm/text_meaning_control/images/textmeaning_white_0013.png,/content/stroop_expanded_vlm/text_meaning_control/masks/textmeaning_white_0013_mask.png,text_meaning_control,english,white,white,black,white,color,the word says {},white,0.32958984375,True
textmeaning_white_0014,/content/stroop_expanded_vlm/text_meaning_control/images/textmeaning_white_0014.png,/content/stroop_expanded_vlm/text_meaning_control/masks/textmeaning_white_0014_mask.png,text_meaning_control,english,white,white,black,white,color,the word says {},white,0.32763671875,True
textmeaning_white_0015,/content/stroop_expanded_vlm/text_meaning_control/images/textmeaning_white_0015.png,/content/stroop_expanded_vlm/text_meaning_control/masks/textmeaning_white_0015_mask.png,text_meaning_control,english,white,white,black,white,color,the word says {},white,0.32763671875,True
textmeaning_white_0016,/content/stroop_expanded_vlm/text_meaning_control/images/textmeaning_white_0016.png,/content/stroop_expanded_vlm/text_meaning_control/masks/textmeaning_white_0016_mask.png,text_meaning_control,english,white,white,black,white,color,the word says {},white,0.32958984375,True
textmeaning_white_0017,/content/stroop_expanded_vlm/text_meaning_control/images/textmeaning_white_0017.png,/content/stroop_expanded_vlm/text_meaning_control/masks/textmeaning_white_0017_mask.png,text_meaning_control,english,white,white,black,white,color,the word says {},white,0.33203125,True
textmeaning_white_0018,/content/stroop_expanded_vlm/text_meaning_control/images/textmeaning_white_0018.png,/content/stroop_expanded_vlm/text_meaning_control/masks/textmeaning_white_0018_mask.png,text_meaning_control,english,white,white,black,white,color,the word says {},white,0.32666015625,True
textmeaning_white_0019,/content/stroop_expanded_vlm/text_meaning_control/images/textmeaning_white_0019.png,/content/stroop_expanded_vlm/text_meaning_control/masks/textmeaning_white_0019_mask.png,text_meaning_control,english,white,white,black,white,color,the word says {},white,0.326171875,True
textmeaning_white_0020,/content/stroop_expanded_vlm/text_meaning_control/images/textmeaning_white_0020.png,/content/stroop_expanded_vlm/text_meaning_control/masks/textmeaning_white_0020_mask.png,text_meaning_control,english,white,white,black,white,color,the word says {},white,0.322265625,True
textmeaning_white_0021,/content/stroop_expanded_vlm/text_meaning_control/images/textmeaning_white_0021.png,/content/stroop_expanded_vlm/text_meaning_control/masks/textmeaning_white_0021_mask.png,text_meaning_control,english,white,white,black,white,color,the word says {},white,0.329833984375,True
textmeaning_white_0022,/content/stroop_expanded_vlm/text_meaning_control/images/textmeaning_white_0022.png,/content/stroop_expanded_vlm/text_meaning_control/masks/textmeaning_white_0022_mask.png,text_meaning_control,english,white,white,black,white,color,the word says {},white,0.328369140625,True
textmeaning_white_0023,/content/stroop_expanded_vlm/text_meaning_control/images/textmeaning_white_0023.png,/content/stroop_expanded_vlm/text_meaning_control/masks/textmeaning_white_0023_mask.png,text_meaning_control,english,white,white,black,white,color,the word says {},white,0.328857421875,True
textmeaning_white_0024,/content/stroop_expanded_vlm/text_meaning_control/images/textmeaning_white_0024.png,/content/stroop_expanded_vlm/text_meaning_control/masks/textmeaning_white_0024_mask.png,text_meaning_control,english,white,white,black,white,color,the word says {},white,0.328857421875,True
textmeaning_white_0025,/content/stroop_expanded_vlm/text_meaning_control/images/textmeaning_white_0025.png,/content/stroop_expanded_vlm/text_meaning_control/masks/textmeaning_white_0025_mask.png,text_meaning_control,english,white,white,black,white,color,the word says {},white,0.330810546875,True
textmeaning_white_0026,/content/stroop_expanded_vlm/text_meaning_control/images/textmeaning_white_0026.png,/content/stroop_expanded_vlm/text_meaning_control/masks/textmeaning_white_0026_mask.png,text_meaning_control,english,white,white,black,white,color,the word says {},white,0.327392578125,True
textmeaning_white_0027,/content/stroop_expanded_vlm/text_meaning_control/images/textmeaning_white_0027.png,/content/stroop_expanded_vlm/text_meaning_control/masks/textmeaning_white_0027_mask.png,text_meaning_control,english,white,white,black,white,color,the word says {},white,0.32421875,True
textmeaning_white_0028,/content/stroop_expanded_vlm/text_meaning_control/images/textmeaning_white_0028.png,/content/stroop_expanded_vlm/text_meaning_control/masks/textmeaning_white_0028_mask.png,text_meaning_control,english,white,white,black,white,color,the word says {},white,0.3251953125,True
textmeaning_white_0029,/content/stroop_expanded_vlm/text_meaning_control/images/textmeaning_white_0029.png,/content/stroop_expanded_vlm/text_meaning_control/masks/textmeaning_white_0029_mask.png,text_meaning_control,english,white,white,black,white,color,the word says {},white,0.3271484375,True
textmeaning_white_0030,/content/stroop_expanded_vlm/text_meaning_control/images/textmeaning_white_0030.png,/content/stroop_expanded_vlm/text_meaning_control/masks/textmeaning_white_0030_mask.png,text_meaning_control,english,white,white,black,white,color,the word says {},white,0.33154296875,True
textmeaning_white_0031,/content/stroop_expanded_vlm/text_meaning_control/images/textmeaning_white_0031.png,/content/stroop_expanded_vlm/text_meaning_control/masks/textmeaning_white_0031_mask.png,text_meaning_control,english,white,white,black,white,color,the word says {},white,0.332275390625,True
textmeaning_white_0032,/content/stroop_expanded_vlm/text_meaning_control/images/textmeaning_white_0032.png,/content/stroop_expanded_vlm/text_meaning_control/masks/textmeaning_white_0032_mask.png,text_meaning_control,english,white,white,black,white,color,the word says {},white,0.3291015625,True
textmeaning_white_0033,/content/stroop_expanded_vlm/text_meaning_control/images/textmeaning_white_0033.png,/content/stroop_expanded_vlm/text_meaning_control/masks/textmeaning_white_0033_mask.png,text_meaning_control,english,white,white,black,white,color,the word says {},white,0.328369140625,True
textmeaning_white_0034,/content/stroop_expanded_vlm/text_meaning_control/images/textmeaning_white_0034.png,/content/stroop_expanded_vlm/text_meaning_control/masks/textmeaning_white_0034_mask.png,text_meaning_control,english,white,white,black,white,color,the word says {},white,0.326171875,True
textmeaning_white_0035,/content/stroop_expanded_vlm/text_meaning_control/images/textmeaning_white_0035.png,/content/stroop_expanded_vlm/text_meaning_control/masks/textmeaning_white_0035_mask.png,text_meaning_control,english,white,white,black,white,color,the word says {},white,0.330322265625,True
textmeaning_white_0036,/content/stroop_expanded_vlm/text_meaning_control/images/textmeaning_white_0036.png,/content/stroop_expanded_vlm/text_meaning_control/masks/textmeaning_white_0036_mask.png,text_meaning_control,english,white,white,black,white,color,the word says {},white,0.327880859375,True
textmeaning_white_0037,/content/stroop_expanded_vlm/text_meaning_control/images/textmeaning_white_0037.png,/content/stroop_expanded_vlm/text_meaning_control/masks/textmeaning_white_0037_mask.png,text_meaning_control,english,white,white,black,white,color,the word says {},white,0.323974609375,True
textmeaning_white_0038,/content/stroop_expanded_vlm/text_meaning_control/images/textmeaning_white_0038.png,/content/stroop_expanded_vlm/text_meaning_control/masks/textmeaning_white_0038_mask.png,text_meaning_control,english,white,white,black,white,color,the word says {},white,0.328125,True
textmeaning_white_0039,/content/stroop_expanded_vlm/text_meaning_control/images/textmeaning_white_0039.png,/content/stroop_expanded_vlm/text_meaning_control/masks/textmeaning_white_0039_mask.png,text_meaning_control,english,white,white,black,white,color,the word says {},white,0.328125,True
textmeaning_white_0040,/content/stroop_expanded_vlm/text_meaning_control/images/textmeaning_white_0040.png,/content/stroop_expanded_vlm/text_meaning_control/masks/textmeaning_white_0040_mask.png,text_meaning_control,english,white,white,black,white,color,the word says {},white,0.3271484375,True
textmeaning_white_0041,/content/stroop_expanded_vlm/text_meaning_control/images/textmeaning_white_0041.png,/content/stroop_expanded_vlm/text_meaning_control/masks/textmeaning_white_0041_mask.png,text_meaning_control,english,white,white,black,white,color,the word says {},white,0.329833984375,True
textmeaning_white_0042,/content/stroop_expanded_vlm/text_meaning_control/images/textmeaning_white_0042.png,/content/stroop_expanded_vlm/text_meaning_control/masks/textmeaning_white_0042_mask.png,text_meaning_control,english,white,white,black,white,color,the word says {},white,0.329833984375,True
textmeaning_white_0043,/content/stroop_expanded_vlm/text_meaning_control/images/textmeaning_white_0043.png,/content/stroop_expanded_vlm/text_meaning_control/masks/textmeaning_white_0043_mask.png,text_meaning_control,english,white,white,black,white,color,the word says {},white,0.3310546875,True
textmeaning_white_0044,/content/stroop_expanded_vlm/text_meaning_control/images/textmeaning_white_0044.png,/content/stroop_expanded_vlm/text_meaning_control/masks/textmeaning_white_0044_mask.png,text_meaning_control,english,white,white,black,white,color,the word says {},white,0.328125,True
textmeaning_white_0045,/content/stroop_expanded_vlm/text_meaning_control/images/textmeaning_white_0045.png,/content/stroop_expanded_vlm/text_meaning_control/masks/textmeaning_white_0045_mask.png,text_meaning_control,english,white,white,black,white,color,the word says {},white,0.328369140625,True
textmeaning_white_0046,/content/stroop_expanded_vlm/text_meaning_control/images/textmeaning_white_0046.png,/content/stroop_expanded_vlm/text_meaning_control/masks/textmeaning_white_0046_mask.png,text_meaning_control,english,white,white,black,white,color,the word says {},white,0.33056640625,True
textmeaning_white_0047,/content/stroop_expanded_vlm/text_meaning_control/images/textmeaning_white_0047.png,/content/stroop_expanded_vlm/text_meaning_control/masks/textmeaning_white_0047_mask.png,text_meaning_control,english,white,white,black,white,color,the word says {},white,0.331298828125,True
textmeaning_white_0048,/content/stroop_expanded_vlm/text_meaning_control/images/textmeaning_white_0048.png,/content/stroop_expanded_vlm/text_meaning_control/masks/textmeaning_white_0048_mask.png,text_meaning_control,english,white,white,black,white,color,the word says {},white,0.32568359375,True
textmeaning_white_0049,/content/stroop_expanded_vlm/text_meaning_control/images/textmeaning_white_0049.png,/content/stroop_expanded_vlm/text_meaning_control/masks/textmeaning_white_0049_mask.png,text_meaning_control,english,white,white,black,white,color,the word says {},white,0.326416015625,True
textmeaning_white_0050,/content/stroop_expanded_vlm/text_meaning_control/images/textmeaning_white_0050.png,/content/stroop_expanded_vlm/text_meaning_control/masks/textmeaning_white_0050_mask.png,text_meaning_control,english,white,white,black,white,color,the word says {},white,0.33154296875,True
textmeaning_white_0051,/content/stroop_expanded_vlm/text_meaning_control/images/textmeaning_white_0051.png,/content/stroop_expanded_vlm/text_meaning_control/masks/textmeaning_white_0051_mask.png,text_meaning_control,english,white,white,black,white,color,the word says {},white,0.3310546875,True
textmeaning_white_0052,/content/stroop_expanded_vlm/text_meaning_control/images/textmeaning_white_0052.png,/content/stroop_expanded_vlm/text_meaning_control/masks/textmeaning_white_0052_mask.png,text_meaning_control,english,white,white,black,white,color,the word says {},white,0.32861328125,True
textmeaning_white_0053,/content/stroop_expanded_vlm/text_meaning_control/images/textmeaning_white_0053.png,/content/stroop_expanded_vlm/text_meaning_control/masks/textmeaning_white_0053_mask.png,text_meaning_control,english,white,white,black,white,color,the word says {},white,0.32861328125,True
textmeaning_white_0054,/content/stroop_expanded_vlm/text_meaning_control/images/textmeaning_white_0054.png,/content/stroop_expanded_vlm/text_meaning_control/masks/textmeaning_white_0054_mask.png,text_meaning_control,english,white,white,black,white,color,the word says {},white,0.326171875,True
textmeaning_white_0055,/content/stroop_expanded_vlm/text_meaning_control/images/textmeaning_white_0055.png,/content/stroop_expanded_vlm/text_meaning_control/masks/textmeaning_white_0055_mask.png,text_meaning_control,english,white,white,black,white,color,the word says {},white,0.33056640625,True
textmeaning_white_0056,/content/stroop_expanded_vlm/text_meaning_control/images/textmeaning_white_0056.png,/content/stroop_expanded_vlm/text_meaning_control/masks/textmeaning_white_0056_mask.png,text_meaning_control,english,white,white,black,white,color,the word says {},white,0.32373046875,True
textmeaning_white_0057,/content/stroop_expanded_vlm/text_meaning_control/images/textmeaning_white_0057.png,/content/stroop_expanded_vlm/text_meaning_control/masks/textmeaning_white_0057_mask.png,text_meaning_control,english,white,white,black,white,color,the word says {},white,0.33056640625,True
textmeaning_white_0058,/content/stroop_expanded_vlm/text_meaning_control/images/textmeaning_white_0058.png,/content/stroop_expanded_vlm/text_meaning_control/masks/textmeaning_white_0058_mask.png,text_meaning_control,english,white,white,black,white,color,the word says {},white,0.330078125,True
textmeaning_white_0059,/content/stroop_expanded_vlm/text_meaning_control/images/textmeaning_white_0059.png,/content/stroop_expanded_vlm/text_meaning_control/masks/textmeaning_white_0059_mask.png,text_meaning_control,english,white,white,black,white,color,the word says {},white,0.3291015625,True
textmeaning_white_0060,/content/stroop_expanded_vlm/text_meaning_control/images/textmeaning_white_0060.png,/content/stroop_expanded_vlm/text_meaning_control/masks/textmeaning_white_0060_mask.png,text_meaning_control,english,white,white,black,white,color,the word says {},white,0.330078125,True
textmeaning_white_0061,/content/stroop_expanded_vlm/text_meaning_control/images/textmeaning_white_0061.png,/content/stroop_expanded_vlm/text_meaning_control/masks/textmeaning_white_0061_mask.png,text_meaning_control,english,white,white,black,white,color,the word says {},white,0.3291015625,True
textmeaning_white_0062,/content/stroop_expanded_vlm/text_meaning_control/images/textmeaning_white_0062.png,/content/stroop_expanded_vlm/text_meaning_control/masks/textmeaning_white_0062_mask.png,text_meaning_control,english,white,white,black,white,color,the word says {},white,0.328125,True
textmeaning_white_0063,/content/stroop_expanded_vlm/text_meaning_control/images/textmeaning_white_0063.png,/content/stroop_expanded_vlm/text_meaning_control/masks/textmeaning_white_0063_mask.png,text_meaning_control,english,white,white,black,white,color,the word says {},white,0.32958984375,True
textmeaning_white_0064,/content/stroop_expanded_vlm/text_meaning_control/images/textmeaning_white_0064.png,/content/stroop_expanded_vlm/text_meaning_control/masks/textmeaning_white_0064_mask.png,text_meaning_control,english,white,white,black,white,color,the word says {},white,0.32958984375,True
textmeaning_white_0065,/content/stroop_expanded_vlm/text_meaning_control/images/textmeaning_white_0065.png,/content/stroop_expanded_vlm/text_meaning_control/masks/textmeaning_white_0065_mask.png,text_meaning_control,english,white,white,black,white,color,the word says {},white,0.327392578125,True
textmeaning_white_0066,/content/stroop_expanded_vlm/text_meaning_control/images/textmeaning_white_0066.png,/content/stroop_expanded_vlm/text_meaning_control/masks/textmeaning_white_0066_mask.png,text_meaning_control,english,white,white,black,white,color,the word says {},white,0.326171875,True
textmeaning_white_0067,/content/stroop_expanded_vlm/text_meaning_control/images/textmeaning_white_0067.png,/content/stroop_expanded_vlm/text_meaning_control/masks/textmeaning_white_0067_mask.png,text_meaning_control,english,white,white,black,white,color,the word says {},white,0.330810546875,True
textmeaning_white_0068,/content/stroop_expanded_vlm/text_meaning_control/images/textmeaning_white_0068.png,/content/stroop_expanded_vlm/text_meaning_control/masks/textmeaning_white_0068_mask.png,text_meaning_control,english,white,white,black,white,color,the word says {},white,0.323974609375,True
textmeaning_white_0069,/content/stroop_expanded_vlm/text_meaning_control/images/textmeaning_white_0069.png,/content/stroop_expanded_vlm/text_meaning_control/masks/textmeaning_white_0069_mask.png,text_meaning_control,english,white,white,black,white,color,the word says {},white,0.330322265625,True
textmeaning_white_0070,/content/stroop_expanded_vlm/text_meaning_control/images/textmeaning_white_0070.png,/content/stroop_expanded_vlm/text_meaning_control/masks/textmeaning_white_0070_mask.png,text_meaning_control,english,white,white,black,white,color,the word says {},white,0.326416015625,True
textmeaning_white_0071,/content/stroop_expanded_vlm/text_meaning_control/images/textmeaning_white_0071.png,/content/stroop_expanded_vlm/text_meaning_control/masks/textmeaning_white_0071_mask.png,text_meaning_control,english,white,white,black,white,color,the word says {},white,0.329345703125,True
textmeaning_white_0072,/content/stroop_expanded_vlm/text_meaning_control/images/textmeaning_white_0072.png,/content/stroop_expanded_vlm/text_meaning_control/masks/textmeaning_white_0072_mask.png,text_meaning_control,english,white,white,black,white,color,the word says {},white,0.32080078125,True
textmeaning_white_0073,/content/stroop_expanded_vlm/text_meaning_control/images/textmeaning_white_0073.png,/content/stroop_expanded_vlm/text_meaning_control/masks/textmeaning_white_0073_mask.png,text_meaning_control,english,white,white,black,white,color,the word says {},white,0.330078125,True
textmeaning_white_0074,/content/stroop_expanded_vlm/text_meaning_control/images/textmeaning_white_0074.png,/content/stroop_expanded_vlm/text_meaning_control/masks/textmeaning_white_0074_mask.png,text_meaning_control,english,white,white,black,white,color,the word says {},white,0.3291015625,True
textmeaning_white_0075,/content/stroop_expanded_vlm/text_meaning_control/images/textmeaning_white_0075.png,/content/stroop_expanded_vlm/text_meaning_control/masks/textmeaning_white_0075_mask.png,text_meaning_control,english,white,white,black,white,color,the word says {},white,0.329345703125,True
textmeaning_white_0076,/content/stroop_expanded_vlm/text_meaning_control/images/textmeaning_white_0076.png,/content/stroop_expanded_vlm/text_meaning_control/masks/textmeaning_white_0076_mask.png,text_meaning_control,english,white,white,black,white,color,the word says {},white,0.330810546875,True
textmeaning_white_0077,/content/stroop_expanded_vlm/text_meaning_control/images/textmeaning_white_0077.png,/content/stroop_expanded_vlm/text_meaning_control/masks/textmeaning_white_0077_mask.png,text_meaning_control,english,white,white,black,white,color,the word says {},white,0.33056640625,True
textmeaning_white_0078,/content/stroop_expanded_vlm/text_meaning_control/images/textmeaning_white_0078.png,/content/stroop_expanded_vlm/text_meaning_control/masks/textmeaning_white_0078_mask.png,text_meaning_control,english,white,white,black,white,color,the word says {},white,0.330322265625,True
textmeaning_white_0079,/content/stroop_expanded_vlm/text_meaning_control/images/textmeaning_white_0079.png,/content/stroop_expanded_vlm/text_meaning_control/masks/textmeaning_white_0079_mask.png,text_meaning_control,english,white,white,black,white,color,the word says {},white,0.328125,True
textmeaning_white_0080,/content/stroop_expanded_vlm/text_meaning_control/images/textmeaning_white_0080.png,/content/stroop_expanded_vlm/text_meaning_control/masks/textmeaning_white_0080_mask.png,text_meaning_control,english,white,white,black,white,color,the word says {},white,0.326171875,True
textmeaning_white_0081,/content/stroop_expanded_vlm/text_meaning_control/images/textmeaning_white_0081.png,/content/stroop_expanded_vlm/text_meaning_control/masks/textmeaning_white_0081_mask.png,text_meaning_control,english,white,white,black,white,color,the word says {},white,0.33203125,True
textmeaning_white_0082,/content/stroop_expanded_vlm/text_meaning_control/images/textmeaning_white_0082.png,/content/stroop_expanded_vlm/text_meaning_control/masks/textmeaning_white_0082_mask.png,text_meaning_control,english,white,white,black,white,color,the word says {},white,0.32470703125,True
textmeaning_white_0083,/content/stroop_expanded_vlm/text_meaning_control/images/textmeaning_white_0083.png,/content/stroop_expanded_vlm/text_meaning_control/masks/textmeaning_white_0083_mask.png,text_meaning_control,english,white,white,black,white,color,the word says {},white,0.326171875,True
textmeaning_white_0084,/content/stroop_expanded_vlm/text_meaning_control/images/textmeaning_white_0084.png,/content/stroop_expanded_vlm/text_meaning_control/masks/textmeaning_white_0084_mask.png,text_meaning_control,english,white,white,black,white,color,the word says {},white,0.328857421875,True
textmeaning_white_0085,/content/stroop_expanded_vlm/text_meaning_control/images/textmeaning_white_0085.png,/content/stroop_expanded_vlm/text_meaning_control/masks/textmeaning_white_0085_mask.png,text_meaning_control,english,white,white,black,white,color,the word says {},white,0.330322265625,True
textmeaning_white_0086,/content/stroop_expanded_vlm/text_meaning_control/images/textmeaning_white_0086.png,/content/stroop_expanded_vlm/text_meaning_control/masks/textmeaning_white_0086_mask.png,text_meaning_control,english,white,white,black,white,color,the word says {},white,0.324951171875,True
textmeaning_white_0087,/content/stroop_expanded_vlm/text_meaning_control/images/textmeaning_white_0087.png,/content/stroop_expanded_vlm/text_meaning_control/masks/textmeaning_white_0087_mask.png,text_meaning_control,english,white,white,black,white,color,the word says {},white,0.32568359375,True
textmeaning_white_0088,/content/stroop_expanded_vlm/text_meaning_control/images/textmeaning_white_0088.png,/content/stroop_expanded_vlm/text_meaning_control/masks/textmeaning_white_0088_mask.png,text_meaning_control,english,white,white,black,white,color,the word says {},white,0.3271484375,True
textmeaning_white_0089,/content/stroop_expanded_vlm/text_meaning_control/images/textmeaning_white_0089.png,/content/stroop_expanded_vlm/text_meaning_control/masks/textmeaning_white_0089_mask.png,text_meaning_control,english,white,white,black,white,color,the word says {},white,0.331298828125,True
textmeaning_white_0090,/content/stroop_expanded_vlm/text_meaning_control/images/textmeaning_white_0090.png,/content/stroop_expanded_vlm/text_meaning_control/masks/textmeaning_white_0090_mask.png,text_meaning_control,english,white,white,black,white,color,the word says {},white,0.326416015625,True
textmeaning_white_0091,/content/stroop_expanded_vlm/text_meaning_control/images/textmeaning_white_0091.png,/content/stroop_expanded_vlm/text_meaning_control/masks/textmeaning_white_0091_mask.png,text_meaning_control,english,white,white,black,white,color,the word says {},white,0.328369140625,True
textmeaning_white_0092,/content/stroop_expanded_vlm/text_meaning_control/images/textmeaning_white_0092.png,/content/stroop_expanded_vlm/text_meaning_control/masks/textmeaning_white_0092_mask.png,text_meaning_control,english,white,white,black,white,color,the word says {},white,0.328125,True
textmeaning_white_0093,/content/stroop_expanded_vlm/text_meaning_control/images/textmeaning_white_0093.png,/content/stroop_expanded_vlm/text_meaning_control/masks/textmeaning_white_0093_mask.png,text_meaning_control,english,white,white,black,white,color,the word says {},white,0.32666015625,True
textmeaning_white_0094,/content/stroop_expanded_vlm/text_meaning_control/images/textmeaning_white_0094.png,/content/stroop_expanded_vlm/text_meaning_control/masks/textmeaning_white_0094_mask.png,text_meaning_control,english,white,white,black,white,color,the word says {},white,0.327392578125,True
textmeaning_white_0095,/content/stroop_expanded_vlm/text_meaning_control/images/textmeaning_white_0095.png,/content/stroop_expanded_vlm/text_meaning_control/masks/textmeaning_white_0095_mask.png,text_meaning_control,english,white,white,black,white,color,the word says {},white,0.33154296875,True
textmeaning_white_0096,/content/stroop_expanded_vlm/text_meaning_control/images/textmeaning_white_0096.png,/content/stroop_expanded_vlm/text_meaning_control/masks/textmeaning_white_0096_mask.png,text_meaning_control,english,white,white,black,white,color,the word says {},white,0.326904296875,True
textmeaning_white_0097,/content/stroop_expanded_vlm/text_meaning_control/images/textmeaning_white_0097.png,/content/stroop_expanded_vlm/text_meaning_control/masks/textmeaning_white_0097_mask.png,text_meaning_control,english,white,white,black,white,color,the word says {},white,0.326904296875,True
textmeaning_white_0098,/content/stroop_expanded_vlm/text_meaning_control/images/textmeaning_white_0098.png,/content/stroop_expanded_vlm/text_meaning_control/masks/textmeaning_white_0098_mask.png,text_meaning_control,english,white,white,black,white,color,the word says {},white,0.32861328125,True
textmeaning_white_0099,/content/stroop_expanded_vlm/text_meaning_control/images/textmeaning_white_0099.png,/content/stroop_expanded_vlm/text_meaning_control/masks/textmeaning_white_0099_mask.png,text_meaning_control,english,white,white,black,white,color,the word says {},white,0.33154296875,True
textmeaning_cat_0000,/content/stroop_expanded_vlm/text_meaning_control/images/textmeaning_cat_0000.png,/content/stroop_expanded_vlm/text_meaning_control/masks/textmeaning_cat_0000_mask.png,text_meaning_control,english,cat,cat,black,white,neutral_object,the word says {},cat,0.330078125,True
textmeaning_cat_0001,/content/stroop_expanded_vlm/text_meaning_control/images/textmeaning_cat_0001.png,/content/stroop_expanded_vlm/text_meaning_control/masks/textmeaning_cat_0001_mask.png,text_meaning_control,english,cat,cat,black,white,neutral_object,the word says {},cat,0.324951171875,True
textmeaning_cat_0002,/content/stroop_expanded_vlm/text_meaning_control/images/textmeaning_cat_0002.png,/content/stroop_expanded_vlm/text_meaning_control/masks/textmeaning_cat_0002_mask.png,text_meaning_control,english,cat,cat,black,white,neutral_object,the word says {},cat,0.3310546875,True
textmeaning_cat_0003,/content/stroop_expanded_vlm/text_meaning_control/images/textmeaning_cat_0003.png,/content/stroop_expanded_vlm/text_meaning_control/masks/textmeaning_cat_0003_mask.png,text_meaning_control,english,cat,cat,black,white,neutral_object,the word says {},cat,0.32958984375,True
textmeaning_cat_0004,/content/stroop_expanded_vlm/text_meaning_control/images/textmeaning_cat_0004.png,/content/stroop_expanded_vlm/text_meaning_control/masks/textmeaning_cat_0004_mask.png,text_meaning_control,english,cat,cat,black,white,neutral_object,the word says {},cat,0.327392578125,True
textmeaning_cat_0005,/content/stroop_expanded_vlm/text_meaning_control/images/textmeaning_cat_0005.png,/content/stroop_expanded_vlm/text_meaning_control/masks/textmeaning_cat_0005_mask.png,text_meaning_control,english,cat,cat,black,white,neutral_object,the word says {},cat,0.316650390625,True
textmeaning_cat_0006,/content/stroop_expanded_vlm/text_meaning_control/images/textmeaning_cat_0006.png,/content/stroop_expanded_vlm/text_meaning_control/masks/textmeaning_cat_0006_mask.png,text_meaning_control,english,cat,cat,black,white,neutral_object,the word says {},cat,0.3271484375,True
textmeaning_cat_0007,/content/stroop_expanded_vlm/text_meaning_control/images/textmeaning_cat_0007.png,/content/stroop_expanded_vlm/text_meaning_control/masks/textmeaning_cat_0007_mask.png,text_meaning_control,english,cat,cat,black,white,neutral_object,the word says {},cat,0.329833984375,True
textmeaning_cat_0008,/content/stroop_expanded_vlm/text_meaning_control/images/textmeaning_cat_0008.png,/content/stroop_expanded_vlm/text_meaning_control/masks/textmeaning_cat_0008_mask.png,text_meaning_control,english,cat,cat,black,white,neutral_object,the word says {},cat,0.331787109375,True
textmeaning_cat_0009,/content/stroop_expanded_vlm/text_meaning_control/images/textmeaning_cat_0009.png,/content/stroop_expanded_vlm/text_meaning_control/masks/textmeaning_cat_0009_mask.png,text_meaning_control,english,cat,cat,black,white,neutral_object,the word says {},cat,0.328369140625,True
textmeaning_cat_0010,/content/stroop_expanded_vlm/text_meaning_control/images/textmeaning_cat_0010.png,/content/stroop_expanded_vlm/text_meaning_control/masks/textmeaning_cat_0010_mask.png,text_meaning_control,english,cat,cat,black,white,neutral_object,the word says {},cat,0.331298828125,True
textmeaning_cat_0011,/content/stroop_expanded_vlm/text_meaning_control/images/textmeaning_cat_0011.png,/content/stroop_expanded_vlm/text_meaning_control/masks/textmeaning_cat_0011_mask.png,text_meaning_control,english,cat,cat,black,white,neutral_object,the word says {},cat,0.331298828125,True
textmeaning_cat_0012,/content/stroop_expanded_vlm/text_meaning_control/images/textmeaning_cat_0012.png,/content/stroop_expanded_vlm/text_meaning_control/masks/textmeaning_cat_0012_mask.png,text_meaning_control,english,cat,cat,black,white,neutral_object,the word says {},cat,0.328369140625,True
textmeaning_cat_0013,/content/stroop_expanded_vlm/text_meaning_control/images/textmeaning_cat_0013.png,/content/stroop_expanded_vlm/text_meaning_control/masks/textmeaning_cat_0013_mask.png,text_meaning_control,english,cat,cat,black,white,neutral_object,the word says {},cat,0.332763671875,True
textmeaning_cat_0014,/content/stroop_expanded_vlm/text_meaning_control/images/textmeaning_cat_0014.png,/content/stroop_expanded_vlm/text_meaning_control/masks/textmeaning_cat_0014_mask.png,text_meaning_control,english,cat,cat,black,white,neutral_object,the word says {},cat,0.33154296875,True
textmeaning_cat_0015,/content/stroop_expanded_vlm/text_meaning_control/images/textmeaning_cat_0015.png,/content/stroop_expanded_vlm/text_meaning_control/masks/textmeaning_cat_0015_mask.png,text_meaning_control,english,cat,cat,black,white,neutral_object,the word says {},cat,0.331298828125,True
textmeaning_cat_0016,/content/stroop_expanded_vlm/text_meaning_control/images/textmeaning_cat_0016.png,/content/stroop_expanded_vlm/text_meaning_control/masks/textmeaning_cat_0016_mask.png,text_meaning_control,english,cat,cat,black,white,neutral_object,the word says {},cat,0.330078125,True
textmeaning_cat_0017,/content/stroop_expanded_vlm/text_meaning_control/images/textmeaning_cat_0017.png,/content/stroop_expanded_vlm/text_meaning_control/masks/textmeaning_cat_0017_mask.png,text_meaning_control,english,cat,cat,black,white,neutral_object,the word says {},cat,0.3291015625,True
textmeaning_cat_0018,/content/stroop_expanded_vlm/text_meaning_control/images/textmeaning_cat_0018.png,/content/stroop_expanded_vlm/text_meaning_control/masks/textmeaning_cat_0018_mask.png,text_meaning_control,english,cat,cat,black,white,neutral_object,the word says {},cat,0.32861328125,True
textmeaning_cat_0019,/content/stroop_expanded_vlm/text_meaning_control/images/textmeaning_cat_0019.png,/content/stroop_expanded_vlm/text_meaning_control/masks/textmeaning_cat_0019_mask.png,text_meaning_control,english,cat,cat,black,white,neutral_object,the word says {},cat,0.32861328125,True
textmeaning_cat_0020,/content/stroop_expanded_vlm/text_meaning_control/images/textmeaning_cat_0020.png,/content/stroop_expanded_vlm/text_meaning_control/masks/textmeaning_cat_0020_mask.png,text_meaning_control,english,cat,cat,black,white,neutral_object,the word says {},cat,0.330078125,True
textmeaning_cat_0021,/content/stroop_expanded_vlm/text_meaning_control/images/textmeaning_cat_0021.png,/content/stroop_expanded_vlm/text_meaning_control/masks/textmeaning_cat_0021_mask.png,text_meaning_control,english,cat,cat,black,white,neutral_object,the word says {},cat,0.328857421875,True
textmeaning_cat_0022,/content/stroop_expanded_vlm/text_meaning_control/images/textmeaning_cat_0022.png,/content/stroop_expanded_vlm/text_meaning_control/masks/textmeaning_cat_0022_mask.png,text_meaning_control,english,cat,cat,black,white,neutral_object,the word says {},cat,0.326904296875,True
textmeaning_cat_0023,/content/stroop_expanded_vlm/text_meaning_control/images/textmeaning_cat_0023.png,/content/stroop_expanded_vlm/text_meaning_control/masks/textmeaning_cat_0023_mask.png,text_meaning_control,english,cat,cat,black,white,neutral_object,the word says {},cat,0.328857421875,True
textmeaning_cat_0024,/content/stroop_expanded_vlm/text_meaning_control/images/textmeaning_cat_0024.png,/content/stroop_expanded_vlm/text_meaning_control/masks/textmeaning_cat_0024_mask.png,text_meaning_control,english,cat,cat,black,white,neutral_object,the word says {},cat,0.326904296875,True
textmeaning_cat_0025,/content/stroop_expanded_vlm/text_meaning_control/images/textmeaning_cat_0025.png,/content/stroop_expanded_vlm/text_meaning_control/masks/textmeaning_cat_0025_mask.png,text_meaning_control,english,cat,cat,black,white,neutral_object,the word says {},cat,0.328857421875,True
textmeaning_cat_0026,/content/stroop_expanded_vlm/text_meaning_control/images/textmeaning_cat_0026.png,/content/stroop_expanded_vlm/text_meaning_control/masks/textmeaning_cat_0026_mask.png,text_meaning_control,english,cat,cat,black,white,neutral_object,the word says {},cat,0.33251953125,True
textmeaning_cat_0027,/content/stroop_expanded_vlm/text_meaning_control/images/textmeaning_cat_0027.png,/content/stroop_expanded_vlm/text_meaning_control/masks/textmeaning_cat_0027_mask.png,text_meaning_control,english,cat,cat,black,white,neutral_object,the word says {},cat,0.329833984375,True
textmeaning_cat_0028,/content/stroop_expanded_vlm/text_meaning_control/images/textmeaning_cat_0028.png,/content/stroop_expanded_vlm/text_meaning_control/masks/textmeaning_cat_0028_mask.png,text_meaning_control,english,cat,cat,black,white,neutral_object,the word says {},cat,0.33154296875,True
textmeaning_cat_0029,/content/stroop_expanded_vlm/text_meaning_control/images/textmeaning_cat_0029.png,/content/stroop_expanded_vlm/text_meaning_control/masks/textmeaning_cat_0029_mask.png,text_meaning_control,english,cat,cat,black,white,neutral_object,the word says {},cat,0.330810546875,True
textmeaning_cat_0030,/content/stroop_expanded_vlm/text_meaning_control/images/textmeaning_cat_0030.png,/content/stroop_expanded_vlm/text_meaning_control/masks/textmeaning_cat_0030_mask.png,text_meaning_control,english,cat,cat,black,white,neutral_object,the word says {},cat,0.329345703125,True
textmeaning_cat_0031,/content/stroop_expanded_vlm/text_meaning_control/images/textmeaning_cat_0031.png,/content/stroop_expanded_vlm/text_meaning_control/masks/textmeaning_cat_0031_mask.png,text_meaning_control,english,cat,cat,black,white,neutral_object,the word says {},cat,0.330810546875,True
textmeaning_cat_0032,/content/stroop_expanded_vlm/text_meaning_control/images/textmeaning_cat_0032.png,/content/stroop_expanded_vlm/text_meaning_control/masks/textmeaning_cat_0032_mask.png,text_meaning_control,english,cat,cat,black,white,neutral_object,the word says {},cat,0.326171875,True
textmeaning_cat_0033,/content/stroop_expanded_vlm/text_meaning_control/images/textmeaning_cat_0033.png,/content/stroop_expanded_vlm/text_meaning_control/masks/textmeaning_cat_0033_mask.png,text_meaning_control,english,cat,cat,black,white,neutral_object,the word says {},cat,0.331298828125,True
textmeaning_cat_0034,/content/stroop_expanded_vlm/text_meaning_control/images/textmeaning_cat_0034.png,/content/stroop_expanded_vlm/text_meaning_control/masks/textmeaning_cat_0034_mask.png,text_meaning_control,english,cat,cat,black,white,neutral_object,the word says {},cat,0.33251953125,True
textmeaning_cat_0035,/content/stroop_expanded_vlm/text_meaning_control/images/textmeaning_cat_0035.png,/content/stroop_expanded_vlm/text_meaning_control/masks/textmeaning_cat_0035_mask.png,text_meaning_control,english,cat,cat,black,white,neutral_object,the word says {},cat,0.330810546875,True
textmeaning_cat_0036,/content/stroop_expanded_vlm/text_meaning_control/images/textmeaning_cat_0036.png,/content/stroop_expanded_vlm/text_meaning_control/masks/textmeaning_cat_0036_mask.png,text_meaning_control,english,cat,cat,black,white,neutral_object,the word says {},cat,0.326171875,True
textmeaning_cat_0037,/content/stroop_expanded_vlm/text_meaning_control/images/textmeaning_cat_0037.png,/content/stroop_expanded_vlm/text_meaning_control/masks/textmeaning_cat_0037_mask.png,text_meaning_control,english,cat,cat,black,white,neutral_object,the word says {},cat,0.3251953125,True
textmeaning_cat_0038,/content/stroop_expanded_vlm/text_meaning_control/images/textmeaning_cat_0038.png,/content/stroop_expanded_vlm/text_meaning_control/masks/textmeaning_cat_0038_mask.png,text_meaning_control,english,cat,cat,black,white,neutral_object,the word says {},cat,0.326904296875,True
textmeaning_cat_0039,/content/stroop_expanded_vlm/text_meaning_control/images/textmeaning_cat_0039.png,/content/stroop_expanded_vlm/text_meaning_control/masks/textmeaning_cat_0039_mask.png,text_meaning_control,english,cat,cat,black,white,neutral_object,the word says {},cat,0.326904296875,True
textmeaning_cat_0040,/content/stroop_expanded_vlm/text_meaning_control/images/textmeaning_cat_0040.png,/content/stroop_expanded_vlm/text_meaning_control/masks/textmeaning_cat_0040_mask.png,text_meaning_control,english,cat,cat,black,white,neutral_object,the word says {},cat,0.329833984375,True
textmeaning_cat_0041,/content/stroop_expanded_vlm/text_meaning_control/images/textmeaning_cat_0041.png,/content/stroop_expanded_vlm/text_meaning_control/masks/textmeaning_cat_0041_mask.png,text_meaning_control,english,cat,cat,black,white,neutral_object,the word says {},cat,0.329833984375,True
textmeaning_cat_0042,/content/stroop_expanded_vlm/text_meaning_control/images/textmeaning_cat_0042.png,/content/stroop_expanded_vlm/text_meaning_control/masks/textmeaning_cat_0042_mask.png,text_meaning_control,english,cat,cat,black,white,neutral_object,the word says {},cat,0.32861328125,True
textmeaning_cat_0043,/content/stroop_expanded_vlm/text_meaning_control/images/textmeaning_cat_0043.png,/content/stroop_expanded_vlm/text_meaning_control/masks/textmeaning_cat_0043_mask.png,text_meaning_control,english,cat,cat,black,white,neutral_object,the word says {},cat,0.324951171875,True
textmeaning_cat_0044,/content/stroop_expanded_vlm/text_meaning_control/images/textmeaning_cat_0044.png,/content/stroop_expanded_vlm/text_meaning_control/masks/textmeaning_cat_0044_mask.png,text_meaning_control,english,cat,cat,black,white,neutral_object,the word says {},cat,0.326171875,True
textmeaning_cat_0045,/content/stroop_expanded_vlm/text_meaning_control/images/textmeaning_cat_0045.png,/content/stroop_expanded_vlm/text_meaning_control/masks/textmeaning_cat_0045_mask.png,text_meaning_control,english,cat,cat,black,white,neutral_object,the word says {},cat,0.327392578125,True
textmeaning_cat_0046,/content/stroop_expanded_vlm/text_meaning_control/images/textmeaning_cat_0046.png,/content/stroop_expanded_vlm/text_meaning_control/masks/textmeaning_cat_0046_mask.png,text_meaning_control,english,cat,cat,black,white,neutral_object,the word says {},cat,0.330810546875,True
textmeaning_cat_0047,/content/stroop_expanded_vlm/text_meaning_control/images/textmeaning_cat_0047.png,/content/stroop_expanded_vlm/text_meaning_control/masks/textmeaning_cat_0047_mask.png,text_meaning_control,english,cat,cat,black,white,neutral_object,the word says {},cat,0.328125,True
textmeaning_cat_0048,/content/stroop_expanded_vlm/text_meaning_control/images/textmeaning_cat_0048.png,/content/stroop_expanded_vlm/text_meaning_control/masks/textmeaning_cat_0048_mask.png,text_meaning_control,english,cat,cat,black,white,neutral_object,the word says {},cat,0.32763671875,True
textmeaning_cat_0049,/content/stroop_expanded_vlm/text_meaning_control/images/textmeaning_cat_0049.png,/content/stroop_expanded_vlm/text_meaning_control/masks/textmeaning_cat_0049_mask.png,text_meaning_control,english,cat,cat,black,white,neutral_object,the word says {},cat,0.328125,True
textmeaning_cat_0050,/content/stroop_expanded_vlm/text_meaning_control/images/textmeaning_cat_0050.png,/content/stroop_expanded_vlm/text_meaning_control/masks/textmeaning_cat_0050_mask.png,text_meaning_control,english,cat,cat,black,white,neutral_object,the word says {},cat,0.324951171875,True
textmeaning_cat_0051,/content/stroop_expanded_vlm/text_meaning_control/images/textmeaning_cat_0051.png,/content/stroop_expanded_vlm/text_meaning_control/masks/textmeaning_cat_0051_mask.png,text_meaning_control,english,cat,cat,black,white,neutral_object,the word says {},cat,0.326171875,True
textmeaning_cat_0052,/content/stroop_expanded_vlm/text_meaning_control/images/textmeaning_cat_0052.png,/content/stroop_expanded_vlm/text_meaning_control/masks/textmeaning_cat_0052_mask.png,text_meaning_control,english,cat,cat,black,white,neutral_object,the word says {},cat,0.32275390625,True
textmeaning_cat_0053,/content/stroop_expanded_vlm/text_meaning_control/images/textmeaning_cat_0053.png,/content/stroop_expanded_vlm/text_meaning_control/masks/textmeaning_cat_0053_mask.png,text_meaning_control,english,cat,cat,black,white,neutral_object,the word says {},cat,0.322265625,True
textmeaning_cat_0054,/content/stroop_expanded_vlm/text_meaning_control/images/textmeaning_cat_0054.png,/content/stroop_expanded_vlm/text_meaning_control/masks/textmeaning_cat_0054_mask.png,text_meaning_control,english,cat,cat,black,white,neutral_object,the word says {},cat,0.328369140625,True
textmeaning_cat_0055,/content/stroop_expanded_vlm/text_meaning_control/images/textmeaning_cat_0055.png,/content/stroop_expanded_vlm/text_meaning_control/masks/textmeaning_cat_0055_mask.png,text_meaning_control,english,cat,cat,black,white,neutral_object,the word says {},cat,0.32958984375,True
textmeaning_cat_0056,/content/stroop_expanded_vlm/text_meaning_control/images/textmeaning_cat_0056.png,/content/stroop_expanded_vlm/text_meaning_control/masks/textmeaning_cat_0056_mask.png,text_meaning_control,english,cat,cat,black,white,neutral_object,the word says {},cat,0.331298828125,True
textmeaning_cat_0057,/content/stroop_expanded_vlm/text_meaning_control/images/textmeaning_cat_0057.png,/content/stroop_expanded_vlm/text_meaning_control/masks/textmeaning_cat_0057_mask.png,text_meaning_control,english,cat,cat,black,white,neutral_object,the word says {},cat,0.330078125,True
textmeaning_cat_0058,/content/stroop_expanded_vlm/text_meaning_control/images/textmeaning_cat_0058.png,/content/stroop_expanded_vlm/text_meaning_control/masks/textmeaning_cat_0058_mask.png,text_meaning_control,english,cat,cat,black,white,neutral_object,the word says {},cat,0.329345703125,True
textmeaning_cat_0059,/content/stroop_expanded_vlm/text_meaning_control/images/textmeaning_cat_0059.png,/content/stroop_expanded_vlm/text_meaning_control/masks/textmeaning_cat_0059_mask.png,text_meaning_control,english,cat,cat,black,white,neutral_object,the word says {},cat,0.330810546875,True
textmeaning_cat_0060,/content/stroop_expanded_vlm/text_meaning_control/images/textmeaning_cat_0060.png,/content/stroop_expanded_vlm/text_meaning_control/masks/textmeaning_cat_0060_mask.png,text_meaning_control,english,cat,cat,black,white,neutral_object,the word says {},cat,0.329833984375,True
textmeaning_cat_0061,/content/stroop_expanded_vlm/text_meaning_control/images/textmeaning_cat_0061.png,/content/stroop_expanded_vlm/text_meaning_control/masks/textmeaning_cat_0061_mask.png,text_meaning_control,english,cat,cat,black,white,neutral_object,the word says {},cat,0.328857421875,True
textmeaning_cat_0062,/content/stroop_expanded_vlm/text_meaning_control/images/textmeaning_cat_0062.png,/content/stroop_expanded_vlm/text_meaning_control/masks/textmeaning_cat_0062_mask.png,text_meaning_control,english,cat,cat,black,white,neutral_object,the word says {},cat,0.329833984375,True
textmeaning_cat_0063,/content/stroop_expanded_vlm/text_meaning_control/images/textmeaning_cat_0063.png,/content/stroop_expanded_vlm/text_meaning_control/masks/textmeaning_cat_0063_mask.png,text_meaning_control,english,cat,cat,black,white,neutral_object,the word says {},cat,0.325927734375,True
textmeaning_cat_0064,/content/stroop_expanded_vlm/text_meaning_control/images/textmeaning_cat_0064.png,/content/stroop_expanded_vlm/text_meaning_control/masks/textmeaning_cat_0064_mask.png,text_meaning_control,english,cat,cat,black,white,neutral_object,the word says {},cat,0.3291015625,True
textmeaning_cat_0065,/content/stroop_expanded_vlm/text_meaning_control/images/textmeaning_cat_0065.png,/content/stroop_expanded_vlm/text_meaning_control/masks/textmeaning_cat_0065_mask.png,text_meaning_control,english,cat,cat,black,white,neutral_object,the word says {},cat,0.31982421875,True
textmeaning_cat_0066,/content/stroop_expanded_vlm/text_meaning_control/images/textmeaning_cat_0066.png,/content/stroop_expanded_vlm/text_meaning_control/masks/textmeaning_cat_0066_mask.png,text_meaning_control,english,cat,cat,black,white,neutral_object,the word says {},cat,0.330322265625,True
textmeaning_cat_0067,/content/stroop_expanded_vlm/text_meaning_control/images/textmeaning_cat_0067.png,/content/stroop_expanded_vlm/text_meaning_control/masks/textmeaning_cat_0067_mask.png,text_meaning_control,english,cat,cat,black,white,neutral_object,the word says {},cat,0.3330078125,True
textmeaning_cat_0068,/content/stroop_expanded_vlm/text_meaning_control/images/textmeaning_cat_0068.png,/content/stroop_expanded_vlm/text_meaning_control/masks/textmeaning_cat_0068_mask.png,text_meaning_control,english,cat,cat,black,white,neutral_object,the word says {},cat,0.331787109375,True
textmeaning_cat_0069,/content/stroop_expanded_vlm/text_meaning_control/images/textmeaning_cat_0069.png,/content/stroop_expanded_vlm/text_meaning_control/masks/textmeaning_cat_0069_mask.png,text_meaning_control,english,cat,cat,black,white,neutral_object,the word says {},cat,0.330810546875,True
textmeaning_cat_0070,/content/stroop_expanded_vlm/text_meaning_control/images/textmeaning_cat_0070.png,/content/stroop_expanded_vlm/text_meaning_control/masks/textmeaning_cat_0070_mask.png,text_meaning_control,english,cat,cat,black,white,neutral_object,the word says {},cat,0.328857421875,True
textmeaning_cat_0071,/content/stroop_expanded_vlm/text_meaning_control/images/textmeaning_cat_0071.png,/content/stroop_expanded_vlm/text_meaning_control/masks/textmeaning_cat_0071_mask.png,text_meaning_control,english,cat,cat,black,white,neutral_object,the word says {},cat,0.328369140625,True
textmeaning_cat_0072,/content/stroop_expanded_vlm/text_meaning_control/images/textmeaning_cat_0072.png,/content/stroop_expanded_vlm/text_meaning_control/masks/textmeaning_cat_0072_mask.png,text_meaning_control,english,cat,cat,black,white,neutral_object,the word says {},cat,0.322265625,True
textmeaning_cat_0073,/content/stroop_expanded_vlm/text_meaning_control/images/textmeaning_cat_0073.png,/content/stroop_expanded_vlm/text_meaning_control/masks/textmeaning_cat_0073_mask.png,text_meaning_control,english,cat,cat,black,white,neutral_object,the word says {},cat,0.3291015625,True
textmeaning_cat_0074,/content/stroop_expanded_vlm/text_meaning_control/images/textmeaning_cat_0074.png,/content/stroop_expanded_vlm/text_meaning_control/masks/textmeaning_cat_0074_mask.png,text_meaning_control,english,cat,cat,black,white,neutral_object,the word says {},cat,0.327392578125,True
textmeaning_cat_0075,/content/stroop_expanded_vlm/text_meaning_control/images/textmeaning_cat_0075.png,/content/stroop_expanded_vlm/text_meaning_control/masks/textmeaning_cat_0075_mask.png,text_meaning_control,english,cat,cat,black,white,neutral_object,the word says {},cat,0.3310546875,True
textmeaning_cat_0076,/content/stroop_expanded_vlm/text_meaning_control/images/textmeaning_cat_0076.png,/content/stroop_expanded_vlm/text_meaning_control/masks/textmeaning_cat_0076_mask.png,text_meaning_control,english,cat,cat,black,white,neutral_object,the word says {},cat,0.326171875,True
textmeaning_cat_0077,/content/stroop_expanded_vlm/text_meaning_control/images/textmeaning_cat_0077.png,/content/stroop_expanded_vlm/text_meaning_control/masks/textmeaning_cat_0077_mask.png,text_meaning_control,english,cat,cat,black,white,neutral_object,the word says {},cat,0.33251953125,True
textmeaning_cat_0078,/content/stroop_expanded_vlm/text_meaning_control/images/textmeaning_cat_0078.png,/content/stroop_expanded_vlm/text_meaning_control/masks/textmeaning_cat_0078_mask.png,text_meaning_control,english,cat,cat,black,white,neutral_object,the word says {},cat,0.323486328125,True
textmeaning_cat_0079,/content/stroop_expanded_vlm/text_meaning_control/images/textmeaning_cat_0079.png,/content/stroop_expanded_vlm/text_meaning_control/masks/textmeaning_cat_0079_mask.png,text_meaning_control,english,cat,cat,black,white,neutral_object,the word says {},cat,0.3330078125,True
textmeaning_cat_0080,/content/stroop_expanded_vlm/text_meaning_control/images/textmeaning_cat_0080.png,/content/stroop_expanded_vlm/text_meaning_control/masks/textmeaning_cat_0080_mask.png,text_meaning_control,english,cat,cat,black,white,neutral_object,the word says {},cat,0.3291015625,True
textmeaning_cat_0081,/content/stroop_expanded_vlm/text_meaning_control/images/textmeaning_cat_0081.png,/content/stroop_expanded_vlm/text_meaning_control/masks/textmeaning_cat_0081_mask.png,text_meaning_control,english,cat,cat,black,white,neutral_object,the word says {},cat,0.327880859375,True
textmeaning_cat_0082,/content/stroop_expanded_vlm/text_meaning_control/images/textmeaning_cat_0082.png,/content/stroop_expanded_vlm/text_meaning_control/masks/textmeaning_cat_0082_mask.png,text_meaning_control,english,cat,cat,black,white,neutral_object,the word says {},cat,0.32080078125,True
textmeaning_cat_0083,/content/stroop_expanded_vlm/text_meaning_control/images/textmeaning_cat_0083.png,/content/stroop_expanded_vlm/text_meaning_control/masks/textmeaning_cat_0083_mask.png,text_meaning_control,english,cat,cat,black,white,neutral_object,the word says {},cat,0.328857421875,True
textmeaning_cat_0084,/content/stroop_expanded_vlm/text_meaning_control/images/textmeaning_cat_0084.png,/content/stroop_expanded_vlm/text_meaning_control/masks/textmeaning_cat_0084_mask.png,text_meaning_control,english,cat,cat,black,white,neutral_object,the word says {},cat,0.32861328125,True
textmeaning_cat_0085,/content/stroop_expanded_vlm/text_meaning_control/images/textmeaning_cat_0085.png,/content/stroop_expanded_vlm/text_meaning_control/masks/textmeaning_cat_0085_mask.png,text_meaning_control,english,cat,cat,black,white,neutral_object,the word says {},cat,0.328369140625,True
textmeaning_cat_0086,/content/stroop_expanded_vlm/text_meaning_control/images/textmeaning_cat_0086.png,/content/stroop_expanded_vlm/text_meaning_control/masks/textmeaning_cat_0086_mask.png,text_meaning_control,english,cat,cat,black,white,neutral_object,the word says {},cat,0.33251953125,True
textmeaning_cat_0087,/content/stroop_expanded_vlm/text_meaning_control/images/textmeaning_cat_0087.png,/content/stroop_expanded_vlm/text_meaning_control/masks/textmeaning_cat_0087_mask.png,text_meaning_control,english,cat,cat,black,white,neutral_object,the word says {},cat,0.329833984375,True
textmeaning_cat_0088,/content/stroop_expanded_vlm/text_meaning_control/images/textmeaning_cat_0088.png,/content/stroop_expanded_vlm/text_meaning_control/masks/textmeaning_cat_0088_mask.png,text_meaning_control,english,cat,cat,black,white,neutral_object,the word says {},cat,0.331298828125,True
textmeaning_cat_0089,/content/stroop_expanded_vlm/text_meaning_control/images/textmeaning_cat_0089.png,/content/stroop_expanded_vlm/text_meaning_control/masks/textmeaning_cat_0089_mask.png,text_meaning_control,english,cat,cat,black,white,neutral_object,the word says {},cat,0.328125,True
textmeaning_cat_0090,/content/stroop_expanded_vlm/text_meaning_control/images/textmeaning_cat_0090.png,/content/stroop_expanded_vlm/text_meaning_control/masks/textmeaning_cat_0090_mask.png,text_meaning_control,english,cat,cat,black,white,neutral_object,the word says {},cat,0.330078125,True
textmeaning_cat_0091,/content/stroop_expanded_vlm/text_meaning_control/images/textmeaning_cat_0091.png,/content/stroop_expanded_vlm/text_meaning_control/masks/textmeaning_cat_0091_mask.png,text_meaning_control,english,cat,cat,black,white,neutral_object,the word says {},cat,0.326171875,True
textmeaning_cat_0092,/content/stroop_expanded_vlm/text_meaning_control/images/textmeaning_cat_0092.png,/content/stroop_expanded_vlm/text_meaning_control/masks/textmeaning_cat_0092_mask.png,text_meaning_control,english,cat,cat,black,white,neutral_object,the word says {},cat,0.32470703125,True
textmeaning_cat_0093,/content/stroop_expanded_vlm/text_meaning_control/images/textmeaning_cat_0093.png,/content/stroop_expanded_vlm/text_meaning_control/masks/textmeaning_cat_0093_mask.png,text_meaning_control,english,cat,cat,black,white,neutral_object,the word says {},cat,0.32958984375,True
textmeaning_cat_0094,/content/stroop_expanded_vlm/text_meaning_control/images/textmeaning_cat_0094.png,/content/stroop_expanded_vlm/text_meaning_control/masks/textmeaning_cat_0094_mask.png,text_meaning_control,english,cat,cat,black,white,neutral_object,the word says {},cat,0.331298828125,True
textmeaning_cat_0095,/content/stroop_expanded_vlm/text_meaning_control/images/textmeaning_cat_0095.png,/content/stroop_expanded_vlm/text_meaning_control/masks/textmeaning_cat_0095_mask.png,text_meaning_control,english,cat,cat,black,white,neutral_object,the word says {},cat,0.3310546875,True
textmeaning_cat_0096,/content/stroop_expanded_vlm/text_meaning_control/images/textmeaning_cat_0096.png,/content/stroop_expanded_vlm/text_meaning_control/masks/textmeaning_cat_0096_mask.png,text_meaning_control,english,cat,cat,black,white,neutral_object,the word says {},cat,0.331298828125,True
textmeaning_cat_0097,/content/stroop_expanded_vlm/text_meaning_control/images/textmeaning_cat_0097.png,/content/stroop_expanded_vlm/text_meaning_control/masks/textmeaning_cat_0097_mask.png,text_meaning_control,english,cat,cat,black,white,neutral_object,the word says {},cat,0.326416015625,True
textmeaning_cat_0098,/content/stroop_expanded_vlm/text_meaning_control/images/textmeaning_cat_0098.png,/content/stroop_expanded_vlm/text_meaning_control/masks/textmeaning_cat_0098_mask.png,text_meaning_control,english,cat,cat,black,white,neutral_object,the word says {},cat,0.328125,True
textmeaning_cat_0099,/content/stroop_expanded_vlm/text_meaning_control/images/textmeaning_cat_0099.png,/content/stroop_expanded_vlm/text_meaning_control/masks/textmeaning_cat_0099_mask.png,text_meaning_control,english,cat,cat,black,white,neutral_object,the word says {},cat,0.324462890625,True
textmeaning_dog_0000,/content/stroop_expanded_vlm/text_meaning_control/images/textmeaning_dog_0000.png,/content/stroop_expanded_vlm/text_meaning_control/masks/textmeaning_dog_0000_mask.png,text_meaning_control,english,dog,dog,black,white,neutral_object,the word says {},dog,0.324951171875,True
textmeaning_dog_0001,/content/stroop_expanded_vlm/text_meaning_control/images/textmeaning_dog_0001.png,/content/stroop_expanded_vlm/text_meaning_control/masks/textmeaning_dog_0001_mask.png,text_meaning_control,english,dog,dog,black,white,neutral_object,the word says {},dog,0.32763671875,True
textmeaning_dog_0002,/content/stroop_expanded_vlm/text_meaning_control/images/textmeaning_dog_0002.png,/content/stroop_expanded_vlm/text_meaning_control/masks/textmeaning_dog_0002_mask.png,text_meaning_control,english,dog,dog,black,white,neutral_object,the word says {},dog,0.334228515625,True
textmeaning_dog_0003,/content/stroop_expanded_vlm/text_meaning_control/images/textmeaning_dog_0003.png,/content/stroop_expanded_vlm/text_meaning_control/masks/textmeaning_dog_0003_mask.png,text_meaning_control,english,dog,dog,black,white,neutral_object,the word says {},dog,0.327880859375,True
textmeaning_dog_0004,/content/stroop_expanded_vlm/text_meaning_control/images/textmeaning_dog_0004.png,/content/stroop_expanded_vlm/text_meaning_control/masks/textmeaning_dog_0004_mask.png,text_meaning_control,english,dog,dog,black,white,neutral_object,the word says {},dog,0.32568359375,True
textmeaning_dog_0005,/content/stroop_expanded_vlm/text_meaning_control/images/textmeaning_dog_0005.png,/content/stroop_expanded_vlm/text_meaning_control/masks/textmeaning_dog_0005_mask.png,text_meaning_control,english,dog,dog,black,white,neutral_object,the word says {},dog,0.3349609375,True
textmeaning_dog_0006,/content/stroop_expanded_vlm/text_meaning_control/images/textmeaning_dog_0006.png,/content/stroop_expanded_vlm/text_meaning_control/masks/textmeaning_dog_0006_mask.png,text_meaning_control,english,dog,dog,black,white,neutral_object,the word says {},dog,0.32763671875,True
textmeaning_dog_0007,/content/stroop_expanded_vlm/text_meaning_control/images/textmeaning_dog_0007.png,/content/stroop_expanded_vlm/text_meaning_control/masks/textmeaning_dog_0007_mask.png,text_meaning_control,english,dog,dog,black,white,neutral_object,the word says {},dog,0.33837890625,True
textmeaning_dog_0008,/content/stroop_expanded_vlm/text_meaning_control/images/textmeaning_dog_0008.png,/content/stroop_expanded_vlm/text_meaning_control/masks/textmeaning_dog_0008_mask.png,text_meaning_control,english,dog,dog,black,white,neutral_object,the word says {},dog,0.32958984375,True
textmeaning_dog_0009,/content/stroop_expanded_vlm/text_meaning_control/images/textmeaning_dog_0009.png,/content/stroop_expanded_vlm/text_meaning_control/masks/textmeaning_dog_0009_mask.png,text_meaning_control,english,dog,dog,black,white,neutral_object,the word says {},dog,0.331298828125,True
textmeaning_dog_0010,/content/stroop_expanded_vlm/text_meaning_control/images/textmeaning_dog_0010.png,/content/stroop_expanded_vlm/text_meaning_control/masks/textmeaning_dog_0010_mask.png,text_meaning_control,english,dog,dog,black,white,neutral_object,the word says {},dog,0.333984375,True
textmeaning_dog_0011,/content/stroop_expanded_vlm/text_meaning_control/images/textmeaning_dog_0011.png,/content/stroop_expanded_vlm/text_meaning_control/masks/textmeaning_dog_0011_mask.png,text_meaning_control,english,dog,dog,black,white,neutral_object,the word says {},dog,0.335205078125,True
textmeaning_dog_0012,/content/stroop_expanded_vlm/text_meaning_control/images/textmeaning_dog_0012.png,/content/stroop_expanded_vlm/text_meaning_control/masks/textmeaning_dog_0012_mask.png,text_meaning_control,english,dog,dog,black,white,neutral_object,the word says {},dog,0.3359375,True
textmeaning_dog_0013,/content/stroop_expanded_vlm/text_meaning_control/images/textmeaning_dog_0013.png,/content/stroop_expanded_vlm/text_meaning_control/masks/textmeaning_dog_0013_mask.png,text_meaning_control,english,dog,dog,black,white,neutral_object,the word says {},dog,0.33251953125,True
textmeaning_dog_0014,/content/stroop_expanded_vlm/text_meaning_control/images/textmeaning_dog_0014.png,/content/stroop_expanded_vlm/text_meaning_control/masks/textmeaning_dog_0014_mask.png,text_meaning_control,english,dog,dog,black,white,neutral_object,the word says {},dog,0.33349609375,True
textmeaning_dog_0015,/content/stroop_expanded_vlm/text_meaning_control/images/textmeaning_dog_0015.png,/content/stroop_expanded_vlm/text_meaning_control/masks/textmeaning_dog_0015_mask.png,text_meaning_control,english,dog,dog,black,white,neutral_object,the word says {},dog,0.335205078125,True
textmeaning_dog_0016,/content/stroop_expanded_vlm/text_meaning_control/images/textmeaning_dog_0016.png,/content/stroop_expanded_vlm/text_meaning_control/masks/textmeaning_dog_0016_mask.png,text_meaning_control,english,dog,dog,black,white,neutral_object,the word says {},dog,0.335693359375,True
textmeaning_dog_0017,/content/stroop_expanded_vlm/text_meaning_control/images/textmeaning_dog_0017.png,/content/stroop_expanded_vlm/text_meaning_control/masks/textmeaning_dog_0017_mask.png,text_meaning_control,english,dog,dog,black,white,neutral_object,the word says {},dog,0.333984375,True
textmeaning_dog_0018,/content/stroop_expanded_vlm/text_meaning_control/images/textmeaning_dog_0018.png,/content/stroop_expanded_vlm/text_meaning_control/masks/textmeaning_dog_0018_mask.png,text_meaning_control,english,dog,dog,black,white,neutral_object,the word says {},dog,0.336181640625,True
textmeaning_dog_0019,/content/stroop_expanded_vlm/text_meaning_control/images/textmeaning_dog_0019.png,/content/stroop_expanded_vlm/text_meaning_control/masks/textmeaning_dog_0019_mask.png,text_meaning_control,english,dog,dog,black,white,neutral_object,the word says {},dog,0.325927734375,True
textmeaning_dog_0020,/content/stroop_expanded_vlm/text_meaning_control/images/textmeaning_dog_0020.png,/content/stroop_expanded_vlm/text_meaning_control/masks/textmeaning_dog_0020_mask.png,text_meaning_control,english,dog,dog,black,white,neutral_object,the word says {},dog,0.3369140625,True
textmeaning_dog_0021,/content/stroop_expanded_vlm/text_meaning_control/images/textmeaning_dog_0021.png,/content/stroop_expanded_vlm/text_meaning_control/masks/textmeaning_dog_0021_mask.png,text_meaning_control,english,dog,dog,black,white,neutral_object,the word says {},dog,0.32763671875,True
textmeaning_dog_0022,/content/stroop_expanded_vlm/text_meaning_control/images/textmeaning_dog_0022.png,/content/stroop_expanded_vlm/text_meaning_control/masks/textmeaning_dog_0022_mask.png,text_meaning_control,english,dog,dog,black,white,neutral_object,the word says {},dog,0.334716796875,True
textmeaning_dog_0023,/content/stroop_expanded_vlm/text_meaning_control/images/textmeaning_dog_0023.png,/content/stroop_expanded_vlm/text_meaning_control/masks/textmeaning_dog_0023_mask.png,text_meaning_control,english,dog,dog,black,white,neutral_object,the word says {},dog,0.333740234375,True
textmeaning_dog_0024,/content/stroop_expanded_vlm/text_meaning_control/images/textmeaning_dog_0024.png,/content/stroop_expanded_vlm/text_meaning_control/masks/textmeaning_dog_0024_mask.png,text_meaning_control,english,dog,dog,black,white,neutral_object,the word says {},dog,0.33251953125,True
textmeaning_dog_0025,/content/stroop_expanded_vlm/text_meaning_control/images/textmeaning_dog_0025.png,/content/stroop_expanded_vlm/text_meaning_control/masks/textmeaning_dog_0025_mask.png,text_meaning_control,english,dog,dog,black,white,neutral_object,the word says {},dog,0.330322265625,True
textmeaning_dog_0026,/content/stroop_expanded_vlm/text_meaning_control/images/textmeaning_dog_0026.png,/content/stroop_expanded_vlm/text_meaning_control/masks/textmeaning_dog_0026_mask.png,text_meaning_control,english,dog,dog,black,white,neutral_object,the word says {},dog,0.33203125,True
textmeaning_dog_0027,/content/stroop_expanded_vlm/text_meaning_control/images/textmeaning_dog_0027.png,/content/stroop_expanded_vlm/text_meaning_control/masks/textmeaning_dog_0027_mask.png,text_meaning_control,english,dog,dog,black,white,neutral_object,the word says {},dog,0.3212890625,True
textmeaning_dog_0028,/content/stroop_expanded_vlm/text_meaning_control/images/textmeaning_dog_0028.png,/content/stroop_expanded_vlm/text_meaning_control/masks/textmeaning_dog_0028_mask.png,text_meaning_control,english,dog,dog,black,white,neutral_object,the word says {},dog,0.339599609375,True
textmeaning_dog_0029,/content/stroop_expanded_vlm/text_meaning_control/images/textmeaning_dog_0029.png,/content/stroop_expanded_vlm/text_meaning_control/masks/textmeaning_dog_0029_mask.png,text_meaning_control,english,dog,dog,black,white,neutral_object,the word says {},dog,0.335205078125,True
textmeaning_dog_0030,/content/stroop_expanded_vlm/text_meaning_control/images/textmeaning_dog_0030.png,/content/stroop_expanded_vlm/text_meaning_control/masks/textmeaning_dog_0030_mask.png,text_meaning_control,english,dog,dog,black,white,neutral_object,the word says {},dog,0.330078125,True
textmeaning_dog_0031,/content/stroop_expanded_vlm/text_meaning_control/images/textmeaning_dog_0031.png,/content/stroop_expanded_vlm/text_meaning_control/masks/textmeaning_dog_0031_mask.png,text_meaning_control,english,dog,dog,black,white,neutral_object,the word says {},dog,0.336669921875,True
textmeaning_dog_0032,/content/stroop_expanded_vlm/text_meaning_control/images/textmeaning_dog_0032.png,/content/stroop_expanded_vlm/text_meaning_control/masks/textmeaning_dog_0032_mask.png,text_meaning_control,english,dog,dog,black,white,neutral_object,the word says {},dog,0.328369140625,True
textmeaning_dog_0033,/content/stroop_expanded_vlm/text_meaning_control/images/textmeaning_dog_0033.png,/content/stroop_expanded_vlm/text_meaning_control/masks/textmeaning_dog_0033_mask.png,text_meaning_control,english,dog,dog,black,white,neutral_object,the word says {},dog,0.328369140625,True
textmeaning_dog_0034,/content/stroop_expanded_vlm/text_meaning_control/images/textmeaning_dog_0034.png,/content/stroop_expanded_vlm/text_meaning_control/masks/textmeaning_dog_0034_mask.png,text_meaning_control,english,dog,dog,black,white,neutral_object,the word says {},dog,0.333984375,True
textmeaning_dog_0035,/content/stroop_expanded_vlm/text_meaning_control/images/textmeaning_dog_0035.png,/content/stroop_expanded_vlm/text_meaning_control/masks/textmeaning_dog_0035_mask.png,text_meaning_control,english,dog,dog,black,white,neutral_object,the word says {},dog,0.337646484375,True
textmeaning_dog_0036,/content/stroop_expanded_vlm/text_meaning_control/images/textmeaning_dog_0036.png,/content/stroop_expanded_vlm/text_meaning_control/masks/textmeaning_dog_0036_mask.png,text_meaning_control,english,dog,dog,black,white,neutral_object,the word says {},dog,0.337890625,True
textmeaning_dog_0037,/content/stroop_expanded_vlm/text_meaning_control/images/textmeaning_dog_0037.png,/content/stroop_expanded_vlm/text_meaning_control/masks/textmeaning_dog_0037_mask.png,text_meaning_control,english,dog,dog,black,white,neutral_object,the word says {},dog,0.3310546875,True
textmeaning_dog_0038,/content/stroop_expanded_vlm/text_meaning_control/images/textmeaning_dog_0038.png,/content/stroop_expanded_vlm/text_meaning_control/masks/textmeaning_dog_0038_mask.png,text_meaning_control,english,dog,dog,black,white,neutral_object,the word says {},dog,0.332763671875,True
textmeaning_dog_0039,/content/stroop_expanded_vlm/text_meaning_control/images/textmeaning_dog_0039.png,/content/stroop_expanded_vlm/text_meaning_control/masks/textmeaning_dog_0039_mask.png,text_meaning_control,english,dog,dog,black,white,neutral_object,the word says {},dog,0.340576171875,True
textmeaning_dog_0040,/content/stroop_expanded_vlm/text_meaning_control/images/textmeaning_dog_0040.png,/content/stroop_expanded_vlm/text_meaning_control/masks/textmeaning_dog_0040_mask.png,text_meaning_control,english,dog,dog,black,white,neutral_object,the word says {},dog,0.332763671875,True
textmeaning_dog_0041,/content/stroop_expanded_vlm/text_meaning_control/images/textmeaning_dog_0041.png,/content/stroop_expanded_vlm/text_meaning_control/masks/textmeaning_dog_0041_mask.png,text_meaning_control,english,dog,dog,black,white,neutral_object,the word says {},dog,0.340576171875,True
textmeaning_dog_0042,/content/stroop_expanded_vlm/text_meaning_control/images/textmeaning_dog_0042.png,/content/stroop_expanded_vlm/text_meaning_control/masks/textmeaning_dog_0042_mask.png,text_meaning_control,english,dog,dog,black,white,neutral_object,the word says {},dog,0.34228515625,True
textmeaning_dog_0043,/content/stroop_expanded_vlm/text_meaning_control/images/textmeaning_dog_0043.png,/content/stroop_expanded_vlm/text_meaning_control/masks/textmeaning_dog_0043_mask.png,text_meaning_control,english,dog,dog,black,white,neutral_object,the word says {},dog,0.32666015625,True
textmeaning_dog_0044,/content/stroop_expanded_vlm/text_meaning_control/images/textmeaning_dog_0044.png,/content/stroop_expanded_vlm/text_meaning_control/masks/textmeaning_dog_0044_mask.png,text_meaning_control,english,dog,dog,black,white,neutral_object,the word says {},dog,0.337158203125,True
textmeaning_dog_0045,/content/stroop_expanded_vlm/text_meaning_control/images/textmeaning_dog_0045.png,/content/stroop_expanded_vlm/text_meaning_control/masks/textmeaning_dog_0045_mask.png,text_meaning_control,english,dog,dog,black,white,neutral_object,the word says {},dog,0.33740234375,True
textmeaning_dog_0046,/content/stroop_expanded_vlm/text_meaning_control/images/textmeaning_dog_0046.png,/content/stroop_expanded_vlm/text_meaning_control/masks/textmeaning_dog_0046_mask.png,text_meaning_control,english,dog,dog,black,white,neutral_object,the word says {},dog,0.330322265625,True
textmeaning_dog_0047,/content/stroop_expanded_vlm/text_meaning_control/images/textmeaning_dog_0047.png,/content/stroop_expanded_vlm/text_meaning_control/masks/textmeaning_dog_0047_mask.png,text_meaning_control,english,dog,dog,black,white,neutral_object,the word says {},dog,0.3388671875,True
textmeaning_dog_0048,/content/stroop_expanded_vlm/text_meaning_control/images/textmeaning_dog_0048.png,/content/stroop_expanded_vlm/text_meaning_control/masks/textmeaning_dog_0048_mask.png,text_meaning_control,english,dog,dog,black,white,neutral_object,the word says {},dog,0.335693359375,True
textmeaning_dog_0049,/content/stroop_expanded_vlm/text_meaning_control/images/textmeaning_dog_0049.png,/content/stroop_expanded_vlm/text_meaning_control/masks/textmeaning_dog_0049_mask.png,text_meaning_control,english,dog,dog,black,white,neutral_object,the word says {},dog,0.341064453125,True
textmeaning_dog_0050,/content/stroop_expanded_vlm/text_meaning_control/images/textmeaning_dog_0050.png,/content/stroop_expanded_vlm/text_meaning_control/masks/textmeaning_dog_0050_mask.png,text_meaning_control,english,dog,dog,black,white,neutral_object,the word says {},dog,0.33544921875,True
textmeaning_dog_0051,/content/stroop_expanded_vlm/text_meaning_control/images/textmeaning_dog_0051.png,/content/stroop_expanded_vlm/text_meaning_control/masks/textmeaning_dog_0051_mask.png,text_meaning_control,english,dog,dog,black,white,neutral_object,the word says {},dog,0.3369140625,True
textmeaning_dog_0052,/content/stroop_expanded_vlm/text_meaning_control/images/textmeaning_dog_0052.png,/content/stroop_expanded_vlm/text_meaning_control/masks/textmeaning_dog_0052_mask.png,text_meaning_control,english,dog,dog,black,white,neutral_object,the word says {},dog,0.326416015625,True
textmeaning_dog_0053,/content/stroop_expanded_vlm/text_meaning_control/images/textmeaning_dog_0053.png,/content/stroop_expanded_vlm/text_meaning_control/masks/textmeaning_dog_0053_mask.png,text_meaning_control,english,dog,dog,black,white,neutral_object,the word says {},dog,0.333740234375,True
textmeaning_dog_0054,/content/stroop_expanded_vlm/text_meaning_control/images/textmeaning_dog_0054.png,/content/stroop_expanded_vlm/text_meaning_control/masks/textmeaning_dog_0054_mask.png,text_meaning_control,english,dog,dog,black,white,neutral_object,the word says {},dog,0.33203125,True
textmeaning_dog_0055,/content/stroop_expanded_vlm/text_meaning_control/images/textmeaning_dog_0055.png,/content/stroop_expanded_vlm/text_meaning_control/masks/textmeaning_dog_0055_mask.png,text_meaning_control,english,dog,dog,black,white,neutral_object,the word says {},dog,0.33154296875,True
textmeaning_dog_0056,/content/stroop_expanded_vlm/text_meaning_control/images/textmeaning_dog_0056.png,/content/stroop_expanded_vlm/text_meaning_control/masks/textmeaning_dog_0056_mask.png,text_meaning_control,english,dog,dog,black,white,neutral_object,the word says {},dog,0.333251953125,True
textmeaning_dog_0057,/content/stroop_expanded_vlm/text_meaning_control/images/textmeaning_dog_0057.png,/content/stroop_expanded_vlm/text_meaning_control/masks/textmeaning_dog_0057_mask.png,text_meaning_control,english,dog,dog,black,white,neutral_object,the word says {},dog,0.334228515625,True
textmeaning_dog_0058,/content/stroop_expanded_vlm/text_meaning_control/images/textmeaning_dog_0058.png,/content/stroop_expanded_vlm/text_meaning_control/masks/textmeaning_dog_0058_mask.png,text_meaning_control,english,dog,dog,black,white,neutral_object,the word says {},dog,0.334716796875,True
textmeaning_dog_0059,/content/stroop_expanded_vlm/text_meaning_control/images/textmeaning_dog_0059.png,/content/stroop_expanded_vlm/text_meaning_control/masks/textmeaning_dog_0059_mask.png,text_meaning_control,english,dog,dog,black,white,neutral_object,the word says {},dog,0.336181640625,True
textmeaning_dog_0060,/content/stroop_expanded_vlm/text_meaning_control/images/textmeaning_dog_0060.png,/content/stroop_expanded_vlm/text_meaning_control/masks/textmeaning_dog_0060_mask.png,text_meaning_control,english,dog,dog,black,white,neutral_object,the word says {},dog,0.329345703125,True
textmeaning_dog_0061,/content/stroop_expanded_vlm/text_meaning_control/images/textmeaning_dog_0061.png,/content/stroop_expanded_vlm/text_meaning_control/masks/textmeaning_dog_0061_mask.png,text_meaning_control,english,dog,dog,black,white,neutral_object,the word says {},dog,0.3271484375,True
textmeaning_dog_0062,/content/stroop_expanded_vlm/text_meaning_control/images/textmeaning_dog_0062.png,/content/stroop_expanded_vlm/text_meaning_control/masks/textmeaning_dog_0062_mask.png,text_meaning_control,english,dog,dog,black,white,neutral_object,the word says {},dog,0.334716796875,True
textmeaning_dog_0063,/content/stroop_expanded_vlm/text_meaning_control/images/textmeaning_dog_0063.png,/content/stroop_expanded_vlm/text_meaning_control/masks/textmeaning_dog_0063_mask.png,text_meaning_control,english,dog,dog,black,white,neutral_object,the word says {},dog,0.3232421875,True
textmeaning_dog_0064,/content/stroop_expanded_vlm/text_meaning_control/images/textmeaning_dog_0064.png,/content/stroop_expanded_vlm/text_meaning_control/masks/textmeaning_dog_0064_mask.png,text_meaning_control,english,dog,dog,black,white,neutral_object,the word says {},dog,0.335693359375,True
textmeaning_dog_0065,/content/stroop_expanded_vlm/text_meaning_control/images/textmeaning_dog_0065.png,/content/stroop_expanded_vlm/text_meaning_control/masks/textmeaning_dog_0065_mask.png,text_meaning_control,english,dog,dog,black,white,neutral_object,the word says {},dog,0.336669921875,True
textmeaning_dog_0066,/content/stroop_expanded_vlm/text_meaning_control/images/textmeaning_dog_0066.png,/content/stroop_expanded_vlm/text_meaning_control/masks/textmeaning_dog_0066_mask.png,text_meaning_control,english,dog,dog,black,white,neutral_object,the word says {},dog,0.330810546875,True
textmeaning_dog_0067,/content/stroop_expanded_vlm/text_meaning_control/images/textmeaning_dog_0067.png,/content/stroop_expanded_vlm/text_meaning_control/masks/textmeaning_dog_0067_mask.png,text_meaning_control,english,dog,dog,black,white,neutral_object,the word says {},dog,0.330810546875,True
textmeaning_dog_0068,/content/stroop_expanded_vlm/text_meaning_control/images/textmeaning_dog_0068.png,/content/stroop_expanded_vlm/text_meaning_control/masks/textmeaning_dog_0068_mask.png,text_meaning_control,english,dog,dog,black,white,neutral_object,the word says {},dog,0.326904296875,True
textmeaning_dog_0069,/content/stroop_expanded_vlm/text_meaning_control/images/textmeaning_dog_0069.png,/content/stroop_expanded_vlm/text_meaning_control/masks/textmeaning_dog_0069_mask.png,text_meaning_control,english,dog,dog,black,white,neutral_object,the word says {},dog,0.329345703125,True
textmeaning_dog_0070,/content/stroop_expanded_vlm/text_meaning_control/images/textmeaning_dog_0070.png,/content/stroop_expanded_vlm/text_meaning_control/masks/textmeaning_dog_0070_mask.png,text_meaning_control,english,dog,dog,black,white,neutral_object,the word says {},dog,0.33056640625,True
textmeaning_dog_0071,/content/stroop_expanded_vlm/text_meaning_control/images/textmeaning_dog_0071.png,/content/stroop_expanded_vlm/text_meaning_control/masks/textmeaning_dog_0071_mask.png,text_meaning_control,english,dog,dog,black,white,neutral_object,the word says {},dog,0.32666015625,True
textmeaning_dog_0072,/content/stroop_expanded_vlm/text_meaning_control/images/textmeaning_dog_0072.png,/content/stroop_expanded_vlm/text_meaning_control/masks/textmeaning_dog_0072_mask.png,text_meaning_control,english,dog,dog,black,white,neutral_object,the word says {},dog,0.328369140625,True
textmeaning_dog_0073,/content/stroop_expanded_vlm/text_meaning_control/images/textmeaning_dog_0073.png,/content/stroop_expanded_vlm/text_meaning_control/masks/textmeaning_dog_0073_mask.png,text_meaning_control,english,dog,dog,black,white,neutral_object,the word says {},dog,0.32861328125,True
textmeaning_dog_0074,/content/stroop_expanded_vlm/text_meaning_control/images/textmeaning_dog_0074.png,/content/stroop_expanded_vlm/text_meaning_control/masks/textmeaning_dog_0074_mask.png,text_meaning_control,english,dog,dog,black,white,neutral_object,the word says {},dog,0.33935546875,True
textmeaning_dog_0075,/content/stroop_expanded_vlm/text_meaning_control/images/textmeaning_dog_0075.png,/content/stroop_expanded_vlm/text_meaning_control/masks/textmeaning_dog_0075_mask.png,text_meaning_control,english,dog,dog,black,white,neutral_object,the word says {},dog,0.34423828125,True
textmeaning_dog_0076,/content/stroop_expanded_vlm/text_meaning_control/images/textmeaning_dog_0076.png,/content/stroop_expanded_vlm/text_meaning_control/masks/textmeaning_dog_0076_mask.png,text_meaning_control,english,dog,dog,black,white,neutral_object,the word says {},dog,0.329345703125,True
textmeaning_dog_0077,/content/stroop_expanded_vlm/text_meaning_control/images/textmeaning_dog_0077.png,/content/stroop_expanded_vlm/text_meaning_control/masks/textmeaning_dog_0077_mask.png,text_meaning_control,english,dog,dog,black,white,neutral_object,the word says {},dog,0.3349609375,True
textmeaning_dog_0078,/content/stroop_expanded_vlm/text_meaning_control/images/textmeaning_dog_0078.png,/content/stroop_expanded_vlm/text_meaning_control/masks/textmeaning_dog_0078_mask.png,text_meaning_control,english,dog,dog,black,white,neutral_object,the word says {},dog,0.330078125,True
textmeaning_dog_0079,/content/stroop_expanded_vlm/text_meaning_control/images/textmeaning_dog_0079.png,/content/stroop_expanded_vlm/text_meaning_control/masks/textmeaning_dog_0079_mask.png,text_meaning_control,english,dog,dog,black,white,neutral_object,the word says {},dog,0.333251953125,True
textmeaning_dog_0080,/content/stroop_expanded_vlm/text_meaning_control/images/textmeaning_dog_0080.png,/content/stroop_expanded_vlm/text_meaning_control/masks/textmeaning_dog_0080_mask.png,text_meaning_control,english,dog,dog,black,white,neutral_object,the word says {},dog,0.330078125,True
textmeaning_dog_0081,/content/stroop_expanded_vlm/text_meaning_control/images/textmeaning_dog_0081.png,/content/stroop_expanded_vlm/text_meaning_control/masks/textmeaning_dog_0081_mask.png,text_meaning_control,english,dog,dog,black,white,neutral_object,the word says {},dog,0.337890625,True
textmeaning_dog_0082,/content/stroop_expanded_vlm/text_meaning_control/images/textmeaning_dog_0082.png,/content/stroop_expanded_vlm/text_meaning_control/masks/textmeaning_dog_0082_mask.png,text_meaning_control,english,dog,dog,black,white,neutral_object,the word says {},dog,0.33251953125,True
textmeaning_dog_0083,/content/stroop_expanded_vlm/text_meaning_control/images/textmeaning_dog_0083.png,/content/stroop_expanded_vlm/text_meaning_control/masks/textmeaning_dog_0083_mask.png,text_meaning_control,english,dog,dog,black,white,neutral_object,the word says {},dog,0.337890625,True
textmeaning_dog_0084,/content/stroop_expanded_vlm/text_meaning_control/images/textmeaning_dog_0084.png,/content/stroop_expanded_vlm/text_meaning_control/masks/textmeaning_dog_0084_mask.png,text_meaning_control,english,dog,dog,black,white,neutral_object,the word says {},dog,0.339111328125,True
textmeaning_dog_0085,/content/stroop_expanded_vlm/text_meaning_control/images/textmeaning_dog_0085.png,/content/stroop_expanded_vlm/text_meaning_control/masks/textmeaning_dog_0085_mask.png,text_meaning_control,english,dog,dog,black,white,neutral_object,the word says {},dog,0.325927734375,True
textmeaning_dog_0086,/content/stroop_expanded_vlm/text_meaning_control/images/textmeaning_dog_0086.png,/content/stroop_expanded_vlm/text_meaning_control/masks/textmeaning_dog_0086_mask.png,text_meaning_control,english,dog,dog,black,white,neutral_object,the word says {},dog,0.3271484375,True
textmeaning_dog_0087,/content/stroop_expanded_vlm/text_meaning_control/images/textmeaning_dog_0087.png,/content/stroop_expanded_vlm/text_meaning_control/masks/textmeaning_dog_0087_mask.png,text_meaning_control,english,dog,dog,black,white,neutral_object,the word says {},dog,0.330322265625,True
textmeaning_dog_0088,/content/stroop_expanded_vlm/text_meaning_control/images/textmeaning_dog_0088.png,/content/stroop_expanded_vlm/text_meaning_control/masks/textmeaning_dog_0088_mask.png,text_meaning_control,english,dog,dog,black,white,neutral_object,the word says {},dog,0.32958984375,True
textmeaning_dog_0089,/content/stroop_expanded_vlm/text_meaning_control/images/textmeaning_dog_0089.png,/content/stroop_expanded_vlm/text_meaning_control/masks/textmeaning_dog_0089_mask.png,text_meaning_control,english,dog,dog,black,white,neutral_object,the word says {},dog,0.33203125,True
textmeaning_dog_0090,/content/stroop_expanded_vlm/text_meaning_control/images/textmeaning_dog_0090.png,/content/stroop_expanded_vlm/text_meaning_control/masks/textmeaning_dog_0090_mask.png,text_meaning_control,english,dog,dog,black,white,neutral_object,the word says {},dog,0.328125,True
textmeaning_dog_0091,/content/stroop_expanded_vlm/text_meaning_control/images/textmeaning_dog_0091.png,/content/stroop_expanded_vlm/text_meaning_control/masks/textmeaning_dog_0091_mask.png,text_meaning_control,english,dog,dog,black,white,neutral_object,the word says {},dog,0.33203125,True
textmeaning_dog_0092,/content/stroop_expanded_vlm/text_meaning_control/images/textmeaning_dog_0092.png,/content/stroop_expanded_vlm/text_meaning_control/masks/textmeaning_dog_0092_mask.png,text_meaning_control,english,dog,dog,black,white,neutral_object,the word says {},dog,0.330078125,True
textmeaning_dog_0093,/content/stroop_expanded_vlm/text_meaning_control/images/textmeaning_dog_0093.png,/content/stroop_expanded_vlm/text_meaning_control/masks/textmeaning_dog_0093_mask.png,text_meaning_control,english,dog,dog,black,white,neutral_object,the word says {},dog,0.32763671875,True
textmeaning_dog_0094,/content/stroop_expanded_vlm/text_meaning_control/images/textmeaning_dog_0094.png,/content/stroop_expanded_vlm/text_meaning_control/masks/textmeaning_dog_0094_mask.png,text_meaning_control,english,dog,dog,black,white,neutral_object,the word says {},dog,0.338623046875,True
textmeaning_dog_0095,/content/stroop_expanded_vlm/text_meaning_control/images/textmeaning_dog_0095.png,/content/stroop_expanded_vlm/text_meaning_control/masks/textmeaning_dog_0095_mask.png,text_meaning_control,english,dog,dog,black,white,neutral_object,the word says {},dog,0.337158203125,True
textmeaning_dog_0096,/content/stroop_expanded_vlm/text_meaning_control/images/textmeaning_dog_0096.png,/content/stroop_expanded_vlm/text_meaning_control/masks/textmeaning_dog_0096_mask.png,text_meaning_control,english,dog,dog,black,white,neutral_object,the word says {},dog,0.3310546875,True
textmeaning_dog_0097,/content/stroop_expanded_vlm/text_meaning_control/images/textmeaning_dog_0097.png,/content/stroop_expanded_vlm/text_meaning_control/masks/textmeaning_dog_0097_mask.png,text_meaning_control,english,dog,dog,black,white,neutral_object,the word says {},dog,0.336669921875,True
textmeaning_dog_0098,/content/stroop_expanded_vlm/text_meaning_control/images/textmeaning_dog_0098.png,/content/stroop_expanded_vlm/text_meaning_control/masks/textmeaning_dog_0098_mask.png,text_meaning_control,english,dog,dog,black,white,neutral_object,the word says {},dog,0.325927734375,True
textmeaning_dog_0099,/content/stroop_expanded_vlm/text_meaning_control/images/textmeaning_dog_0099.png,/content/stroop_expanded_vlm/text_meaning_control/masks/textmeaning_dog_0099_mask.png,text_meaning_control,english,dog,dog,black,white,neutral_object,the word says {},dog,0.3369140625,True
textmeaning_ship_0000,/content/stroop_expanded_vlm/text_meaning_control/images/textmeaning_ship_0000.png,/content/stroop_expanded_vlm/text_meaning_control/masks/textmeaning_ship_0000_mask.png,text_meaning_control,english,ship,ship,black,white,neutral_object,the word says {},ship,0.352783203125,True
textmeaning_ship_0001,/content/stroop_expanded_vlm/text_meaning_control/images/textmeaning_ship_0001.png,/content/stroop_expanded_vlm/text_meaning_control/masks/textmeaning_ship_0001_mask.png,text_meaning_control,english,ship,ship,black,white,neutral_object,the word says {},ship,0.351806640625,True
textmeaning_ship_0002,/content/stroop_expanded_vlm/text_meaning_control/images/textmeaning_ship_0002.png,/content/stroop_expanded_vlm/text_meaning_control/masks/textmeaning_ship_0002_mask.png,text_meaning_control,english,ship,ship,black,white,neutral_object,the word says {},ship,0.345703125,True
textmeaning_ship_0003,/content/stroop_expanded_vlm/text_meaning_control/images/textmeaning_ship_0003.png,/content/stroop_expanded_vlm/text_meaning_control/masks/textmeaning_ship_0003_mask.png,text_meaning_control,english,ship,ship,black,white,neutral_object,the word says {},ship,0.35205078125,True
textmeaning_ship_0004,/content/stroop_expanded_vlm/text_meaning_control/images/textmeaning_ship_0004.png,/content/stroop_expanded_vlm/text_meaning_control/masks/textmeaning_ship_0004_mask.png,text_meaning_control,english,ship,ship,black,white,neutral_object,the word says {},ship,0.346923828125,True
textmeaning_ship_0005,/content/stroop_expanded_vlm/text_meaning_control/images/textmeaning_ship_0005.png,/content/stroop_expanded_vlm/text_meaning_control/masks/textmeaning_ship_0005_mask.png,text_meaning_control,english,ship,ship,black,white,neutral_object,the word says {},ship,0.357177734375,True
textmeaning_ship_0006,/content/stroop_expanded_vlm/text_meaning_control/images/textmeaning_ship_0006.png,/content/stroop_expanded_vlm/text_meaning_control/masks/textmeaning_ship_0006_mask.png,text_meaning_control,english,ship,ship,black,white,neutral_object,the word says {},ship,0.350341796875,True
textmeaning_ship_0007,/content/stroop_expanded_vlm/text_meaning_control/images/textmeaning_ship_0007.png,/content/stroop_expanded_vlm/text_meaning_control/masks/textmeaning_ship_0007_mask.png,text_meaning_control,english,ship,ship,black,white,neutral_object,the word says {},ship,0.34423828125,True
textmeaning_ship_0008,/content/stroop_expanded_vlm/text_meaning_control/images/textmeaning_ship_0008.png,/content/stroop_expanded_vlm/text_meaning_control/masks/textmeaning_ship_0008_mask.png,text_meaning_control,english,ship,ship,black,white,neutral_object,the word says {},ship,0.3486328125,True
textmeaning_ship_0009,/content/stroop_expanded_vlm/text_meaning_control/images/textmeaning_ship_0009.png,/content/stroop_expanded_vlm/text_meaning_control/masks/textmeaning_ship_0009_mask.png,text_meaning_control,english,ship,ship,black,white,neutral_object,the word says {},ship,0.349853515625,True
textmeaning_ship_0010,/content/stroop_expanded_vlm/text_meaning_control/images/textmeaning_ship_0010.png,/content/stroop_expanded_vlm/text_meaning_control/masks/textmeaning_ship_0010_mask.png,text_meaning_control,english,ship,ship,black,white,neutral_object,the word says {},ship,0.351806640625,True
textmeaning_ship_0011,/content/stroop_expanded_vlm/text_meaning_control/images/textmeaning_ship_0011.png,/content/stroop_expanded_vlm/text_meaning_control/masks/textmeaning_ship_0011_mask.png,text_meaning_control,english,ship,ship,black,white,neutral_object,the word says {},ship,0.34375,True
textmeaning_ship_0012,/content/stroop_expanded_vlm/text_meaning_control/images/textmeaning_ship_0012.png,/content/stroop_expanded_vlm/text_meaning_control/masks/textmeaning_ship_0012_mask.png,text_meaning_control,english,ship,ship,black,white,neutral_object,the word says {},ship,0.3623046875,True
textmeaning_ship_0013,/content/stroop_expanded_vlm/text_meaning_control/images/textmeaning_ship_0013.png,/content/stroop_expanded_vlm/text_meaning_control/masks/textmeaning_ship_0013_mask.png,text_meaning_control,english,ship,ship,black,white,neutral_object,the word says {},ship,0.34912109375,True
textmeaning_ship_0014,/content/stroop_expanded_vlm/text_meaning_control/images/textmeaning_ship_0014.png,/content/stroop_expanded_vlm/text_meaning_control/masks/textmeaning_ship_0014_mask.png,text_meaning_control,english,ship,ship,black,white,neutral_object,the word says {},ship,0.353271484375,True
textmeaning_ship_0015,/content/stroop_expanded_vlm/text_meaning_control/images/textmeaning_ship_0015.png,/content/stroop_expanded_vlm/text_meaning_control/masks/textmeaning_ship_0015_mask.png,text_meaning_control,english,ship,ship,black,white,neutral_object,the word says {},ship,0.35693359375,True
textmeaning_ship_0016,/content/stroop_expanded_vlm/text_meaning_control/images/textmeaning_ship_0016.png,/content/stroop_expanded_vlm/text_meaning_control/masks/textmeaning_ship_0016_mask.png,text_meaning_control,english,ship,ship,black,white,neutral_object,the word says {},ship,0.35009765625,True
textmeaning_ship_0017,/content/stroop_expanded_vlm/text_meaning_control/images/textmeaning_ship_0017.png,/content/stroop_expanded_vlm/text_meaning_control/masks/textmeaning_ship_0017_mask.png,text_meaning_control,english,ship,ship,black,white,neutral_object,the word says {},ship,0.350341796875,True
textmeaning_ship_0018,/content/stroop_expanded_vlm/text_meaning_control/images/textmeaning_ship_0018.png,/content/stroop_expanded_vlm/text_meaning_control/masks/textmeaning_ship_0018_mask.png,text_meaning_control,english,ship,ship,black,white,neutral_object,the word says {},ship,0.353759765625,True
textmeaning_ship_0019,/content/stroop_expanded_vlm/text_meaning_control/images/textmeaning_ship_0019.png,/content/stroop_expanded_vlm/text_meaning_control/masks/textmeaning_ship_0019_mask.png,text_meaning_control,english,ship,ship,black,white,neutral_object,the word says {},ship,0.3447265625,True
textmeaning_ship_0020,/content/stroop_expanded_vlm/text_meaning_control/images/textmeaning_ship_0020.png,/content/stroop_expanded_vlm/text_meaning_control/masks/textmeaning_ship_0020_mask.png,text_meaning_control,english,ship,ship,black,white,neutral_object,the word says {},ship,0.347900390625,True
textmeaning_ship_0021,/content/stroop_expanded_vlm/text_meaning_control/images/textmeaning_ship_0021.png,/content/stroop_expanded_vlm/text_meaning_control/masks/textmeaning_ship_0021_mask.png,text_meaning_control,english,ship,ship,black,white,neutral_object,the word says {},ship,0.3515625,True
textmeaning_ship_0022,/content/stroop_expanded_vlm/text_meaning_control/images/textmeaning_ship_0022.png,/content/stroop_expanded_vlm/text_meaning_control/masks/textmeaning_ship_0022_mask.png,text_meaning_control,english,ship,ship,black,white,neutral_object,the word says {},ship,0.353759765625,True
textmeaning_ship_0023,/content/stroop_expanded_vlm/text_meaning_control/images/textmeaning_ship_0023.png,/content/stroop_expanded_vlm/text_meaning_control/masks/textmeaning_ship_0023_mask.png,text_meaning_control,english,ship,ship,black,white,neutral_object,the word says {},ship,0.3564453125,True
textmeaning_ship_0024,/content/stroop_expanded_vlm/text_meaning_control/images/textmeaning_ship_0024.png,/content/stroop_expanded_vlm/text_meaning_control/masks/textmeaning_ship_0024_mask.png,text_meaning_control,english,ship,ship,black,white,neutral_object,the word says {},ship,0.34521484375,True
textmeaning_ship_0025,/content/stroop_expanded_vlm/text_meaning_control/images/textmeaning_ship_0025.png,/content/stroop_expanded_vlm/text_meaning_control/masks/textmeaning_ship_0025_mask.png,text_meaning_control,english,ship,ship,black,white,neutral_object,the word says {},ship,0.359130859375,True
textmeaning_ship_0026,/content/stroop_expanded_vlm/text_meaning_control/images/textmeaning_ship_0026.png,/content/stroop_expanded_vlm/text_meaning_control/masks/textmeaning_ship_0026_mask.png,text_meaning_control,english,ship,ship,black,white,neutral_object,the word says {},ship,0.349853515625,True
textmeaning_ship_0027,/content/stroop_expanded_vlm/text_meaning_control/images/textmeaning_ship_0027.png,/content/stroop_expanded_vlm/text_meaning_control/masks/textmeaning_ship_0027_mask.png,text_meaning_control,english,ship,ship,black,white,neutral_object,the word says {},ship,0.35546875,True
textmeaning_ship_0028,/content/stroop_expanded_vlm/text_meaning_control/images/textmeaning_ship_0028.png,/content/stroop_expanded_vlm/text_meaning_control/masks/textmeaning_ship_0028_mask.png,text_meaning_control,english,ship,ship,black,white,neutral_object,the word says {},ship,0.3466796875,True
textmeaning_ship_0029,/content/stroop_expanded_vlm/text_meaning_control/images/textmeaning_ship_0029.png,/content/stroop_expanded_vlm/text_meaning_control/masks/textmeaning_ship_0029_mask.png,text_meaning_control,english,ship,ship,black,white,neutral_object,the word says {},ship,0.342529296875,True
textmeaning_ship_0030,/content/stroop_expanded_vlm/text_meaning_control/images/textmeaning_ship_0030.png,/content/stroop_expanded_vlm/text_meaning_control/masks/textmeaning_ship_0030_mask.png,text_meaning_control,english,ship,ship,black,white,neutral_object,the word says {},ship,0.34423828125,True
textmeaning_ship_0031,/content/stroop_expanded_vlm/text_meaning_control/images/textmeaning_ship_0031.png,/content/stroop_expanded_vlm/text_meaning_control/masks/textmeaning_ship_0031_mask.png,text_meaning_control,english,ship,ship,black,white,neutral_object,the word says {},ship,0.35693359375,True
textmeaning_ship_0032,/content/stroop_expanded_vlm/text_meaning_control/images/textmeaning_ship_0032.png,/content/stroop_expanded_vlm/text_meaning_control/masks/textmeaning_ship_0032_mask.png,text_meaning_control,english,ship,ship,black,white,neutral_object,the word says {},ship,0.35400390625,True
textmeaning_ship_0033,/content/stroop_expanded_vlm/text_meaning_control/images/textmeaning_ship_0033.png,/content/stroop_expanded_vlm/text_meaning_control/masks/textmeaning_ship_0033_mask.png,text_meaning_control,english,ship,ship,black,white,neutral_object,the word says {},ship,0.356689453125,True
textmeaning_ship_0034,/content/stroop_expanded_vlm/text_meaning_control/images/textmeaning_ship_0034.png,/content/stroop_expanded_vlm/text_meaning_control/masks/textmeaning_ship_0034_mask.png,text_meaning_control,english,ship,ship,black,white,neutral_object,the word says {},ship,0.3525390625,True
textmeaning_ship_0035,/content/stroop_expanded_vlm/text_meaning_control/images/textmeaning_ship_0035.png,/content/stroop_expanded_vlm/text_meaning_control/masks/textmeaning_ship_0035_mask.png,text_meaning_control,english,ship,ship,black,white,neutral_object,the word says {},ship,0.34765625,True
textmeaning_ship_0036,/content/stroop_expanded_vlm/text_meaning_control/images/textmeaning_ship_0036.png,/content/stroop_expanded_vlm/text_meaning_control/masks/textmeaning_ship_0036_mask.png,text_meaning_control,english,ship,ship,black,white,neutral_object,the word says {},ship,0.352783203125,True
textmeaning_ship_0037,/content/stroop_expanded_vlm/text_meaning_control/images/textmeaning_ship_0037.png,/content/stroop_expanded_vlm/text_meaning_control/masks/textmeaning_ship_0037_mask.png,text_meaning_control,english,ship,ship,black,white,neutral_object,the word says {},ship,0.351806640625,True
textmeaning_ship_0038,/content/stroop_expanded_vlm/text_meaning_control/images/textmeaning_ship_0038.png,/content/stroop_expanded_vlm/text_meaning_control/masks/textmeaning_ship_0038_mask.png,text_meaning_control,english,ship,ship,black,white,neutral_object,the word says {},ship,0.3505859375,True
textmeaning_ship_0039,/content/stroop_expanded_vlm/text_meaning_control/images/textmeaning_ship_0039.png,/content/stroop_expanded_vlm/text_meaning_control/masks/textmeaning_ship_0039_mask.png,text_meaning_control,english,ship,ship,black,white,neutral_object,the word says {},ship,0.352294921875,True
textmeaning_ship_0040,/content/stroop_expanded_vlm/text_meaning_control/images/textmeaning_ship_0040.png,/content/stroop_expanded_vlm/text_meaning_control/masks/textmeaning_ship_0040_mask.png,text_meaning_control,english,ship,ship,black,white,neutral_object,the word says {},ship,0.35400390625,True
textmeaning_ship_0041,/content/stroop_expanded_vlm/text_meaning_control/images/textmeaning_ship_0041.png,/content/stroop_expanded_vlm/text_meaning_control/masks/textmeaning_ship_0041_mask.png,text_meaning_control,english,ship,ship,black,white,neutral_object,the word says {},ship,0.358642578125,True
textmeaning_ship_0042,/content/stroop_expanded_vlm/text_meaning_control/images/textmeaning_ship_0042.png,/content/stroop_expanded_vlm/text_meaning_control/masks/textmeaning_ship_0042_mask.png,text_meaning_control,english,ship,ship,black,white,neutral_object,the word says {},ship,0.35302734375,True
textmeaning_ship_0043,/content/stroop_expanded_vlm/text_meaning_control/images/textmeaning_ship_0043.png,/content/stroop_expanded_vlm/text_meaning_control/masks/textmeaning_ship_0043_mask.png,text_meaning_control,english,ship,ship,black,white,neutral_object,the word says {},ship,0.356689453125,True
textmeaning_ship_0044,/content/stroop_expanded_vlm/text_meaning_control/images/textmeaning_ship_0044.png,/content/stroop_expanded_vlm/text_meaning_control/masks/textmeaning_ship_0044_mask.png,text_meaning_control,english,ship,ship,black,white,neutral_object,the word says {},ship,0.34716796875,True
textmeaning_ship_0045,/content/stroop_expanded_vlm/text_meaning_control/images/textmeaning_ship_0045.png,/content/stroop_expanded_vlm/text_meaning_control/masks/textmeaning_ship_0045_mask.png,text_meaning_control,english,ship,ship,black,white,neutral_object,the word says {},ship,0.34716796875,True
textmeaning_ship_0046,/content/stroop_expanded_vlm/text_meaning_control/images/textmeaning_ship_0046.png,/content/stroop_expanded_vlm/text_meaning_control/masks/textmeaning_ship_0046_mask.png,text_meaning_control,english,ship,ship,black,white,neutral_object,the word says {},ship,0.353515625,True
textmeaning_ship_0047,/content/stroop_expanded_vlm/text_meaning_control/images/textmeaning_ship_0047.png,/content/stroop_expanded_vlm/text_meaning_control/masks/textmeaning_ship_0047_mask.png,text_meaning_control,english,ship,ship,black,white,neutral_object,the word says {},ship,0.3447265625,True
textmeaning_ship_0048,/content/stroop_expanded_vlm/text_meaning_control/images/textmeaning_ship_0048.png,/content/stroop_expanded_vlm/text_meaning_control/masks/textmeaning_ship_0048_mask.png,text_meaning_control,english,ship,ship,black,white,neutral_object,the word says {},ship,0.35498046875,True
textmeaning_ship_0049,/content/stroop_expanded_vlm/text_meaning_control/images/textmeaning_ship_0049.png,/content/stroop_expanded_vlm/text_meaning_control/masks/textmeaning_ship_0049_mask.png,text_meaning_control,english,ship,ship,black,white,neutral_object,the word says {},ship,0.353759765625,True
textmeaning_ship_0050,/content/stroop_expanded_vlm/text_meaning_control/images/textmeaning_ship_0050.png,/content/stroop_expanded_vlm/text_meaning_control/masks/textmeaning_ship_0050_mask.png,text_meaning_control,english,ship,ship,black,white,neutral_object,the word says {},ship,0.35009765625,True
textmeaning_ship_0051,/content/stroop_expanded_vlm/text_meaning_control/images/textmeaning_ship_0051.png,/content/stroop_expanded_vlm/text_meaning_control/masks/textmeaning_ship_0051_mask.png,text_meaning_control,english,ship,ship,black,white,neutral_object,the word says {},ship,0.362060546875,True
textmeaning_ship_0052,/content/stroop_expanded_vlm/text_meaning_control/images/textmeaning_ship_0052.png,/content/stroop_expanded_vlm/text_meaning_control/masks/textmeaning_ship_0052_mask.png,text_meaning_control,english,ship,ship,black,white,neutral_object,the word says {},ship,0.349609375,True
textmeaning_ship_0053,/content/stroop_expanded_vlm/text_meaning_control/images/textmeaning_ship_0053.png,/content/stroop_expanded_vlm/text_meaning_control/masks/textmeaning_ship_0053_mask.png,text_meaning_control,english,ship,ship,black,white,neutral_object,the word says {},ship,0.348388671875,True
textmeaning_ship_0054,/content/stroop_expanded_vlm/text_meaning_control/images/textmeaning_ship_0054.png,/content/stroop_expanded_vlm/text_meaning_control/masks/textmeaning_ship_0054_mask.png,text_meaning_control,english,ship,ship,black,white,neutral_object,the word says {},ship,0.34912109375,True
textmeaning_ship_0055,/content/stroop_expanded_vlm/text_meaning_control/images/textmeaning_ship_0055.png,/content/stroop_expanded_vlm/text_meaning_control/masks/textmeaning_ship_0055_mask.png,text_meaning_control,english,ship,ship,black,white,neutral_object,the word says {},ship,0.35400390625,True
textmeaning_ship_0056,/content/stroop_expanded_vlm/text_meaning_control/images/textmeaning_ship_0056.png,/content/stroop_expanded_vlm/text_meaning_control/masks/textmeaning_ship_0056_mask.png,text_meaning_control,english,ship,ship,black,white,neutral_object,the word says {},ship,0.361083984375,True
textmeaning_ship_0057,/content/stroop_expanded_vlm/text_meaning_control/images/textmeaning_ship_0057.png,/content/stroop_expanded_vlm/text_meaning_control/masks/textmeaning_ship_0057_mask.png,text_meaning_control,english,ship,ship,black,white,neutral_object,the word says {},ship,0.359619140625,True
textmeaning_ship_0058,/content/stroop_expanded_vlm/text_meaning_control/images/textmeaning_ship_0058.png,/content/stroop_expanded_vlm/text_meaning_control/masks/textmeaning_ship_0058_mask.png,text_meaning_control,english,ship,ship,black,white,neutral_object,the word says {},ship,0.35107421875,True
textmeaning_ship_0059,/content/stroop_expanded_vlm/text_meaning_control/images/textmeaning_ship_0059.png,/content/stroop_expanded_vlm/text_meaning_control/masks/textmeaning_ship_0059_mask.png,text_meaning_control,english,ship,ship,black,white,neutral_object,the word says {},ship,0.359619140625,True
textmeaning_ship_0060,/content/stroop_expanded_vlm/text_meaning_control/images/textmeaning_ship_0060.png,/content/stroop_expanded_vlm/text_meaning_control/masks/textmeaning_ship_0060_mask.png,text_meaning_control,english,ship,ship,black,white,neutral_object,the word says {},ship,0.359375,True
textmeaning_ship_0061,/content/stroop_expanded_vlm/text_meaning_control/images/textmeaning_ship_0061.png,/content/stroop_expanded_vlm/text_meaning_control/masks/textmeaning_ship_0061_mask.png,text_meaning_control,english,ship,ship,black,white,neutral_object,the word says {},ship,0.354248046875,True
textmeaning_ship_0062,/content/stroop_expanded_vlm/text_meaning_control/images/textmeaning_ship_0062.png,/content/stroop_expanded_vlm/text_meaning_control/masks/textmeaning_ship_0062_mask.png,text_meaning_control,english,ship,ship,black,white,neutral_object,the word says {},ship,0.345458984375,True
textmeaning_ship_0063,/content/stroop_expanded_vlm/text_meaning_control/images/textmeaning_ship_0063.png,/content/stroop_expanded_vlm/text_meaning_control/masks/textmeaning_ship_0063_mask.png,text_meaning_control,english,ship,ship,black,white,neutral_object,the word says {},ship,0.3564453125,True
textmeaning_ship_0064,/content/stroop_expanded_vlm/text_meaning_control/images/textmeaning_ship_0064.png,/content/stroop_expanded_vlm/text_meaning_control/masks/textmeaning_ship_0064_mask.png,text_meaning_control,english,ship,ship,black,white,neutral_object,the word says {},ship,0.348876953125,True
textmeaning_ship_0065,/content/stroop_expanded_vlm/text_meaning_control/images/textmeaning_ship_0065.png,/content/stroop_expanded_vlm/text_meaning_control/masks/textmeaning_ship_0065_mask.png,text_meaning_control,english,ship,ship,black,white,neutral_object,the word says {},ship,0.357421875,True
textmeaning_ship_0066,/content/stroop_expanded_vlm/text_meaning_control/images/textmeaning_ship_0066.png,/content/stroop_expanded_vlm/text_meaning_control/masks/textmeaning_ship_0066_mask.png,text_meaning_control,english,ship,ship,black,white,neutral_object,the word says {},ship,0.348876953125,True
textmeaning_ship_0067,/content/stroop_expanded_vlm/text_meaning_control/images/textmeaning_ship_0067.png,/content/stroop_expanded_vlm/text_meaning_control/masks/textmeaning_ship_0067_mask.png,text_meaning_control,english,ship,ship,black,white,neutral_object,the word says {},ship,0.3505859375,True
textmeaning_ship_0068,/content/stroop_expanded_vlm/text_meaning_control/images/textmeaning_ship_0068.png,/content/stroop_expanded_vlm/text_meaning_control/masks/textmeaning_ship_0068_mask.png,text_meaning_control,english,ship,ship,black,white,neutral_object,the word says {},ship,0.344970703125,True
textmeaning_ship_0069,/content/stroop_expanded_vlm/text_meaning_control/images/textmeaning_ship_0069.png,/content/stroop_expanded_vlm/text_meaning_control/masks/textmeaning_ship_0069_mask.png,text_meaning_control,english,ship,ship,black,white,neutral_object,the word says {},ship,0.348876953125,True
textmeaning_ship_0070,/content/stroop_expanded_vlm/text_meaning_control/images/textmeaning_ship_0070.png,/content/stroop_expanded_vlm/text_meaning_control/masks/textmeaning_ship_0070_mask.png,text_meaning_control,english,ship,ship,black,white,neutral_object,the word says {},ship,0.343017578125,True
textmeaning_ship_0071,/content/stroop_expanded_vlm/text_meaning_control/images/textmeaning_ship_0071.png,/content/stroop_expanded_vlm/text_meaning_control/masks/textmeaning_ship_0071_mask.png,text_meaning_control,english,ship,ship,black,white,neutral_object,the word says {},ship,0.349853515625,True
textmeaning_ship_0072,/content/stroop_expanded_vlm/text_meaning_control/images/textmeaning_ship_0072.png,/content/stroop_expanded_vlm/text_meaning_control/masks/textmeaning_ship_0072_mask.png,text_meaning_control,english,ship,ship,black,white,neutral_object,the word says {},ship,0.357666015625,True
textmeaning_ship_0073,/content/stroop_expanded_vlm/text_meaning_control/images/textmeaning_ship_0073.png,/content/stroop_expanded_vlm/text_meaning_control/masks/textmeaning_ship_0073_mask.png,text_meaning_control,english,ship,ship,black,white,neutral_object,the word says {},ship,0.348876953125,True
textmeaning_ship_0074,/content/stroop_expanded_vlm/text_meaning_control/images/textmeaning_ship_0074.png,/content/stroop_expanded_vlm/text_meaning_control/masks/textmeaning_ship_0074_mask.png,text_meaning_control,english,ship,ship,black,white,neutral_object,the word says {},ship,0.353515625,True
textmeaning_ship_0075,/content/stroop_expanded_vlm/text_meaning_control/images/textmeaning_ship_0075.png,/content/stroop_expanded_vlm/text_meaning_control/masks/textmeaning_ship_0075_mask.png,text_meaning_control,english,ship,ship,black,white,neutral_object,the word says {},ship,0.350341796875,True
textmeaning_ship_0076,/content/stroop_expanded_vlm/text_meaning_control/images/textmeaning_ship_0076.png,/content/stroop_expanded_vlm/text_meaning_control/masks/textmeaning_ship_0076_mask.png,text_meaning_control,english,ship,ship,black,white,neutral_object,the word says {},ship,0.346923828125,True
textmeaning_ship_0077,/content/stroop_expanded_vlm/text_meaning_control/images/textmeaning_ship_0077.png,/content/stroop_expanded_vlm/text_meaning_control/masks/textmeaning_ship_0077_mask.png,text_meaning_control,english,ship,ship,black,white,neutral_object,the word says {},ship,0.35888671875,True
textmeaning_ship_0078,/content/stroop_expanded_vlm/text_meaning_control/images/textmeaning_ship_0078.png,/content/stroop_expanded_vlm/text_meaning_control/masks/textmeaning_ship_0078_mask.png,text_meaning_control,english,ship,ship,black,white,neutral_object,the word says {},ship,0.350341796875,True
textmeaning_ship_0079,/content/stroop_expanded_vlm/text_meaning_control/images/textmeaning_ship_0079.png,/content/stroop_expanded_vlm/text_meaning_control/masks/textmeaning_ship_0079_mask.png,text_meaning_control,english,ship,ship,black,white,neutral_object,the word says {},ship,0.349609375,True
textmeaning_ship_0080,/content/stroop_expanded_vlm/text_meaning_control/images/textmeaning_ship_0080.png,/content/stroop_expanded_vlm/text_meaning_control/masks/textmeaning_ship_0080_mask.png,text_meaning_control,english,ship,ship,black,white,neutral_object,the word says {},ship,0.3564453125,True
textmeaning_ship_0081,/content/stroop_expanded_vlm/text_meaning_control/images/textmeaning_ship_0081.png,/content/stroop_expanded_vlm/text_meaning_control/masks/textmeaning_ship_0081_mask.png,text_meaning_control,english,ship,ship,black,white,neutral_object,the word says {},ship,0.357421875,True
textmeaning_ship_0082,/content/stroop_expanded_vlm/text_meaning_control/images/textmeaning_ship_0082.png,/content/stroop_expanded_vlm/text_meaning_control/masks/textmeaning_ship_0082_mask.png,text_meaning_control,english,ship,ship,black,white,neutral_object,the word says {},ship,0.358642578125,True
textmeaning_ship_0083,/content/stroop_expanded_vlm/text_meaning_control/images/textmeaning_ship_0083.png,/content/stroop_expanded_vlm/text_meaning_control/masks/textmeaning_ship_0083_mask.png,text_meaning_control,english,ship,ship,black,white,neutral_object,the word says {},ship,0.3427734375,True
textmeaning_ship_0084,/content/stroop_expanded_vlm/text_meaning_control/images/textmeaning_ship_0084.png,/content/stroop_expanded_vlm/text_meaning_control/masks/textmeaning_ship_0084_mask.png,text_meaning_control,english,ship,ship,black,white,neutral_object,the word says {},ship,0.355712890625,True
textmeaning_ship_0085,/content/stroop_expanded_vlm/text_meaning_control/images/textmeaning_ship_0085.png,/content/stroop_expanded_vlm/text_meaning_control/masks/textmeaning_ship_0085_mask.png,text_meaning_control,english,ship,ship,black,white,neutral_object,the word says {},ship,0.3525390625,True
textmeaning_ship_0086,/content/stroop_expanded_vlm/text_meaning_control/images/textmeaning_ship_0086.png,/content/stroop_expanded_vlm/text_meaning_control/masks/textmeaning_ship_0086_mask.png,text_meaning_control,english,ship,ship,black,white,neutral_object,the word says {},ship,0.34228515625,True
textmeaning_ship_0087,/content/stroop_expanded_vlm/text_meaning_control/images/textmeaning_ship_0087.png,/content/stroop_expanded_vlm/text_meaning_control/masks/textmeaning_ship_0087_mask.png,text_meaning_control,english,ship,ship,black,white,neutral_object,the word says {},ship,0.35009765625,True
textmeaning_ship_0088,/content/stroop_expanded_vlm/text_meaning_control/images/textmeaning_ship_0088.png,/content/stroop_expanded_vlm/text_meaning_control/masks/textmeaning_ship_0088_mask.png,text_meaning_control,english,ship,ship,black,white,neutral_object,the word says {},ship,0.3544921875,True
textmeaning_ship_0089,/content/stroop_expanded_vlm/text_meaning_control/images/textmeaning_ship_0089.png,/content/stroop_expanded_vlm/text_meaning_control/masks/textmeaning_ship_0089_mask.png,text_meaning_control,english,ship,ship,black,white,neutral_object,the word says {},ship,0.349853515625,True
textmeaning_ship_0090,/content/stroop_expanded_vlm/text_meaning_control/images/textmeaning_ship_0090.png,/content/stroop_expanded_vlm/text_meaning_control/masks/textmeaning_ship_0090_mask.png,text_meaning_control,english,ship,ship,black,white,neutral_object,the word says {},ship,0.3505859375,True
textmeaning_ship_0091,/content/stroop_expanded_vlm/text_meaning_control/images/textmeaning_ship_0091.png,/content/stroop_expanded_vlm/text_meaning_control/masks/textmeaning_ship_0091_mask.png,text_meaning_control,english,ship,ship,black,white,neutral_object,the word says {},ship,0.34814453125,True
textmeaning_ship_0092,/content/stroop_expanded_vlm/text_meaning_control/images/textmeaning_ship_0092.png,/content/stroop_expanded_vlm/text_meaning_control/masks/textmeaning_ship_0092_mask.png,text_meaning_control,english,ship,ship,black,white,neutral_object,the word says {},ship,0.349609375,True
textmeaning_ship_0093,/content/stroop_expanded_vlm/text_meaning_control/images/textmeaning_ship_0093.png,/content/stroop_expanded_vlm/text_meaning_control/masks/textmeaning_ship_0093_mask.png,text_meaning_control,english,ship,ship,black,white,neutral_object,the word says {},ship,0.348876953125,True
textmeaning_ship_0094,/content/stroop_expanded_vlm/text_meaning_control/images/textmeaning_ship_0094.png,/content/stroop_expanded_vlm/text_meaning_control/masks/textmeaning_ship_0094_mask.png,text_meaning_control,english,ship,ship,black,white,neutral_object,the word says {},ship,0.351318359375,True
textmeaning_ship_0095,/content/stroop_expanded_vlm/text_meaning_control/images/textmeaning_ship_0095.png,/content/stroop_expanded_vlm/text_meaning_control/masks/textmeaning_ship_0095_mask.png,text_meaning_control,english,ship,ship,black,white,neutral_object,the word says {},ship,0.352294921875,True
textmeaning_ship_0096,/content/stroop_expanded_vlm/text_meaning_control/images/textmeaning_ship_0096.png,/content/stroop_expanded_vlm/text_meaning_control/masks/textmeaning_ship_0096_mask.png,text_meaning_control,english,ship,ship,black,white,neutral_object,the word says {},ship,0.353515625,True
textmeaning_ship_0097,/content/stroop_expanded_vlm/text_meaning_control/images/textmeaning_ship_0097.png,/content/stroop_expanded_vlm/text_meaning_control/masks/textmeaning_ship_0097_mask.png,text_meaning_control,english,ship,ship,black,white,neutral_object,the word says {},ship,0.345703125,True
textmeaning_ship_0098,/content/stroop_expanded_vlm/text_meaning_control/images/textmeaning_ship_0098.png,/content/stroop_expanded_vlm/text_meaning_control/masks/textmeaning_ship_0098_mask.png,text_meaning_control,english,ship,ship,black,white,neutral_object,the word says {},ship,0.34912109375,True
textmeaning_ship_0099,/content/stroop_expanded_vlm/text_meaning_control/images/textmeaning_ship_0099.png,/content/stroop_expanded_vlm/text_meaning_control/masks/textmeaning_ship_0099_mask.png,text_meaning_control,english,ship,ship,black,white,neutral_object,the word says {},ship,0.34619140625,True
textmeaning_tree_0000,/content/stroop_expanded_vlm/text_meaning_control/images/textmeaning_tree_0000.png,/content/stroop_expanded_vlm/text_meaning_control/masks/textmeaning_tree_0000_mask.png,text_meaning_control,english,tree,tree,black,white,neutral_object,the word says {},tree,0.3369140625,True
textmeaning_tree_0001,/content/stroop_expanded_vlm/text_meaning_control/images/textmeaning_tree_0001.png,/content/stroop_expanded_vlm/text_meaning_control/masks/textmeaning_tree_0001_mask.png,text_meaning_control,english,tree,tree,black,white,neutral_object,the word says {},tree,0.336181640625,True
textmeaning_tree_0002,/content/stroop_expanded_vlm/text_meaning_control/images/textmeaning_tree_0002.png,/content/stroop_expanded_vlm/text_meaning_control/masks/textmeaning_tree_0002_mask.png,text_meaning_control,english,tree,tree,black,white,neutral_object,the word says {},tree,0.335693359375,True
textmeaning_tree_0003,/content/stroop_expanded_vlm/text_meaning_control/images/textmeaning_tree_0003.png,/content/stroop_expanded_vlm/text_meaning_control/masks/textmeaning_tree_0003_mask.png,text_meaning_control,english,tree,tree,black,white,neutral_object,the word says {},tree,0.33349609375,True
textmeaning_tree_0004,/content/stroop_expanded_vlm/text_meaning_control/images/textmeaning_tree_0004.png,/content/stroop_expanded_vlm/text_meaning_control/masks/textmeaning_tree_0004_mask.png,text_meaning_control,english,tree,tree,black,white,neutral_object,the word says {},tree,0.33447265625,True
textmeaning_tree_0005,/content/stroop_expanded_vlm/text_meaning_control/images/textmeaning_tree_0005.png,/content/stroop_expanded_vlm/text_meaning_control/masks/textmeaning_tree_0005_mask.png,text_meaning_control,english,tree,tree,black,white,neutral_object,the word says {},tree,0.3369140625,True
textmeaning_tree_0006,/content/stroop_expanded_vlm/text_meaning_control/images/textmeaning_tree_0006.png,/content/stroop_expanded_vlm/text_meaning_control/masks/textmeaning_tree_0006_mask.png,text_meaning_control,english,tree,tree,black,white,neutral_object,the word says {},tree,0.338134765625,True
textmeaning_tree_0007,/content/stroop_expanded_vlm/text_meaning_control/images/textmeaning_tree_0007.png,/content/stroop_expanded_vlm/text_meaning_control/masks/textmeaning_tree_0007_mask.png,text_meaning_control,english,tree,tree,black,white,neutral_object,the word says {},tree,0.33642578125,True
textmeaning_tree_0008,/content/stroop_expanded_vlm/text_meaning_control/images/textmeaning_tree_0008.png,/content/stroop_expanded_vlm/text_meaning_control/masks/textmeaning_tree_0008_mask.png,text_meaning_control,english,tree,tree,black,white,neutral_object,the word says {},tree,0.336181640625,True
textmeaning_tree_0009,/content/stroop_expanded_vlm/text_meaning_control/images/textmeaning_tree_0009.png,/content/stroop_expanded_vlm/text_meaning_control/masks/textmeaning_tree_0009_mask.png,text_meaning_control,english,tree,tree,black,white,neutral_object,the word says {},tree,0.33984375,True
textmeaning_tree_0010,/content/stroop_expanded_vlm/text_meaning_control/images/textmeaning_tree_0010.png,/content/stroop_expanded_vlm/text_meaning_control/masks/textmeaning_tree_0010_mask.png,text_meaning_control,english,tree,tree,black,white,neutral_object,the word says {},tree,0.337890625,True
textmeaning_tree_0011,/content/stroop_expanded_vlm/text_meaning_control/images/textmeaning_tree_0011.png,/content/stroop_expanded_vlm/text_meaning_control/masks/textmeaning_tree_0011_mask.png,text_meaning_control,english,tree,tree,black,white,neutral_object,the word says {},tree,0.335693359375,True
textmeaning_tree_0012,/content/stroop_expanded_vlm/text_meaning_control/images/textmeaning_tree_0012.png,/content/stroop_expanded_vlm/text_meaning_control/masks/textmeaning_tree_0012_mask.png,text_meaning_control,english,tree,tree,black,white,neutral_object,the word says {},tree,0.332763671875,True
textmeaning_tree_0013,/content/stroop_expanded_vlm/text_meaning_control/images/textmeaning_tree_0013.png,/content/stroop_expanded_vlm/text_meaning_control/masks/textmeaning_tree_0013_mask.png,text_meaning_control,english,tree,tree,black,white,neutral_object,the word says {},tree,0.33935546875,True
textmeaning_tree_0014,/content/stroop_expanded_vlm/text_meaning_control/images/textmeaning_tree_0014.png,/content/stroop_expanded_vlm/text_meaning_control/masks/textmeaning_tree_0014_mask.png,text_meaning_control,english,tree,tree,black,white,neutral_object,the word says {},tree,0.330078125,True
textmeaning_tree_0015,/content/stroop_expanded_vlm/text_meaning_control/images/textmeaning_tree_0015.png,/content/stroop_expanded_vlm/text_meaning_control/masks/textmeaning_tree_0015_mask.png,text_meaning_control,english,tree,tree,black,white,neutral_object,the word says {},tree,0.32958984375,True
textmeaning_tree_0016,/content/stroop_expanded_vlm/text_meaning_control/images/textmeaning_tree_0016.png,/content/stroop_expanded_vlm/text_meaning_control/masks/textmeaning_tree_0016_mask.png,text_meaning_control,english,tree,tree,black,white,neutral_object,the word says {},tree,0.33984375,True
textmeaning_tree_0017,/content/stroop_expanded_vlm/text_meaning_control/images/textmeaning_tree_0017.png,/content/stroop_expanded_vlm/text_meaning_control/masks/textmeaning_tree_0017_mask.png,text_meaning_control,english,tree,tree,black,white,neutral_object,the word says {},tree,0.336669921875,True
textmeaning_tree_0018,/content/stroop_expanded_vlm/text_meaning_control/images/textmeaning_tree_0018.png,/content/stroop_expanded_vlm/text_meaning_control/masks/textmeaning_tree_0018_mask.png,text_meaning_control,english,tree,tree,black,white,neutral_object,the word says {},tree,0.3271484375,True
textmeaning_tree_0019,/content/stroop_expanded_vlm/text_meaning_control/images/textmeaning_tree_0019.png,/content/stroop_expanded_vlm/text_meaning_control/masks/textmeaning_tree_0019_mask.png,text_meaning_control,english,tree,tree,black,white,neutral_object,the word says {},tree,0.33740234375,True
textmeaning_tree_0020,/content/stroop_expanded_vlm/text_meaning_control/images/textmeaning_tree_0020.png,/content/stroop_expanded_vlm/text_meaning_control/masks/textmeaning_tree_0020_mask.png,text_meaning_control,english,tree,tree,black,white,neutral_object,the word says {},tree,0.335693359375,True
textmeaning_tree_0021,/content/stroop_expanded_vlm/text_meaning_control/images/textmeaning_tree_0021.png,/content/stroop_expanded_vlm/text_meaning_control/masks/textmeaning_tree_0021_mask.png,text_meaning_control,english,tree,tree,black,white,neutral_object,the word says {},tree,0.3330078125,True
textmeaning_tree_0022,/content/stroop_expanded_vlm/text_meaning_control/images/textmeaning_tree_0022.png,/content/stroop_expanded_vlm/text_meaning_control/masks/textmeaning_tree_0022_mask.png,text_meaning_control,english,tree,tree,black,white,neutral_object,the word says {},tree,0.332763671875,True
textmeaning_tree_0023,/content/stroop_expanded_vlm/text_meaning_control/images/textmeaning_tree_0023.png,/content/stroop_expanded_vlm/text_meaning_control/masks/textmeaning_tree_0023_mask.png,text_meaning_control,english,tree,tree,black,white,neutral_object,the word says {},tree,0.33642578125,True
textmeaning_tree_0024,/content/stroop_expanded_vlm/text_meaning_control/images/textmeaning_tree_0024.png,/content/stroop_expanded_vlm/text_meaning_control/masks/textmeaning_tree_0024_mask.png,text_meaning_control,english,tree,tree,black,white,neutral_object,the word says {},tree,0.337890625,True
textmeaning_tree_0025,/content/stroop_expanded_vlm/text_meaning_control/images/textmeaning_tree_0025.png,/content/stroop_expanded_vlm/text_meaning_control/masks/textmeaning_tree_0025_mask.png,text_meaning_control,english,tree,tree,black,white,neutral_object,the word says {},tree,0.33056640625,True
textmeaning_tree_0026,/content/stroop_expanded_vlm/text_meaning_control/images/textmeaning_tree_0026.png,/content/stroop_expanded_vlm/text_meaning_control/masks/textmeaning_tree_0026_mask.png,text_meaning_control,english,tree,tree,black,white,neutral_object,the word says {},tree,0.335693359375,True
textmeaning_tree_0027,/content/stroop_expanded_vlm/text_meaning_control/images/textmeaning_tree_0027.png,/content/stroop_expanded_vlm/text_meaning_control/masks/textmeaning_tree_0027_mask.png,text_meaning_control,english,tree,tree,black,white,neutral_object,the word says {},tree,0.326904296875,True
textmeaning_tree_0028,/content/stroop_expanded_vlm/text_meaning_control/images/textmeaning_tree_0028.png,/content/stroop_expanded_vlm/text_meaning_control/masks/textmeaning_tree_0028_mask.png,text_meaning_control,english,tree,tree,black,white,neutral_object,the word says {},tree,0.33154296875,True
textmeaning_tree_0029,/content/stroop_expanded_vlm/text_meaning_control/images/textmeaning_tree_0029.png,/content/stroop_expanded_vlm/text_meaning_control/masks/textmeaning_tree_0029_mask.png,text_meaning_control,english,tree,tree,black,white,neutral_object,the word says {},tree,0.333251953125,True
textmeaning_tree_0030,/content/stroop_expanded_vlm/text_meaning_control/images/textmeaning_tree_0030.png,/content/stroop_expanded_vlm/text_meaning_control/masks/textmeaning_tree_0030_mask.png,text_meaning_control,english,tree,tree,black,white,neutral_object,the word says {},tree,0.3330078125,True
textmeaning_tree_0031,/content/stroop_expanded_vlm/text_meaning_control/images/textmeaning_tree_0031.png,/content/stroop_expanded_vlm/text_meaning_control/masks/textmeaning_tree_0031_mask.png,text_meaning_control,english,tree,tree,black,white,neutral_object,the word says {},tree,0.33740234375,True
textmeaning_tree_0032,/content/stroop_expanded_vlm/text_meaning_control/images/textmeaning_tree_0032.png,/content/stroop_expanded_vlm/text_meaning_control/masks/textmeaning_tree_0032_mask.png,text_meaning_control,english,tree,tree,black,white,neutral_object,the word says {},tree,0.3408203125,True
textmeaning_tree_0033,/content/stroop_expanded_vlm/text_meaning_control/images/textmeaning_tree_0033.png,/content/stroop_expanded_vlm/text_meaning_control/masks/textmeaning_tree_0033_mask.png,text_meaning_control,english,tree,tree,black,white,neutral_object,the word says {},tree,0.3310546875,True
textmeaning_tree_0034,/content/stroop_expanded_vlm/text_meaning_control/images/textmeaning_tree_0034.png,/content/stroop_expanded_vlm/text_meaning_control/masks/textmeaning_tree_0034_mask.png,text_meaning_control,english,tree,tree,black,white,neutral_object,the word says {},tree,0.34033203125,True
textmeaning_tree_0035,/content/stroop_expanded_vlm/text_meaning_control/images/textmeaning_tree_0035.png,/content/stroop_expanded_vlm/text_meaning_control/masks/textmeaning_tree_0035_mask.png,text_meaning_control,english,tree,tree,black,white,neutral_object,the word says {},tree,0.333984375,True
textmeaning_tree_0036,/content/stroop_expanded_vlm/text_meaning_control/images/textmeaning_tree_0036.png,/content/stroop_expanded_vlm/text_meaning_control/masks/textmeaning_tree_0036_mask.png,text_meaning_control,english,tree,tree,black,white,neutral_object,the word says {},tree,0.328857421875,True
textmeaning_tree_0037,/content/stroop_expanded_vlm/text_meaning_control/images/textmeaning_tree_0037.png,/content/stroop_expanded_vlm/text_meaning_control/masks/textmeaning_tree_0037_mask.png,text_meaning_control,english,tree,tree,black,white,neutral_object,the word says {},tree,0.329345703125,True
textmeaning_tree_0038,/content/stroop_expanded_vlm/text_meaning_control/images/textmeaning_tree_0038.png,/content/stroop_expanded_vlm/text_meaning_control/masks/textmeaning_tree_0038_mask.png,text_meaning_control,english,tree,tree,black,white,neutral_object,the word says {},tree,0.3408203125,True
textmeaning_tree_0039,/content/stroop_expanded_vlm/text_meaning_control/images/textmeaning_tree_0039.png,/content/stroop_expanded_vlm/text_meaning_control/masks/textmeaning_tree_0039_mask.png,text_meaning_control,english,tree,tree,black,white,neutral_object,the word says {},tree,0.335693359375,True
textmeaning_tree_0040,/content/stroop_expanded_vlm/text_meaning_control/images/textmeaning_tree_0040.png,/content/stroop_expanded_vlm/text_meaning_control/masks/textmeaning_tree_0040_mask.png,text_meaning_control,english,tree,tree,black,white,neutral_object,the word says {},tree,0.328125,True
textmeaning_tree_0041,/content/stroop_expanded_vlm/text_meaning_control/images/textmeaning_tree_0041.png,/content/stroop_expanded_vlm/text_meaning_control/masks/textmeaning_tree_0041_mask.png,text_meaning_control,english,tree,tree,black,white,neutral_object,the word says {},tree,0.334228515625,True
textmeaning_tree_0042,/content/stroop_expanded_vlm/text_meaning_control/images/textmeaning_tree_0042.png,/content/stroop_expanded_vlm/text_meaning_control/masks/textmeaning_tree_0042_mask.png,text_meaning_control,english,tree,tree,black,white,neutral_object,the word says {},tree,0.335205078125,True
textmeaning_tree_0043,/content/stroop_expanded_vlm/text_meaning_control/images/textmeaning_tree_0043.png,/content/stroop_expanded_vlm/text_meaning_control/masks/textmeaning_tree_0043_mask.png,text_meaning_control,english,tree,tree,black,white,neutral_object,the word says {},tree,0.3408203125,True
textmeaning_tree_0044,/content/stroop_expanded_vlm/text_meaning_control/images/textmeaning_tree_0044.png,/content/stroop_expanded_vlm/text_meaning_control/masks/textmeaning_tree_0044_mask.png,text_meaning_control,english,tree,tree,black,white,neutral_object,the word says {},tree,0.337890625,True
textmeaning_tree_0045,/content/stroop_expanded_vlm/text_meaning_control/images/textmeaning_tree_0045.png,/content/stroop_expanded_vlm/text_meaning_control/masks/textmeaning_tree_0045_mask.png,text_meaning_control,english,tree,tree,black,white,neutral_object,the word says {},tree,0.333984375,True
textmeaning_tree_0046,/content/stroop_expanded_vlm/text_meaning_control/images/textmeaning_tree_0046.png,/content/stroop_expanded_vlm/text_meaning_control/masks/textmeaning_tree_0046_mask.png,text_meaning_control,english,tree,tree,black,white,neutral_object,the word says {},tree,0.330810546875,True
textmeaning_tree_0047,/content/stroop_expanded_vlm/text_meaning_control/images/textmeaning_tree_0047.png,/content/stroop_expanded_vlm/text_meaning_control/masks/textmeaning_tree_0047_mask.png,text_meaning_control,english,tree,tree,black,white,neutral_object,the word says {},tree,0.33544921875,True
textmeaning_tree_0048,/content/stroop_expanded_vlm/text_meaning_control/images/textmeaning_tree_0048.png,/content/stroop_expanded_vlm/text_meaning_control/masks/textmeaning_tree_0048_mask.png,text_meaning_control,english,tree,tree,black,white,neutral_object,the word says {},tree,0.3369140625,True
textmeaning_tree_0049,/content/stroop_expanded_vlm/text_meaning_control/images/textmeaning_tree_0049.png,/content/stroop_expanded_vlm/text_meaning_control/masks/textmeaning_tree_0049_mask.png,text_meaning_control,english,tree,tree,black,white,neutral_object,the word says {},tree,0.33544921875,True
textmeaning_tree_0050,/content/stroop_expanded_vlm/text_meaning_control/images/textmeaning_tree_0050.png,/content/stroop_expanded_vlm/text_meaning_control/masks/textmeaning_tree_0050_mask.png,text_meaning_control,english,tree,tree,black,white,neutral_object,the word says {},tree,0.3408203125,True
textmeaning_tree_0051,/content/stroop_expanded_vlm/text_meaning_control/images/textmeaning_tree_0051.png,/content/stroop_expanded_vlm/text_meaning_control/masks/textmeaning_tree_0051_mask.png,text_meaning_control,english,tree,tree,black,white,neutral_object,the word says {},tree,0.33740234375,True
textmeaning_tree_0052,/content/stroop_expanded_vlm/text_meaning_control/images/textmeaning_tree_0052.png,/content/stroop_expanded_vlm/text_meaning_control/masks/textmeaning_tree_0052_mask.png,text_meaning_control,english,tree,tree,black,white,neutral_object,the word says {},tree,0.340087890625,True
textmeaning_tree_0053,/content/stroop_expanded_vlm/text_meaning_control/images/textmeaning_tree_0053.png,/content/stroop_expanded_vlm/text_meaning_control/masks/textmeaning_tree_0053_mask.png,text_meaning_control,english,tree,tree,black,white,neutral_object,the word says {},tree,0.337158203125,True
textmeaning_tree_0054,/content/stroop_expanded_vlm/text_meaning_control/images/textmeaning_tree_0054.png,/content/stroop_expanded_vlm/text_meaning_control/masks/textmeaning_tree_0054_mask.png,text_meaning_control,english,tree,tree,black,white,neutral_object,the word says {},tree,0.3359375,True
textmeaning_tree_0055,/content/stroop_expanded_vlm/text_meaning_control/images/textmeaning_tree_0055.png,/content/stroop_expanded_vlm/text_meaning_control/masks/textmeaning_tree_0055_mask.png,text_meaning_control,english,tree,tree,black,white,neutral_object,the word says {},tree,0.3388671875,True
textmeaning_tree_0056,/content/stroop_expanded_vlm/text_meaning_control/images/textmeaning_tree_0056.png,/content/stroop_expanded_vlm/text_meaning_control/masks/textmeaning_tree_0056_mask.png,text_meaning_control,english,tree,tree,black,white,neutral_object,the word says {},tree,0.33984375,True
textmeaning_tree_0057,/content/stroop_expanded_vlm/text_meaning_control/images/textmeaning_tree_0057.png,/content/stroop_expanded_vlm/text_meaning_control/masks/textmeaning_tree_0057_mask.png,text_meaning_control,english,tree,tree,black,white,neutral_object,the word says {},tree,0.341552734375,True
textmeaning_tree_0058,/content/stroop_expanded_vlm/text_meaning_control/images/textmeaning_tree_0058.png,/content/stroop_expanded_vlm/text_meaning_control/masks/textmeaning_tree_0058_mask.png,text_meaning_control,english,tree,tree,black,white,neutral_object,the word says {},tree,0.3369140625,True
textmeaning_tree_0059,/content/stroop_expanded_vlm/text_meaning_control/images/textmeaning_tree_0059.png,/content/stroop_expanded_vlm/text_meaning_control/masks/textmeaning_tree_0059_mask.png,text_meaning_control,english,tree,tree,black,white,neutral_object,the word says {},tree,0.3349609375,True
textmeaning_tree_0060,/content/stroop_expanded_vlm/text_meaning_control/images/textmeaning_tree_0060.png,/content/stroop_expanded_vlm/text_meaning_control/masks/textmeaning_tree_0060_mask.png,text_meaning_control,english,tree,tree,black,white,neutral_object,the word says {},tree,0.32861328125,True
textmeaning_tree_0061,/content/stroop_expanded_vlm/text_meaning_control/images/textmeaning_tree_0061.png,/content/stroop_expanded_vlm/text_meaning_control/masks/textmeaning_tree_0061_mask.png,text_meaning_control,english,tree,tree,black,white,neutral_object,the word says {},tree,0.333984375,True
textmeaning_tree_0062,/content/stroop_expanded_vlm/text_meaning_control/images/textmeaning_tree_0062.png,/content/stroop_expanded_vlm/text_meaning_control/masks/textmeaning_tree_0062_mask.png,text_meaning_control,english,tree,tree,black,white,neutral_object,the word says {},tree,0.331787109375,True
textmeaning_tree_0063,/content/stroop_expanded_vlm/text_meaning_control/images/textmeaning_tree_0063.png,/content/stroop_expanded_vlm/text_meaning_control/masks/textmeaning_tree_0063_mask.png,text_meaning_control,english,tree,tree,black,white,neutral_object,the word says {},tree,0.331298828125,True
textmeaning_tree_0064,/content/stroop_expanded_vlm/text_meaning_control/images/textmeaning_tree_0064.png,/content/stroop_expanded_vlm/text_meaning_control/masks/textmeaning_tree_0064_mask.png,text_meaning_control,english,tree,tree,black,white,neutral_object,the word says {},tree,0.3310546875,True
textmeaning_tree_0065,/content/stroop_expanded_vlm/text_meaning_control/images/textmeaning_tree_0065.png,/content/stroop_expanded_vlm/text_meaning_control/masks/textmeaning_tree_0065_mask.png,text_meaning_control,english,tree,tree,black,white,neutral_object,the word says {},tree,0.330322265625,True
textmeaning_tree_0066,/content/stroop_expanded_vlm/text_meaning_control/images/textmeaning_tree_0066.png,/content/stroop_expanded_vlm/text_meaning_control/masks/textmeaning_tree_0066_mask.png,text_meaning_control,english,tree,tree,black,white,neutral_object,the word says {},tree,0.3349609375,True
textmeaning_tree_0067,/content/stroop_expanded_vlm/text_meaning_control/images/textmeaning_tree_0067.png,/content/stroop_expanded_vlm/text_meaning_control/masks/textmeaning_tree_0067_mask.png,text_meaning_control,english,tree,tree,black,white,neutral_object,the word says {},tree,0.33984375,True
textmeaning_tree_0068,/content/stroop_expanded_vlm/text_meaning_control/images/textmeaning_tree_0068.png,/content/stroop_expanded_vlm/text_meaning_control/masks/textmeaning_tree_0068_mask.png,text_meaning_control,english,tree,tree,black,white,neutral_object,the word says {},tree,0.33154296875,True
textmeaning_tree_0069,/content/stroop_expanded_vlm/text_meaning_control/images/textmeaning_tree_0069.png,/content/stroop_expanded_vlm/text_meaning_control/masks/textmeaning_tree_0069_mask.png,text_meaning_control,english,tree,tree,black,white,neutral_object,the word says {},tree,0.3349609375,True
textmeaning_tree_0070,/content/stroop_expanded_vlm/text_meaning_control/images/textmeaning_tree_0070.png,/content/stroop_expanded_vlm/text_meaning_control/masks/textmeaning_tree_0070_mask.png,text_meaning_control,english,tree,tree,black,white,neutral_object,the word says {},tree,0.3369140625,True
textmeaning_tree_0071,/content/stroop_expanded_vlm/text_meaning_control/images/textmeaning_tree_0071.png,/content/stroop_expanded_vlm/text_meaning_control/masks/textmeaning_tree_0071_mask.png,text_meaning_control,english,tree,tree,black,white,neutral_object,the word says {},tree,0.338134765625,True
textmeaning_tree_0072,/content/stroop_expanded_vlm/text_meaning_control/images/textmeaning_tree_0072.png,/content/stroop_expanded_vlm/text_meaning_control/masks/textmeaning_tree_0072_mask.png,text_meaning_control,english,tree,tree,black,white,neutral_object,the word says {},tree,0.3349609375,True
textmeaning_tree_0073,/content/stroop_expanded_vlm/text_meaning_control/images/textmeaning_tree_0073.png,/content/stroop_expanded_vlm/text_meaning_control/masks/textmeaning_tree_0073_mask.png,text_meaning_control,english,tree,tree,black,white,neutral_object,the word says {},tree,0.3330078125,True
textmeaning_tree_0074,/content/stroop_expanded_vlm/text_meaning_control/images/textmeaning_tree_0074.png,/content/stroop_expanded_vlm/text_meaning_control/masks/textmeaning_tree_0074_mask.png,text_meaning_control,english,tree,tree,black,white,neutral_object,the word says {},tree,0.338623046875,True
textmeaning_tree_0075,/content/stroop_expanded_vlm/text_meaning_control/images/textmeaning_tree_0075.png,/content/stroop_expanded_vlm/text_meaning_control/masks/textmeaning_tree_0075_mask.png,text_meaning_control,english,tree,tree,black,white,neutral_object,the word says {},tree,0.333740234375,True
textmeaning_tree_0076,/content/stroop_expanded_vlm/text_meaning_control/images/textmeaning_tree_0076.png,/content/stroop_expanded_vlm/text_meaning_control/masks/textmeaning_tree_0076_mask.png,text_meaning_control,english,tree,tree,black,white,neutral_object,the word says {},tree,0.3330078125,True
textmeaning_tree_0077,/content/stroop_expanded_vlm/text_meaning_control/images/textmeaning_tree_0077.png,/content/stroop_expanded_vlm/text_meaning_control/masks/textmeaning_tree_0077_mask.png,text_meaning_control,english,tree,tree,black,white,neutral_object,the word says {},tree,0.335693359375,True
textmeaning_tree_0078,/content/stroop_expanded_vlm/text_meaning_control/images/textmeaning_tree_0078.png,/content/stroop_expanded_vlm/text_meaning_control/masks/textmeaning_tree_0078_mask.png,text_meaning_control,english,tree,tree,black,white,neutral_object,the word says {},tree,0.34033203125,True
textmeaning_tree_0079,/content/stroop_expanded_vlm/text_meaning_control/images/textmeaning_tree_0079.png,/content/stroop_expanded_vlm/text_meaning_control/masks/textmeaning_tree_0079_mask.png,text_meaning_control,english,tree,tree,black,white,neutral_object,the word says {},tree,0.33984375,True
textmeaning_tree_0080,/content/stroop_expanded_vlm/text_meaning_control/images/textmeaning_tree_0080.png,/content/stroop_expanded_vlm/text_meaning_control/masks/textmeaning_tree_0080_mask.png,text_meaning_control,english,tree,tree,black,white,neutral_object,the word says {},tree,0.332763671875,True
textmeaning_tree_0081,/content/stroop_expanded_vlm/text_meaning_control/images/textmeaning_tree_0081.png,/content/stroop_expanded_vlm/text_meaning_control/masks/textmeaning_tree_0081_mask.png,text_meaning_control,english,tree,tree,black,white,neutral_object,the word says {},tree,0.32861328125,True
textmeaning_tree_0082,/content/stroop_expanded_vlm/text_meaning_control/images/textmeaning_tree_0082.png,/content/stroop_expanded_vlm/text_meaning_control/masks/textmeaning_tree_0082_mask.png,text_meaning_control,english,tree,tree,black,white,neutral_object,the word says {},tree,0.331298828125,True
textmeaning_tree_0083,/content/stroop_expanded_vlm/text_meaning_control/images/textmeaning_tree_0083.png,/content/stroop_expanded_vlm/text_meaning_control/masks/textmeaning_tree_0083_mask.png,text_meaning_control,english,tree,tree,black,white,neutral_object,the word says {},tree,0.334716796875,True
textmeaning_tree_0084,/content/stroop_expanded_vlm/text_meaning_control/images/textmeaning_tree_0084.png,/content/stroop_expanded_vlm/text_meaning_control/masks/textmeaning_tree_0084_mask.png,text_meaning_control,english,tree,tree,black,white,neutral_object,the word says {},tree,0.326171875,True
textmeaning_tree_0085,/content/stroop_expanded_vlm/text_meaning_control/images/textmeaning_tree_0085.png,/content/stroop_expanded_vlm/text_meaning_control/masks/textmeaning_tree_0085_mask.png,text_meaning_control,english,tree,tree,black,white,neutral_object,the word says {},tree,0.340576171875,True
textmeaning_tree_0086,/content/stroop_expanded_vlm/text_meaning_control/images/textmeaning_tree_0086.png,/content/stroop_expanded_vlm/text_meaning_control/masks/textmeaning_tree_0086_mask.png,text_meaning_control,english,tree,tree,black,white,neutral_object,the word says {},tree,0.33642578125,True
textmeaning_tree_0087,/content/stroop_expanded_vlm/text_meaning_control/images/textmeaning_tree_0087.png,/content/stroop_expanded_vlm/text_meaning_control/masks/textmeaning_tree_0087_mask.png,text_meaning_control,english,tree,tree,black,white,neutral_object,the word says {},tree,0.33837890625,True
textmeaning_tree_0088,/content/stroop_expanded_vlm/text_meaning_control/images/textmeaning_tree_0088.png,/content/stroop_expanded_vlm/text_meaning_control/masks/textmeaning_tree_0088_mask.png,text_meaning_control,english,tree,tree,black,white,neutral_object,the word says {},tree,0.3369140625,True
textmeaning_tree_0089,/content/stroop_expanded_vlm/text_meaning_control/images/textmeaning_tree_0089.png,/content/stroop_expanded_vlm/text_meaning_control/masks/textmeaning_tree_0089_mask.png,text_meaning_control,english,tree,tree,black,white,neutral_object,the word says {},tree,0.329345703125,True
textmeaning_tree_0090,/content/stroop_expanded_vlm/text_meaning_control/images/textmeaning_tree_0090.png,/content/stroop_expanded_vlm/text_meaning_control/masks/textmeaning_tree_0090_mask.png,text_meaning_control,english,tree,tree,black,white,neutral_object,the word says {},tree,0.34130859375,True
textmeaning_tree_0091,/content/stroop_expanded_vlm/text_meaning_control/images/textmeaning_tree_0091.png,/content/stroop_expanded_vlm/text_meaning_control/masks/textmeaning_tree_0091_mask.png,text_meaning_control,english,tree,tree,black,white,neutral_object,the word says {},tree,0.333984375,True
textmeaning_tree_0092,/content/stroop_expanded_vlm/text_meaning_control/images/textmeaning_tree_0092.png,/content/stroop_expanded_vlm/text_meaning_control/masks/textmeaning_tree_0092_mask.png,text_meaning_control,english,tree,tree,black,white,neutral_object,the word says {},tree,0.33642578125,True
textmeaning_tree_0093,/content/stroop_expanded_vlm/text_meaning_control/images/textmeaning_tree_0093.png,/content/stroop_expanded_vlm/text_meaning_control/masks/textmeaning_tree_0093_mask.png,text_meaning_control,english,tree,tree,black,white,neutral_object,the word says {},tree,0.332763671875,True
textmeaning_tree_0094,/content/stroop_expanded_vlm/text_meaning_control/images/textmeaning_tree_0094.png,/content/stroop_expanded_vlm/text_meaning_control/masks/textmeaning_tree_0094_mask.png,text_meaning_control,english,tree,tree,black,white,neutral_object,the word says {},tree,0.33740234375,True
textmeaning_tree_0095,/content/stroop_expanded_vlm/text_meaning_control/images/textmeaning_tree_0095.png,/content/stroop_expanded_vlm/text_meaning_control/masks/textmeaning_tree_0095_mask.png,text_meaning_control,english,tree,tree,black,white,neutral_object,the word says {},tree,0.338134765625,True
textmeaning_tree_0096,/content/stroop_expanded_vlm/text_meaning_control/images/textmeaning_tree_0096.png,/content/stroop_expanded_vlm/text_meaning_control/masks/textmeaning_tree_0096_mask.png,text_meaning_control,english,tree,tree,black,white,neutral_object,the word says {},tree,0.33349609375,True
textmeaning_tree_0097,/content/stroop_expanded_vlm/text_meaning_control/images/textmeaning_tree_0097.png,/content/stroop_expanded_vlm/text_meaning_control/masks/textmeaning_tree_0097_mask.png,text_meaning_control,english,tree,tree,black,white,neutral_object,the word says {},tree,0.33544921875,True
textmeaning_tree_0098,/content/stroop_expanded_vlm/text_meaning_control/images/textmeaning_tree_0098.png,/content/stroop_expanded_vlm/text_meaning_control/masks/textmeaning_tree_0098_mask.png,text_meaning_control,english,tree,tree,black,white,neutral_object,the word says {},tree,0.333251953125,True
textmeaning_tree_0099,/content/stroop_expanded_vlm/text_meaning_control/images/textmeaning_tree_0099.png,/content/stroop_expanded_vlm/text_meaning_control/masks/textmeaning_tree_0099_mask.png,text_meaning_control,english,tree,tree,black,white,neutral_object,the word says {},tree,0.331298828125,True
textmeaning_house_0000,/content/stroop_expanded_vlm/text_meaning_control/images/textmeaning_house_0000.png,/content/stroop_expanded_vlm/text_meaning_control/masks/textmeaning_house_0000_mask.png,text_meaning_control,english,house,house,black,white,neutral_object,the word says {},house,0.357177734375,True
textmeaning_house_0001,/content/stroop_expanded_vlm/text_meaning_control/images/textmeaning_house_0001.png,/content/stroop_expanded_vlm/text_meaning_control/masks/textmeaning_house_0001_mask.png,text_meaning_control,english,house,house,black,white,neutral_object,the word says {},house,0.352294921875,True
textmeaning_house_0002,/content/stroop_expanded_vlm/text_meaning_control/images/textmeaning_house_0002.png,/content/stroop_expanded_vlm/text_meaning_control/masks/textmeaning_house_0002_mask.png,text_meaning_control,english,house,house,black,white,neutral_object,the word says {},house,0.359375,True
textmeaning_house_0003,/content/stroop_expanded_vlm/text_meaning_control/images/textmeaning_house_0003.png,/content/stroop_expanded_vlm/text_meaning_control/masks/textmeaning_house_0003_mask.png,text_meaning_control,english,house,house,black,white,neutral_object,the word says {},house,0.356201171875,True
textmeaning_house_0004,/content/stroop_expanded_vlm/text_meaning_control/images/textmeaning_house_0004.png,/content/stroop_expanded_vlm/text_meaning_control/masks/textmeaning_house_0004_mask.png,text_meaning_control,english,house,house,black,white,neutral_object,the word says {},house,0.3564453125,True
textmeaning_house_0005,/content/stroop_expanded_vlm/text_meaning_control/images/textmeaning_house_0005.png,/content/stroop_expanded_vlm/text_meaning_control/masks/textmeaning_house_0005_mask.png,text_meaning_control,english,house,house,black,white,neutral_object,the word says {},house,0.349609375,True
textmeaning_house_0006,/content/stroop_expanded_vlm/text_meaning_control/images/textmeaning_house_0006.png,/content/stroop_expanded_vlm/text_meaning_control/masks/textmeaning_house_0006_mask.png,text_meaning_control,english,house,house,black,white,neutral_object,the word says {},house,0.353271484375,True
textmeaning_house_0007,/content/stroop_expanded_vlm/text_meaning_control/images/textmeaning_house_0007.png,/content/stroop_expanded_vlm/text_meaning_control/masks/textmeaning_house_0007_mask.png,text_meaning_control,english,house,house,black,white,neutral_object,the word says {},house,0.35986328125,True
textmeaning_house_0008,/content/stroop_expanded_vlm/text_meaning_control/images/textmeaning_house_0008.png,/content/stroop_expanded_vlm/text_meaning_control/masks/textmeaning_house_0008_mask.png,text_meaning_control,english,house,house,black,white,neutral_object,the word says {},house,0.34716796875,True
textmeaning_house_0009,/content/stroop_expanded_vlm/text_meaning_control/images/textmeaning_house_0009.png,/content/stroop_expanded_vlm/text_meaning_control/masks/textmeaning_house_0009_mask.png,text_meaning_control,english,house,house,black,white,neutral_object,the word says {},house,0.354736328125,True
textmeaning_house_0010,/content/stroop_expanded_vlm/text_meaning_control/images/textmeaning_house_0010.png,/content/stroop_expanded_vlm/text_meaning_control/masks/textmeaning_house_0010_mask.png,text_meaning_control,english,house,house,black,white,neutral_object,the word says {},house,0.3515625,True
textmeaning_house_0011,/content/stroop_expanded_vlm/text_meaning_control/images/textmeaning_house_0011.png,/content/stroop_expanded_vlm/text_meaning_control/masks/textmeaning_house_0011_mask.png,text_meaning_control,english,house,house,black,white,neutral_object,the word says {},house,0.349609375,True
textmeaning_house_0012,/content/stroop_expanded_vlm/text_meaning_control/images/textmeaning_house_0012.png,/content/stroop_expanded_vlm/text_meaning_control/masks/textmeaning_house_0012_mask.png,text_meaning_control,english,house,house,black,white,neutral_object,the word says {},house,0.3564453125,True
textmeaning_house_0013,/content/stroop_expanded_vlm/text_meaning_control/images/textmeaning_house_0013.png,/content/stroop_expanded_vlm/text_meaning_control/masks/textmeaning_house_0013_mask.png,text_meaning_control,english,house,house,black,white,neutral_object,the word says {},house,0.35595703125,True
textmeaning_house_0014,/content/stroop_expanded_vlm/text_meaning_control/images/textmeaning_house_0014.png,/content/stroop_expanded_vlm/text_meaning_control/masks/textmeaning_house_0014_mask.png,text_meaning_control,english,house,house,black,white,neutral_object,the word says {},house,0.35888671875,True
textmeaning_house_0015,/content/stroop_expanded_vlm/text_meaning_control/images/textmeaning_house_0015.png,/content/stroop_expanded_vlm/text_meaning_control/masks/textmeaning_house_0015_mask.png,text_meaning_control,english,house,house,black,white,neutral_object,the word says {},house,0.3515625,True
textmeaning_house_0016,/content/stroop_expanded_vlm/text_meaning_control/images/textmeaning_house_0016.png,/content/stroop_expanded_vlm/text_meaning_control/masks/textmeaning_house_0016_mask.png,text_meaning_control,english,house,house,black,white,neutral_object,the word says {},house,0.35107421875,True
textmeaning_house_0017,/content/stroop_expanded_vlm/text_meaning_control/images/textmeaning_house_0017.png,/content/stroop_expanded_vlm/text_meaning_control/masks/textmeaning_house_0017_mask.png,text_meaning_control,english,house,house,black,white,neutral_object,the word says {},house,0.354248046875,True
textmeaning_house_0018,/content/stroop_expanded_vlm/text_meaning_control/images/textmeaning_house_0018.png,/content/stroop_expanded_vlm/text_meaning_control/masks/textmeaning_house_0018_mask.png,text_meaning_control,english,house,house,black,white,neutral_object,the word says {},house,0.356689453125,True
textmeaning_house_0019,/content/stroop_expanded_vlm/text_meaning_control/images/textmeaning_house_0019.png,/content/stroop_expanded_vlm/text_meaning_control/masks/textmeaning_house_0019_mask.png,text_meaning_control,english,house,house,black,white,neutral_object,the word says {},house,0.348388671875,True
textmeaning_house_0020,/content/stroop_expanded_vlm/text_meaning_control/images/textmeaning_house_0020.png,/content/stroop_expanded_vlm/text_meaning_control/masks/textmeaning_house_0020_mask.png,text_meaning_control,english,house,house,black,white,neutral_object,the word says {},house,0.357177734375,True
textmeaning_house_0021,/content/stroop_expanded_vlm/text_meaning_control/images/textmeaning_house_0021.png,/content/stroop_expanded_vlm/text_meaning_control/masks/textmeaning_house_0021_mask.png,text_meaning_control,english,house,house,black,white,neutral_object,the word says {},house,0.361083984375,True
textmeaning_house_0022,/content/stroop_expanded_vlm/text_meaning_control/images/textmeaning_house_0022.png,/content/stroop_expanded_vlm/text_meaning_control/masks/textmeaning_house_0022_mask.png,text_meaning_control,english,house,house,black,white,neutral_object,the word says {},house,0.358642578125,True
textmeaning_house_0023,/content/stroop_expanded_vlm/text_meaning_control/images/textmeaning_house_0023.png,/content/stroop_expanded_vlm/text_meaning_control/masks/textmeaning_house_0023_mask.png,text_meaning_control,english,house,house,black,white,neutral_object,the word says {},house,0.350341796875,True
textmeaning_house_0024,/content/stroop_expanded_vlm/text_meaning_control/images/textmeaning_house_0024.png,/content/stroop_expanded_vlm/text_meaning_control/masks/textmeaning_house_0024_mask.png,text_meaning_control,english,house,house,black,white,neutral_object,the word says {},house,0.36376953125,True
textmeaning_house_0025,/content/stroop_expanded_vlm/text_meaning_control/images/textmeaning_house_0025.png,/content/stroop_expanded_vlm/text_meaning_control/masks/textmeaning_house_0025_mask.png,text_meaning_control,english,house,house,black,white,neutral_object,the word says {},house,0.36083984375,True
textmeaning_house_0026,/content/stroop_expanded_vlm/text_meaning_control/images/textmeaning_house_0026.png,/content/stroop_expanded_vlm/text_meaning_control/masks/textmeaning_house_0026_mask.png,text_meaning_control,english,house,house,black,white,neutral_object,the word says {},house,0.35302734375,True
textmeaning_house_0027,/content/stroop_expanded_vlm/text_meaning_control/images/textmeaning_house_0027.png,/content/stroop_expanded_vlm/text_meaning_control/masks/textmeaning_house_0027_mask.png,text_meaning_control,english,house,house,black,white,neutral_object,the word says {},house,0.35302734375,True
textmeaning_house_0028,/content/stroop_expanded_vlm/text_meaning_control/images/textmeaning_house_0028.png,/content/stroop_expanded_vlm/text_meaning_control/masks/textmeaning_house_0028_mask.png,text_meaning_control,english,house,house,black,white,neutral_object,the word says {},house,0.351806640625,True
textmeaning_house_0029,/content/stroop_expanded_vlm/text_meaning_control/images/textmeaning_house_0029.png,/content/stroop_expanded_vlm/text_meaning_control/masks/textmeaning_house_0029_mask.png,text_meaning_control,english,house,house,black,white,neutral_object,the word says {},house,0.361328125,True
textmeaning_house_0030,/content/stroop_expanded_vlm/text_meaning_control/images/textmeaning_house_0030.png,/content/stroop_expanded_vlm/text_meaning_control/masks/textmeaning_house_0030_mask.png,text_meaning_control,english,house,house,black,white,neutral_object,the word says {},house,0.3564453125,True
textmeaning_house_0031,/content/stroop_expanded_vlm/text_meaning_control/images/textmeaning_house_0031.png,/content/stroop_expanded_vlm/text_meaning_control/masks/textmeaning_house_0031_mask.png,text_meaning_control,english,house,house,black,white,neutral_object,the word says {},house,0.366455078125,True
textmeaning_house_0032,/content/stroop_expanded_vlm/text_meaning_control/images/textmeaning_house_0032.png,/content/stroop_expanded_vlm/text_meaning_control/masks/textmeaning_house_0032_mask.png,text_meaning_control,english,house,house,black,white,neutral_object,the word says {},house,0.35986328125,True
textmeaning_house_0033,/content/stroop_expanded_vlm/text_meaning_control/images/textmeaning_house_0033.png,/content/stroop_expanded_vlm/text_meaning_control/masks/textmeaning_house_0033_mask.png,text_meaning_control,english,house,house,black,white,neutral_object,the word says {},house,0.356201171875,True
textmeaning_house_0034,/content/stroop_expanded_vlm/text_meaning_control/images/textmeaning_house_0034.png,/content/stroop_expanded_vlm/text_meaning_control/masks/textmeaning_house_0034_mask.png,text_meaning_control,english,house,house,black,white,neutral_object,the word says {},house,0.3623046875,True
textmeaning_house_0035,/content/stroop_expanded_vlm/text_meaning_control/images/textmeaning_house_0035.png,/content/stroop_expanded_vlm/text_meaning_control/masks/textmeaning_house_0035_mask.png,text_meaning_control,english,house,house,black,white,neutral_object,the word says {},house,0.357666015625,True
textmeaning_house_0036,/content/stroop_expanded_vlm/text_meaning_control/images/textmeaning_house_0036.png,/content/stroop_expanded_vlm/text_meaning_control/masks/textmeaning_house_0036_mask.png,text_meaning_control,english,house,house,black,white,neutral_object,the word says {},house,0.3515625,True
textmeaning_house_0037,/content/stroop_expanded_vlm/text_meaning_control/images/textmeaning_house_0037.png,/content/stroop_expanded_vlm/text_meaning_control/masks/textmeaning_house_0037_mask.png,text_meaning_control,english,house,house,black,white,neutral_object,the word says {},house,0.35302734375,True
textmeaning_house_0038,/content/stroop_expanded_vlm/text_meaning_control/images/textmeaning_house_0038.png,/content/stroop_expanded_vlm/text_meaning_control/masks/textmeaning_house_0038_mask.png,text_meaning_control,english,house,house,black,white,neutral_object,the word says {},house,0.359375,True
textmeaning_house_0039,/content/stroop_expanded_vlm/text_meaning_control/images/textmeaning_house_0039.png,/content/stroop_expanded_vlm/text_meaning_control/masks/textmeaning_house_0039_mask.png,text_meaning_control,english,house,house,black,white,neutral_object,the word says {},house,0.36083984375,True
textmeaning_house_0040,/content/stroop_expanded_vlm/text_meaning_control/images/textmeaning_house_0040.png,/content/stroop_expanded_vlm/text_meaning_control/masks/textmeaning_house_0040_mask.png,text_meaning_control,english,house,house,black,white,neutral_object,the word says {},house,0.361328125,True
textmeaning_house_0041,/content/stroop_expanded_vlm/text_meaning_control/images/textmeaning_house_0041.png,/content/stroop_expanded_vlm/text_meaning_control/masks/textmeaning_house_0041_mask.png,text_meaning_control,english,house,house,black,white,neutral_object,the word says {},house,0.364501953125,True
textmeaning_house_0042,/content/stroop_expanded_vlm/text_meaning_control/images/textmeaning_house_0042.png,/content/stroop_expanded_vlm/text_meaning_control/masks/textmeaning_house_0042_mask.png,text_meaning_control,english,house,house,black,white,neutral_object,the word says {},house,0.356689453125,True
textmeaning_house_0043,/content/stroop_expanded_vlm/text_meaning_control/images/textmeaning_house_0043.png,/content/stroop_expanded_vlm/text_meaning_control/masks/textmeaning_house_0043_mask.png,text_meaning_control,english,house,house,black,white,neutral_object,the word says {},house,0.36083984375,True
textmeaning_house_0044,/content/stroop_expanded_vlm/text_meaning_control/images/textmeaning_house_0044.png,/content/stroop_expanded_vlm/text_meaning_control/masks/textmeaning_house_0044_mask.png,text_meaning_control,english,house,house,black,white,neutral_object,the word says {},house,0.364013671875,True
textmeaning_house_0045,/content/stroop_expanded_vlm/text_meaning_control/images/textmeaning_house_0045.png,/content/stroop_expanded_vlm/text_meaning_control/masks/textmeaning_house_0045_mask.png,text_meaning_control,english,house,house,black,white,neutral_object,the word says {},house,0.361328125,True
textmeaning_house_0046,/content/stroop_expanded_vlm/text_meaning_control/images/textmeaning_house_0046.png,/content/stroop_expanded_vlm/text_meaning_control/masks/textmeaning_house_0046_mask.png,text_meaning_control,english,house,house,black,white,neutral_object,the word says {},house,0.357666015625,True
textmeaning_house_0047,/content/stroop_expanded_vlm/text_meaning_control/images/textmeaning_house_0047.png,/content/stroop_expanded_vlm/text_meaning_control/masks/textmeaning_house_0047_mask.png,text_meaning_control,english,house,house,black,white,neutral_object,the word says {},house,0.35400390625,True
textmeaning_house_0048,/content/stroop_expanded_vlm/text_meaning_control/images/textmeaning_house_0048.png,/content/stroop_expanded_vlm/text_meaning_control/masks/textmeaning_house_0048_mask.png,text_meaning_control,english,house,house,black,white,neutral_object,the word says {},house,0.354736328125,True
textmeaning_house_0049,/content/stroop_expanded_vlm/text_meaning_control/images/textmeaning_house_0049.png,/content/stroop_expanded_vlm/text_meaning_control/masks/textmeaning_house_0049_mask.png,text_meaning_control,english,house,house,black,white,neutral_object,the word says {},house,0.359375,True
textmeaning_house_0050,/content/stroop_expanded_vlm/text_meaning_control/images/textmeaning_house_0050.png,/content/stroop_expanded_vlm/text_meaning_control/masks/textmeaning_house_0050_mask.png,text_meaning_control,english,house,house,black,white,neutral_object,the word says {},house,0.35302734375,True
textmeaning_house_0051,/content/stroop_expanded_vlm/text_meaning_control/images/textmeaning_house_0051.png,/content/stroop_expanded_vlm/text_meaning_control/masks/textmeaning_house_0051_mask.png,text_meaning_control,english,house,house,black,white,neutral_object,the word says {},house,0.345703125,True
textmeaning_house_0052,/content/stroop_expanded_vlm/text_meaning_control/images/textmeaning_house_0052.png,/content/stroop_expanded_vlm/text_meaning_control/masks/textmeaning_house_0052_mask.png,text_meaning_control,english,house,house,black,white,neutral_object,the word says {},house,0.356689453125,True
textmeaning_house_0053,/content/stroop_expanded_vlm/text_meaning_control/images/textmeaning_house_0053.png,/content/stroop_expanded_vlm/text_meaning_control/masks/textmeaning_house_0053_mask.png,text_meaning_control,english,house,house,black,white,neutral_object,the word says {},house,0.34716796875,True
textmeaning_house_0054,/content/stroop_expanded_vlm/text_meaning_control/images/textmeaning_house_0054.png,/content/stroop_expanded_vlm/text_meaning_control/masks/textmeaning_house_0054_mask.png,text_meaning_control,english,house,house,black,white,neutral_object,the word says {},house,0.361572265625,True
textmeaning_house_0055,/content/stroop_expanded_vlm/text_meaning_control/images/textmeaning_house_0055.png,/content/stroop_expanded_vlm/text_meaning_control/masks/textmeaning_house_0055_mask.png,text_meaning_control,english,house,house,black,white,neutral_object,the word says {},house,0.36376953125,True
textmeaning_house_0056,/content/stroop_expanded_vlm/text_meaning_control/images/textmeaning_house_0056.png,/content/stroop_expanded_vlm/text_meaning_control/masks/textmeaning_house_0056_mask.png,text_meaning_control,english,house,house,black,white,neutral_object,the word says {},house,0.363037109375,True
textmeaning_house_0057,/content/stroop_expanded_vlm/text_meaning_control/images/textmeaning_house_0057.png,/content/stroop_expanded_vlm/text_meaning_control/masks/textmeaning_house_0057_mask.png,text_meaning_control,english,house,house,black,white,neutral_object,the word says {},house,0.363037109375,True
textmeaning_house_0058,/content/stroop_expanded_vlm/text_meaning_control/images/textmeaning_house_0058.png,/content/stroop_expanded_vlm/text_meaning_control/masks/textmeaning_house_0058_mask.png,text_meaning_control,english,house,house,black,white,neutral_object,the word says {},house,0.359130859375,True
textmeaning_house_0059,/content/stroop_expanded_vlm/text_meaning_control/images/textmeaning_house_0059.png,/content/stroop_expanded_vlm/text_meaning_control/masks/textmeaning_house_0059_mask.png,text_meaning_control,english,house,house,black,white,neutral_object,the word says {},house,0.36669921875,True
textmeaning_house_0060,/content/stroop_expanded_vlm/text_meaning_control/images/textmeaning_house_0060.png,/content/stroop_expanded_vlm/text_meaning_control/masks/textmeaning_house_0060_mask.png,text_meaning_control,english,house,house,black,white,neutral_object,the word says {},house,0.3544921875,True
textmeaning_house_0061,/content/stroop_expanded_vlm/text_meaning_control/images/textmeaning_house_0061.png,/content/stroop_expanded_vlm/text_meaning_control/masks/textmeaning_house_0061_mask.png,text_meaning_control,english,house,house,black,white,neutral_object,the word says {},house,0.357421875,True
textmeaning_house_0062,/content/stroop_expanded_vlm/text_meaning_control/images/textmeaning_house_0062.png,/content/stroop_expanded_vlm/text_meaning_control/masks/textmeaning_house_0062_mask.png,text_meaning_control,english,house,house,black,white,neutral_object,the word says {},house,0.361572265625,True
textmeaning_house_0063,/content/stroop_expanded_vlm/text_meaning_control/images/textmeaning_house_0063.png,/content/stroop_expanded_vlm/text_meaning_control/masks/textmeaning_house_0063_mask.png,text_meaning_control,english,house,house,black,white,neutral_object,the word says {},house,0.360107421875,True
textmeaning_house_0064,/content/stroop_expanded_vlm/text_meaning_control/images/textmeaning_house_0064.png,/content/stroop_expanded_vlm/text_meaning_control/masks/textmeaning_house_0064_mask.png,text_meaning_control,english,house,house,black,white,neutral_object,the word says {},house,0.359619140625,True
textmeaning_house_0065,/content/stroop_expanded_vlm/text_meaning_control/images/textmeaning_house_0065.png,/content/stroop_expanded_vlm/text_meaning_control/masks/textmeaning_house_0065_mask.png,text_meaning_control,english,house,house,black,white,neutral_object,the word says {},house,0.3564453125,True
textmeaning_house_0066,/content/stroop_expanded_vlm/text_meaning_control/images/textmeaning_house_0066.png,/content/stroop_expanded_vlm/text_meaning_control/masks/textmeaning_house_0066_mask.png,text_meaning_control,english,house,house,black,white,neutral_object,the word says {},house,0.3623046875,True
textmeaning_house_0067,/content/stroop_expanded_vlm/text_meaning_control/images/textmeaning_house_0067.png,/content/stroop_expanded_vlm/text_meaning_control/masks/textmeaning_house_0067_mask.png,text_meaning_control,english,house,house,black,white,neutral_object,the word says {},house,0.3583984375,True
textmeaning_house_0068,/content/stroop_expanded_vlm/text_meaning_control/images/textmeaning_house_0068.png,/content/stroop_expanded_vlm/text_meaning_control/masks/textmeaning_house_0068_mask.png,text_meaning_control,english,house,house,black,white,neutral_object,the word says {},house,0.359375,True
textmeaning_house_0069,/content/stroop_expanded_vlm/text_meaning_control/images/textmeaning_house_0069.png,/content/stroop_expanded_vlm/text_meaning_control/masks/textmeaning_house_0069_mask.png,text_meaning_control,english,house,house,black,white,neutral_object,the word says {},house,0.35791015625,True
textmeaning_house_0070,/content/stroop_expanded_vlm/text_meaning_control/images/textmeaning_house_0070.png,/content/stroop_expanded_vlm/text_meaning_control/masks/textmeaning_house_0070_mask.png,text_meaning_control,english,house,house,black,white,neutral_object,the word says {},house,0.353515625,True
textmeaning_house_0071,/content/stroop_expanded_vlm/text_meaning_control/images/textmeaning_house_0071.png,/content/stroop_expanded_vlm/text_meaning_control/masks/textmeaning_house_0071_mask.png,text_meaning_control,english,house,house,black,white,neutral_object,the word says {},house,0.348388671875,True
textmeaning_house_0072,/content/stroop_expanded_vlm/text_meaning_control/images/textmeaning_house_0072.png,/content/stroop_expanded_vlm/text_meaning_control/masks/textmeaning_house_0072_mask.png,text_meaning_control,english,house,house,black,white,neutral_object,the word says {},house,0.359619140625,True
textmeaning_house_0073,/content/stroop_expanded_vlm/text_meaning_control/images/textmeaning_house_0073.png,/content/stroop_expanded_vlm/text_meaning_control/masks/textmeaning_house_0073_mask.png,text_meaning_control,english,house,house,black,white,neutral_object,the word says {},house,0.349853515625,True
textmeaning_house_0074,/content/stroop_expanded_vlm/text_meaning_control/images/textmeaning_house_0074.png,/content/stroop_expanded_vlm/text_meaning_control/masks/textmeaning_house_0074_mask.png,text_meaning_control,english,house,house,black,white,neutral_object,the word says {},house,0.3642578125,True
textmeaning_house_0075,/content/stroop_expanded_vlm/text_meaning_control/images/textmeaning_house_0075.png,/content/stroop_expanded_vlm/text_meaning_control/masks/textmeaning_house_0075_mask.png,text_meaning_control,english,house,house,black,white,neutral_object,the word says {},house,0.350341796875,True
textmeaning_house_0076,/content/stroop_expanded_vlm/text_meaning_control/images/textmeaning_house_0076.png,/content/stroop_expanded_vlm/text_meaning_control/masks/textmeaning_house_0076_mask.png,text_meaning_control,english,house,house,black,white,neutral_object,the word says {},house,0.357177734375,True
textmeaning_house_0077,/content/stroop_expanded_vlm/text_meaning_control/images/textmeaning_house_0077.png,/content/stroop_expanded_vlm/text_meaning_control/masks/textmeaning_house_0077_mask.png,text_meaning_control,english,house,house,black,white,neutral_object,the word says {},house,0.350341796875,True
textmeaning_house_0078,/content/stroop_expanded_vlm/text_meaning_control/images/textmeaning_house_0078.png,/content/stroop_expanded_vlm/text_meaning_control/masks/textmeaning_house_0078_mask.png,text_meaning_control,english,house,house,black,white,neutral_object,the word says {},house,0.3583984375,True
textmeaning_house_0079,/content/stroop_expanded_vlm/text_meaning_control/images/textmeaning_house_0079.png,/content/stroop_expanded_vlm/text_meaning_control/masks/textmeaning_house_0079_mask.png,text_meaning_control,english,house,house,black,white,neutral_object,the word says {},house,0.357421875,True
textmeaning_house_0080,/content/stroop_expanded_vlm/text_meaning_control/images/textmeaning_house_0080.png,/content/stroop_expanded_vlm/text_meaning_control/masks/textmeaning_house_0080_mask.png,text_meaning_control,english,house,house,black,white,neutral_object,the word says {},house,0.352783203125,True
textmeaning_house_0081,/content/stroop_expanded_vlm/text_meaning_control/images/textmeaning_house_0081.png,/content/stroop_expanded_vlm/text_meaning_control/masks/textmeaning_house_0081_mask.png,text_meaning_control,english,house,house,black,white,neutral_object,the word says {},house,0.35595703125,True
textmeaning_house_0082,/content/stroop_expanded_vlm/text_meaning_control/images/textmeaning_house_0082.png,/content/stroop_expanded_vlm/text_meaning_control/masks/textmeaning_house_0082_mask.png,text_meaning_control,english,house,house,black,white,neutral_object,the word says {},house,0.35595703125,True
textmeaning_house_0083,/content/stroop_expanded_vlm/text_meaning_control/images/textmeaning_house_0083.png,/content/stroop_expanded_vlm/text_meaning_control/masks/textmeaning_house_0083_mask.png,text_meaning_control,english,house,house,black,white,neutral_object,the word says {},house,0.359375,True
textmeaning_house_0084,/content/stroop_expanded_vlm/text_meaning_control/images/textmeaning_house_0084.png,/content/stroop_expanded_vlm/text_meaning_control/masks/textmeaning_house_0084_mask.png,text_meaning_control,english,house,house,black,white,neutral_object,the word says {},house,0.356201171875,True
textmeaning_house_0085,/content/stroop_expanded_vlm/text_meaning_control/images/textmeaning_house_0085.png,/content/stroop_expanded_vlm/text_meaning_control/masks/textmeaning_house_0085_mask.png,text_meaning_control,english,house,house,black,white,neutral_object,the word says {},house,0.3544921875,True
textmeaning_house_0086,/content/stroop_expanded_vlm/text_meaning_control/images/textmeaning_house_0086.png,/content/stroop_expanded_vlm/text_meaning_control/masks/textmeaning_house_0086_mask.png,text_meaning_control,english,house,house,black,white,neutral_object,the word says {},house,0.36181640625,True
textmeaning_house_0087,/content/stroop_expanded_vlm/text_meaning_control/images/textmeaning_house_0087.png,/content/stroop_expanded_vlm/text_meaning_control/masks/textmeaning_house_0087_mask.png,text_meaning_control,english,house,house,black,white,neutral_object,the word says {},house,0.359375,True
textmeaning_house_0088,/content/stroop_expanded_vlm/text_meaning_control/images/textmeaning_house_0088.png,/content/stroop_expanded_vlm/text_meaning_control/masks/textmeaning_house_0088_mask.png,text_meaning_control,english,house,house,black,white,neutral_object,the word says {},house,0.351318359375,True
textmeaning_house_0089,/content/stroop_expanded_vlm/text_meaning_control/images/textmeaning_house_0089.png,/content/stroop_expanded_vlm/text_meaning_control/masks/textmeaning_house_0089_mask.png,text_meaning_control,english,house,house,black,white,neutral_object,the word says {},house,0.356689453125,True
textmeaning_house_0090,/content/stroop_expanded_vlm/text_meaning_control/images/textmeaning_house_0090.png,/content/stroop_expanded_vlm/text_meaning_control/masks/textmeaning_house_0090_mask.png,text_meaning_control,english,house,house,black,white,neutral_object,the word says {},house,0.356689453125,True
textmeaning_house_0091,/content/stroop_expanded_vlm/text_meaning_control/images/textmeaning_house_0091.png,/content/stroop_expanded_vlm/text_meaning_control/masks/textmeaning_house_0091_mask.png,text_meaning_control,english,house,house,black,white,neutral_object,the word says {},house,0.361328125,True
textmeaning_house_0092,/content/stroop_expanded_vlm/text_meaning_control/images/textmeaning_house_0092.png,/content/stroop_expanded_vlm/text_meaning_control/masks/textmeaning_house_0092_mask.png,text_meaning_control,english,house,house,black,white,neutral_object,the word says {},house,0.352783203125,True
textmeaning_house_0093,/content/stroop_expanded_vlm/text_meaning_control/images/textmeaning_house_0093.png,/content/stroop_expanded_vlm/text_meaning_control/masks/textmeaning_house_0093_mask.png,text_meaning_control,english,house,house,black,white,neutral_object,the word says {},house,0.36083984375,True
textmeaning_house_0094,/content/stroop_expanded_vlm/text_meaning_control/images/textmeaning_house_0094.png,/content/stroop_expanded_vlm/text_meaning_control/masks/textmeaning_house_0094_mask.png,text_meaning_control,english,house,house,black,white,neutral_object,the word says {},house,0.36279296875,True
textmeaning_house_0095,/content/stroop_expanded_vlm/text_meaning_control/images/textmeaning_house_0095.png,/content/stroop_expanded_vlm/text_meaning_control/masks/textmeaning_house_0095_mask.png,text_meaning_control,english,house,house,black,white,neutral_object,the word says {},house,0.35595703125,True
textmeaning_house_0096,/content/stroop_expanded_vlm/text_meaning_control/images/textmeaning_house_0096.png,/content/stroop_expanded_vlm/text_meaning_control/masks/textmeaning_house_0096_mask.png,text_meaning_control,english,house,house,black,white,neutral_object,the word says {},house,0.35107421875,True
textmeaning_house_0097,/content/stroop_expanded_vlm/text_meaning_control/images/textmeaning_house_0097.png,/content/stroop_expanded_vlm/text_meaning_control/masks/textmeaning_house_0097_mask.png,text_meaning_control,english,house,house,black,white,neutral_object,the word says {},house,0.3583984375,True
textmeaning_house_0098,/content/stroop_expanded_vlm/text_meaning_control/images/textmeaning_house_0098.png,/content/stroop_expanded_vlm/text_meaning_control/masks/textmeaning_house_0098_mask.png,text_meaning_control,english,house,house,black,white,neutral_object,the word says {},house,0.359130859375,True
textmeaning_house_0099,/content/stroop_expanded_vlm/text_meaning_control/images/textmeaning_house_0099.png,/content/stroop_expanded_vlm/text_meaning_control/masks/textmeaning_house_0099_mask.png,text_meaning_control,english,house,house,black,white,neutral_object,the word says {},house,0.35791015625,True
textmeaning_car_0000,/content/stroop_expanded_vlm/text_meaning_control/images/textmeaning_car_0000.png,/content/stroop_expanded_vlm/text_meaning_control/masks/textmeaning_car_0000_mask.png,text_meaning_control,english,car,car,black,white,neutral_object,the word says {},car,0.348388671875,True
textmeaning_car_0001,/content/stroop_expanded_vlm/text_meaning_control/images/textmeaning_car_0001.png,/content/stroop_expanded_vlm/text_meaning_control/masks/textmeaning_car_0001_mask.png,text_meaning_control,english,car,car,black,white,neutral_object,the word says {},car,0.341796875,True
textmeaning_car_0002,/content/stroop_expanded_vlm/text_meaning_control/images/textmeaning_car_0002.png,/content/stroop_expanded_vlm/text_meaning_control/masks/textmeaning_car_0002_mask.png,text_meaning_control,english,car,car,black,white,neutral_object,the word says {},car,0.34912109375,True
textmeaning_car_0003,/content/stroop_expanded_vlm/text_meaning_control/images/textmeaning_car_0003.png,/content/stroop_expanded_vlm/text_meaning_control/masks/textmeaning_car_0003_mask.png,text_meaning_control,english,car,car,black,white,neutral_object,the word says {},car,0.34423828125,True
textmeaning_car_0004,/content/stroop_expanded_vlm/text_meaning_control/images/textmeaning_car_0004.png,/content/stroop_expanded_vlm/text_meaning_control/masks/textmeaning_car_0004_mask.png,text_meaning_control,english,car,car,black,white,neutral_object,the word says {},car,0.3505859375,True
textmeaning_car_0005,/content/stroop_expanded_vlm/text_meaning_control/images/textmeaning_car_0005.png,/content/stroop_expanded_vlm/text_meaning_control/masks/textmeaning_car_0005_mask.png,text_meaning_control,english,car,car,black,white,neutral_object,the word says {},car,0.35498046875,True
textmeaning_car_0006,/content/stroop_expanded_vlm/text_meaning_control/images/textmeaning_car_0006.png,/content/stroop_expanded_vlm/text_meaning_control/masks/textmeaning_car_0006_mask.png,text_meaning_control,english,car,car,black,white,neutral_object,the word says {},car,0.351318359375,True
textmeaning_car_0007,/content/stroop_expanded_vlm/text_meaning_control/images/textmeaning_car_0007.png,/content/stroop_expanded_vlm/text_meaning_control/masks/textmeaning_car_0007_mask.png,text_meaning_control,english,car,car,black,white,neutral_object,the word says {},car,0.3486328125,True
textmeaning_car_0008,/content/stroop_expanded_vlm/text_meaning_control/images/textmeaning_car_0008.png,/content/stroop_expanded_vlm/text_meaning_control/masks/textmeaning_car_0008_mask.png,text_meaning_control,english,car,car,black,white,neutral_object,the word says {},car,0.346435546875,True
textmeaning_car_0009,/content/stroop_expanded_vlm/text_meaning_control/images/textmeaning_car_0009.png,/content/stroop_expanded_vlm/text_meaning_control/masks/textmeaning_car_0009_mask.png,text_meaning_control,english,car,car,black,white,neutral_object,the word says {},car,0.352294921875,True
textmeaning_car_0010,/content/stroop_expanded_vlm/text_meaning_control/images/textmeaning_car_0010.png,/content/stroop_expanded_vlm/text_meaning_control/masks/textmeaning_car_0010_mask.png,text_meaning_control,english,car,car,black,white,neutral_object,the word says {},car,0.34912109375,True
textmeaning_car_0011,/content/stroop_expanded_vlm/text_meaning_control/images/textmeaning_car_0011.png,/content/stroop_expanded_vlm/text_meaning_control/masks/textmeaning_car_0011_mask.png,text_meaning_control,english,car,car,black,white,neutral_object,the word says {},car,0.34814453125,True
textmeaning_car_0012,/content/stroop_expanded_vlm/text_meaning_control/images/textmeaning_car_0012.png,/content/stroop_expanded_vlm/text_meaning_control/masks/textmeaning_car_0012_mask.png,text_meaning_control,english,car,car,black,white,neutral_object,the word says {},car,0.35107421875,True
textmeaning_car_0013,/content/stroop_expanded_vlm/text_meaning_control/images/textmeaning_car_0013.png,/content/stroop_expanded_vlm/text_meaning_control/masks/textmeaning_car_0013_mask.png,text_meaning_control,english,car,car,black,white,neutral_object,the word says {},car,0.34912109375,True
textmeaning_car_0014,/content/stroop_expanded_vlm/text_meaning_control/images/textmeaning_car_0014.png,/content/stroop_expanded_vlm/text_meaning_control/masks/textmeaning_car_0014_mask.png,text_meaning_control,english,car,car,black,white,neutral_object,the word says {},car,0.34912109375,True
textmeaning_car_0015,/content/stroop_expanded_vlm/text_meaning_control/images/textmeaning_car_0015.png,/content/stroop_expanded_vlm/text_meaning_control/masks/textmeaning_car_0015_mask.png,text_meaning_control,english,car,car,black,white,neutral_object,the word says {},car,0.35400390625,True
textmeaning_car_0016,/content/stroop_expanded_vlm/text_meaning_control/images/textmeaning_car_0016.png,/content/stroop_expanded_vlm/text_meaning_control/masks/textmeaning_car_0016_mask.png,text_meaning_control,english,car,car,black,white,neutral_object,the word says {},car,0.350830078125,True
textmeaning_car_0017,/content/stroop_expanded_vlm/text_meaning_control/images/textmeaning_car_0017.png,/content/stroop_expanded_vlm/text_meaning_control/masks/textmeaning_car_0017_mask.png,text_meaning_control,english,car,car,black,white,neutral_object,the word says {},car,0.3427734375,True
textmeaning_car_0018,/content/stroop_expanded_vlm/text_meaning_control/images/textmeaning_car_0018.png,/content/stroop_expanded_vlm/text_meaning_control/masks/textmeaning_car_0018_mask.png,text_meaning_control,english,car,car,black,white,neutral_object,the word says {},car,0.34912109375,True
textmeaning_car_0019,/content/stroop_expanded_vlm/text_meaning_control/images/textmeaning_car_0019.png,/content/stroop_expanded_vlm/text_meaning_control/masks/textmeaning_car_0019_mask.png,text_meaning_control,english,car,car,black,white,neutral_object,the word says {},car,0.347412109375,True
textmeaning_car_0020,/content/stroop_expanded_vlm/text_meaning_control/images/textmeaning_car_0020.png,/content/stroop_expanded_vlm/text_meaning_control/masks/textmeaning_car_0020_mask.png,text_meaning_control,english,car,car,black,white,neutral_object,the word says {},car,0.34130859375,True
textmeaning_car_0021,/content/stroop_expanded_vlm/text_meaning_control/images/textmeaning_car_0021.png,/content/stroop_expanded_vlm/text_meaning_control/masks/textmeaning_car_0021_mask.png,text_meaning_control,english,car,car,black,white,neutral_object,the word says {},car,0.336181640625,True
textmeaning_car_0022,/content/stroop_expanded_vlm/text_meaning_control/images/textmeaning_car_0022.png,/content/stroop_expanded_vlm/text_meaning_control/masks/textmeaning_car_0022_mask.png,text_meaning_control,english,car,car,black,white,neutral_object,the word says {},car,0.349609375,True
textmeaning_car_0023,/content/stroop_expanded_vlm/text_meaning_control/images/textmeaning_car_0023.png,/content/stroop_expanded_vlm/text_meaning_control/masks/textmeaning_car_0023_mask.png,text_meaning_control,english,car,car,black,white,neutral_object,the word says {},car,0.35205078125,True
textmeaning_car_0024,/content/stroop_expanded_vlm/text_meaning_control/images/textmeaning_car_0024.png,/content/stroop_expanded_vlm/text_meaning_control/masks/textmeaning_car_0024_mask.png,text_meaning_control,english,car,car,black,white,neutral_object,the word says {},car,0.350341796875,True
textmeaning_car_0025,/content/stroop_expanded_vlm/text_meaning_control/images/textmeaning_car_0025.png,/content/stroop_expanded_vlm/text_meaning_control/masks/textmeaning_car_0025_mask.png,text_meaning_control,english,car,car,black,white,neutral_object,the word says {},car,0.3427734375,True
textmeaning_car_0026,/content/stroop_expanded_vlm/text_meaning_control/images/textmeaning_car_0026.png,/content/stroop_expanded_vlm/text_meaning_control/masks/textmeaning_car_0026_mask.png,text_meaning_control,english,car,car,black,white,neutral_object,the word says {},car,0.341064453125,True
textmeaning_car_0027,/content/stroop_expanded_vlm/text_meaning_control/images/textmeaning_car_0027.png,/content/stroop_expanded_vlm/text_meaning_control/masks/textmeaning_car_0027_mask.png,text_meaning_control,english,car,car,black,white,neutral_object,the word says {},car,0.34814453125,True
textmeaning_car_0028,/content/stroop_expanded_vlm/text_meaning_control/images/textmeaning_car_0028.png,/content/stroop_expanded_vlm/text_meaning_control/masks/textmeaning_car_0028_mask.png,text_meaning_control,english,car,car,black,white,neutral_object,the word says {},car,0.3447265625,True
textmeaning_car_0029,/content/stroop_expanded_vlm/text_meaning_control/images/textmeaning_car_0029.png,/content/stroop_expanded_vlm/text_meaning_control/masks/textmeaning_car_0029_mask.png,text_meaning_control,english,car,car,black,white,neutral_object,the word says {},car,0.349609375,True
textmeaning_car_0030,/content/stroop_expanded_vlm/text_meaning_control/images/textmeaning_car_0030.png,/content/stroop_expanded_vlm/text_meaning_control/masks/textmeaning_car_0030_mask.png,text_meaning_control,english,car,car,black,white,neutral_object,the word says {},car,0.35205078125,True
textmeaning_car_0031,/content/stroop_expanded_vlm/text_meaning_control/images/textmeaning_car_0031.png,/content/stroop_expanded_vlm/text_meaning_control/masks/textmeaning_car_0031_mask.png,text_meaning_control,english,car,car,black,white,neutral_object,the word says {},car,0.348388671875,True
textmeaning_car_0032,/content/stroop_expanded_vlm/text_meaning_control/images/textmeaning_car_0032.png,/content/stroop_expanded_vlm/text_meaning_control/masks/textmeaning_car_0032_mask.png,text_meaning_control,english,car,car,black,white,neutral_object,the word says {},car,0.349853515625,True
textmeaning_car_0033,/content/stroop_expanded_vlm/text_meaning_control/images/textmeaning_car_0033.png,/content/stroop_expanded_vlm/text_meaning_control/masks/textmeaning_car_0033_mask.png,text_meaning_control,english,car,car,black,white,neutral_object,the word says {},car,0.3525390625,True
textmeaning_car_0034,/content/stroop_expanded_vlm/text_meaning_control/images/textmeaning_car_0034.png,/content/stroop_expanded_vlm/text_meaning_control/masks/textmeaning_car_0034_mask.png,text_meaning_control,english,car,car,black,white,neutral_object,the word says {},car,0.34033203125,True
textmeaning_car_0035,/content/stroop_expanded_vlm/text_meaning_control/images/textmeaning_car_0035.png,/content/stroop_expanded_vlm/text_meaning_control/masks/textmeaning_car_0035_mask.png,text_meaning_control,english,car,car,black,white,neutral_object,the word says {},car,0.34619140625,True
textmeaning_car_0036,/content/stroop_expanded_vlm/text_meaning_control/images/textmeaning_car_0036.png,/content/stroop_expanded_vlm/text_meaning_control/masks/textmeaning_car_0036_mask.png,text_meaning_control,english,car,car,black,white,neutral_object,the word says {},car,0.35107421875,True
textmeaning_car_0037,/content/stroop_expanded_vlm/text_meaning_control/images/textmeaning_car_0037.png,/content/stroop_expanded_vlm/text_meaning_control/masks/textmeaning_car_0037_mask.png,text_meaning_control,english,car,car,black,white,neutral_object,the word says {},car,0.345703125,True
textmeaning_car_0038,/content/stroop_expanded_vlm/text_meaning_control/images/textmeaning_car_0038.png,/content/stroop_expanded_vlm/text_meaning_control/masks/textmeaning_car_0038_mask.png,text_meaning_control,english,car,car,black,white,neutral_object,the word says {},car,0.34619140625,True
textmeaning_car_0039,/content/stroop_expanded_vlm/text_meaning_control/images/textmeaning_car_0039.png,/content/stroop_expanded_vlm/text_meaning_control/masks/textmeaning_car_0039_mask.png,text_meaning_control,english,car,car,black,white,neutral_object,the word says {},car,0.34814453125,True
textmeaning_car_0040,/content/stroop_expanded_vlm/text_meaning_control/images/textmeaning_car_0040.png,/content/stroop_expanded_vlm/text_meaning_control/masks/textmeaning_car_0040_mask.png,text_meaning_control,english,car,car,black,white,neutral_object,the word says {},car,0.35400390625,True
textmeaning_car_0041,/content/stroop_expanded_vlm/text_meaning_control/images/textmeaning_car_0041.png,/content/stroop_expanded_vlm/text_meaning_control/masks/textmeaning_car_0041_mask.png,text_meaning_control,english,car,car,black,white,neutral_object,the word says {},car,0.34912109375,True
textmeaning_car_0042,/content/stroop_expanded_vlm/text_meaning_control/images/textmeaning_car_0042.png,/content/stroop_expanded_vlm/text_meaning_control/masks/textmeaning_car_0042_mask.png,text_meaning_control,english,car,car,black,white,neutral_object,the word says {},car,0.34521484375,True
textmeaning_car_0043,/content/stroop_expanded_vlm/text_meaning_control/images/textmeaning_car_0043.png,/content/stroop_expanded_vlm/text_meaning_control/masks/textmeaning_car_0043_mask.png,text_meaning_control,english,car,car,black,white,neutral_object,the word says {},car,0.34521484375,True
textmeaning_car_0044,/content/stroop_expanded_vlm/text_meaning_control/images/textmeaning_car_0044.png,/content/stroop_expanded_vlm/text_meaning_control/masks/textmeaning_car_0044_mask.png,text_meaning_control,english,car,car,black,white,neutral_object,the word says {},car,0.336181640625,True
textmeaning_car_0045,/content/stroop_expanded_vlm/text_meaning_control/images/textmeaning_car_0045.png,/content/stroop_expanded_vlm/text_meaning_control/masks/textmeaning_car_0045_mask.png,text_meaning_control,english,car,car,black,white,neutral_object,the word says {},car,0.34765625,True
textmeaning_car_0046,/content/stroop_expanded_vlm/text_meaning_control/images/textmeaning_car_0046.png,/content/stroop_expanded_vlm/text_meaning_control/masks/textmeaning_car_0046_mask.png,text_meaning_control,english,car,car,black,white,neutral_object,the word says {},car,0.34619140625,True
textmeaning_car_0047,/content/stroop_expanded_vlm/text_meaning_control/images/textmeaning_car_0047.png,/content/stroop_expanded_vlm/text_meaning_control/masks/textmeaning_car_0047_mask.png,text_meaning_control,english,car,car,black,white,neutral_object,the word says {},car,0.35205078125,True
textmeaning_car_0048,/content/stroop_expanded_vlm/text_meaning_control/images/textmeaning_car_0048.png,/content/stroop_expanded_vlm/text_meaning_control/masks/textmeaning_car_0048_mask.png,text_meaning_control,english,car,car,black,white,neutral_object,the word says {},car,0.3564453125,True
textmeaning_car_0049,/content/stroop_expanded_vlm/text_meaning_control/images/textmeaning_car_0049.png,/content/stroop_expanded_vlm/text_meaning_control/masks/textmeaning_car_0049_mask.png,text_meaning_control,english,car,car,black,white,neutral_object,the word says {},car,0.348388671875,True
textmeaning_car_0050,/content/stroop_expanded_vlm/text_meaning_control/images/textmeaning_car_0050.png,/content/stroop_expanded_vlm/text_meaning_control/masks/textmeaning_car_0050_mask.png,text_meaning_control,english,car,car,black,white,neutral_object,the word says {},car,0.345947265625,True
textmeaning_car_0051,/content/stroop_expanded_vlm/text_meaning_control/images/textmeaning_car_0051.png,/content/stroop_expanded_vlm/text_meaning_control/masks/textmeaning_car_0051_mask.png,text_meaning_control,english,car,car,black,white,neutral_object,the word says {},car,0.35498046875,True
textmeaning_car_0052,/content/stroop_expanded_vlm/text_meaning_control/images/textmeaning_car_0052.png,/content/stroop_expanded_vlm/text_meaning_control/masks/textmeaning_car_0052_mask.png,text_meaning_control,english,car,car,black,white,neutral_object,the word says {},car,0.34912109375,True
textmeaning_car_0053,/content/stroop_expanded_vlm/text_meaning_control/images/textmeaning_car_0053.png,/content/stroop_expanded_vlm/text_meaning_control/masks/textmeaning_car_0053_mask.png,text_meaning_control,english,car,car,black,white,neutral_object,the word says {},car,0.347900390625,True
textmeaning_car_0054,/content/stroop_expanded_vlm/text_meaning_control/images/textmeaning_car_0054.png,/content/stroop_expanded_vlm/text_meaning_control/masks/textmeaning_car_0054_mask.png,text_meaning_control,english,car,car,black,white,neutral_object,the word says {},car,0.350830078125,True
textmeaning_car_0055,/content/stroop_expanded_vlm/text_meaning_control/images/textmeaning_car_0055.png,/content/stroop_expanded_vlm/text_meaning_control/masks/textmeaning_car_0055_mask.png,text_meaning_control,english,car,car,black,white,neutral_object,the word says {},car,0.34326171875,True
textmeaning_car_0056,/content/stroop_expanded_vlm/text_meaning_control/images/textmeaning_car_0056.png,/content/stroop_expanded_vlm/text_meaning_control/masks/textmeaning_car_0056_mask.png,text_meaning_control,english,car,car,black,white,neutral_object,the word says {},car,0.35302734375,True
textmeaning_car_0057,/content/stroop_expanded_vlm/text_meaning_control/images/textmeaning_car_0057.png,/content/stroop_expanded_vlm/text_meaning_control/masks/textmeaning_car_0057_mask.png,text_meaning_control,english,car,car,black,white,neutral_object,the word says {},car,0.34423828125,True
textmeaning_car_0058,/content/stroop_expanded_vlm/text_meaning_control/images/textmeaning_car_0058.png,/content/stroop_expanded_vlm/text_meaning_control/masks/textmeaning_car_0058_mask.png,text_meaning_control,english,car,car,black,white,neutral_object,the word says {},car,0.349609375,True
textmeaning_car_0059,/content/stroop_expanded_vlm/text_meaning_control/images/textmeaning_car_0059.png,/content/stroop_expanded_vlm/text_meaning_control/masks/textmeaning_car_0059_mask.png,text_meaning_control,english,car,car,black,white,neutral_object,the word says {},car,0.348388671875,True
textmeaning_car_0060,/content/stroop_expanded_vlm/text_meaning_control/images/textmeaning_car_0060.png,/content/stroop_expanded_vlm/text_meaning_control/masks/textmeaning_car_0060_mask.png,text_meaning_control,english,car,car,black,white,neutral_object,the word says {},car,0.348388671875,True
textmeaning_car_0061,/content/stroop_expanded_vlm/text_meaning_control/images/textmeaning_car_0061.png,/content/stroop_expanded_vlm/text_meaning_control/masks/textmeaning_car_0061_mask.png,text_meaning_control,english,car,car,black,white,neutral_object,the word says {},car,0.35205078125,True
textmeaning_car_0062,/content/stroop_expanded_vlm/text_meaning_control/images/textmeaning_car_0062.png,/content/stroop_expanded_vlm/text_meaning_control/masks/textmeaning_car_0062_mask.png,text_meaning_control,english,car,car,black,white,neutral_object,the word says {},car,0.348876953125,True
textmeaning_car_0063,/content/stroop_expanded_vlm/text_meaning_control/images/textmeaning_car_0063.png,/content/stroop_expanded_vlm/text_meaning_control/masks/textmeaning_car_0063_mask.png,text_meaning_control,english,car,car,black,white,neutral_object,the word says {},car,0.34765625,True
textmeaning_car_0064,/content/stroop_expanded_vlm/text_meaning_control/images/textmeaning_car_0064.png,/content/stroop_expanded_vlm/text_meaning_control/masks/textmeaning_car_0064_mask.png,text_meaning_control,english,car,car,black,white,neutral_object,the word says {},car,0.345458984375,True
textmeaning_car_0065,/content/stroop_expanded_vlm/text_meaning_control/images/textmeaning_car_0065.png,/content/stroop_expanded_vlm/text_meaning_control/masks/textmeaning_car_0065_mask.png,text_meaning_control,english,car,car,black,white,neutral_object,the word says {},car,0.34814453125,True
textmeaning_car_0066,/content/stroop_expanded_vlm/text_meaning_control/images/textmeaning_car_0066.png,/content/stroop_expanded_vlm/text_meaning_control/masks/textmeaning_car_0066_mask.png,text_meaning_control,english,car,car,black,white,neutral_object,the word says {},car,0.349853515625,True
textmeaning_car_0067,/content/stroop_expanded_vlm/text_meaning_control/images/textmeaning_car_0067.png,/content/stroop_expanded_vlm/text_meaning_control/masks/textmeaning_car_0067_mask.png,text_meaning_control,english,car,car,black,white,neutral_object,the word says {},car,0.347412109375,True
textmeaning_car_0068,/content/stroop_expanded_vlm/text_meaning_control/images/textmeaning_car_0068.png,/content/stroop_expanded_vlm/text_meaning_control/masks/textmeaning_car_0068_mask.png,text_meaning_control,english,car,car,black,white,neutral_object,the word says {},car,0.349609375,True
textmeaning_car_0069,/content/stroop_expanded_vlm/text_meaning_control/images/textmeaning_car_0069.png,/content/stroop_expanded_vlm/text_meaning_control/masks/textmeaning_car_0069_mask.png,text_meaning_control,english,car,car,black,white,neutral_object,the word says {},car,0.35107421875,True
textmeaning_car_0070,/content/stroop_expanded_vlm/text_meaning_control/images/textmeaning_car_0070.png,/content/stroop_expanded_vlm/text_meaning_control/masks/textmeaning_car_0070_mask.png,text_meaning_control,english,car,car,black,white,neutral_object,the word says {},car,0.33740234375,True
textmeaning_car_0071,/content/stroop_expanded_vlm/text_meaning_control/images/textmeaning_car_0071.png,/content/stroop_expanded_vlm/text_meaning_control/masks/textmeaning_car_0071_mask.png,text_meaning_control,english,car,car,black,white,neutral_object,the word says {},car,0.34765625,True
textmeaning_car_0072,/content/stroop_expanded_vlm/text_meaning_control/images/textmeaning_car_0072.png,/content/stroop_expanded_vlm/text_meaning_control/masks/textmeaning_car_0072_mask.png,text_meaning_control,english,car,car,black,white,neutral_object,the word says {},car,0.34619140625,True
textmeaning_car_0073,/content/stroop_expanded_vlm/text_meaning_control/images/textmeaning_car_0073.png,/content/stroop_expanded_vlm/text_meaning_control/masks/textmeaning_car_0073_mask.png,text_meaning_control,english,car,car,black,white,neutral_object,the word says {},car,0.34326171875,True
textmeaning_car_0074,/content/stroop_expanded_vlm/text_meaning_control/images/textmeaning_car_0074.png,/content/stroop_expanded_vlm/text_meaning_control/masks/textmeaning_car_0074_mask.png,text_meaning_control,english,car,car,black,white,neutral_object,the word says {},car,0.345947265625,True
textmeaning_car_0075,/content/stroop_expanded_vlm/text_meaning_control/images/textmeaning_car_0075.png,/content/stroop_expanded_vlm/text_meaning_control/masks/textmeaning_car_0075_mask.png,text_meaning_control,english,car,car,black,white,neutral_object,the word says {},car,0.35400390625,True
textmeaning_car_0076,/content/stroop_expanded_vlm/text_meaning_control/images/textmeaning_car_0076.png,/content/stroop_expanded_vlm/text_meaning_control/masks/textmeaning_car_0076_mask.png,text_meaning_control,english,car,car,black,white,neutral_object,the word says {},car,0.3486328125,True
textmeaning_car_0077,/content/stroop_expanded_vlm/text_meaning_control/images/textmeaning_car_0077.png,/content/stroop_expanded_vlm/text_meaning_control/masks/textmeaning_car_0077_mask.png,text_meaning_control,english,car,car,black,white,neutral_object,the word says {},car,0.349853515625,True
textmeaning_car_0078,/content/stroop_expanded_vlm/text_meaning_control/images/textmeaning_car_0078.png,/content/stroop_expanded_vlm/text_meaning_control/masks/textmeaning_car_0078_mask.png,text_meaning_control,english,car,car,black,white,neutral_object,the word says {},car,0.349365234375,True
textmeaning_car_0079,/content/stroop_expanded_vlm/text_meaning_control/images/textmeaning_car_0079.png,/content/stroop_expanded_vlm/text_meaning_control/masks/textmeaning_car_0079_mask.png,text_meaning_control,english,car,car,black,white,neutral_object,the word says {},car,0.343994140625,True
textmeaning_car_0080,/content/stroop_expanded_vlm/text_meaning_control/images/textmeaning_car_0080.png,/content/stroop_expanded_vlm/text_meaning_control/masks/textmeaning_car_0080_mask.png,text_meaning_control,english,car,car,black,white,neutral_object,the word says {},car,0.334228515625,True
textmeaning_car_0081,/content/stroop_expanded_vlm/text_meaning_control/images/textmeaning_car_0081.png,/content/stroop_expanded_vlm/text_meaning_control/masks/textmeaning_car_0081_mask.png,text_meaning_control,english,car,car,black,white,neutral_object,the word says {},car,0.3525390625,True
textmeaning_car_0082,/content/stroop_expanded_vlm/text_meaning_control/images/textmeaning_car_0082.png,/content/stroop_expanded_vlm/text_meaning_control/masks/textmeaning_car_0082_mask.png,text_meaning_control,english,car,car,black,white,neutral_object,the word says {},car,0.34912109375,True
textmeaning_car_0083,/content/stroop_expanded_vlm/text_meaning_control/images/textmeaning_car_0083.png,/content/stroop_expanded_vlm/text_meaning_control/masks/textmeaning_car_0083_mask.png,text_meaning_control,english,car,car,black,white,neutral_object,the word says {},car,0.348876953125,True
textmeaning_car_0084,/content/stroop_expanded_vlm/text_meaning_control/images/textmeaning_car_0084.png,/content/stroop_expanded_vlm/text_meaning_control/masks/textmeaning_car_0084_mask.png,text_meaning_control,english,car,car,black,white,neutral_object,the word says {},car,0.34814453125,True
textmeaning_car_0085,/content/stroop_expanded_vlm/text_meaning_control/images/textmeaning_car_0085.png,/content/stroop_expanded_vlm/text_meaning_control/masks/textmeaning_car_0085_mask.png,text_meaning_control,english,car,car,black,white,neutral_object,the word says {},car,0.33837890625,True
textmeaning_car_0086,/content/stroop_expanded_vlm/text_meaning_control/images/textmeaning_car_0086.png,/content/stroop_expanded_vlm/text_meaning_control/masks/textmeaning_car_0086_mask.png,text_meaning_control,english,car,car,black,white,neutral_object,the word says {},car,0.352294921875,True
textmeaning_car_0087,/content/stroop_expanded_vlm/text_meaning_control/images/textmeaning_car_0087.png,/content/stroop_expanded_vlm/text_meaning_control/masks/textmeaning_car_0087_mask.png,text_meaning_control,english,car,car,black,white,neutral_object,the word says {},car,0.343994140625,True
textmeaning_car_0088,/content/stroop_expanded_vlm/text_meaning_control/images/textmeaning_car_0088.png,/content/stroop_expanded_vlm/text_meaning_control/masks/textmeaning_car_0088_mask.png,text_meaning_control,english,car,car,black,white,neutral_object,the word says {},car,0.345703125,True
textmeaning_car_0089,/content/stroop_expanded_vlm/text_meaning_control/images/textmeaning_car_0089.png,/content/stroop_expanded_vlm/text_meaning_control/masks/textmeaning_car_0089_mask.png,text_meaning_control,english,car,car,black,white,neutral_object,the word says {},car,0.33642578125,True
textmeaning_car_0090,/content/stroop_expanded_vlm/text_meaning_control/images/textmeaning_car_0090.png,/content/stroop_expanded_vlm/text_meaning_control/masks/textmeaning_car_0090_mask.png,text_meaning_control,english,car,car,black,white,neutral_object,the word says {},car,0.33447265625,True
textmeaning_car_0091,/content/stroop_expanded_vlm/text_meaning_control/images/textmeaning_car_0091.png,/content/stroop_expanded_vlm/text_meaning_control/masks/textmeaning_car_0091_mask.png,text_meaning_control,english,car,car,black,white,neutral_object,the word says {},car,0.349609375,True
textmeaning_car_0092,/content/stroop_expanded_vlm/text_meaning_control/images/textmeaning_car_0092.png,/content/stroop_expanded_vlm/text_meaning_control/masks/textmeaning_car_0092_mask.png,text_meaning_control,english,car,car,black,white,neutral_object,the word says {},car,0.353515625,True
textmeaning_car_0093,/content/stroop_expanded_vlm/text_meaning_control/images/textmeaning_car_0093.png,/content/stroop_expanded_vlm/text_meaning_control/masks/textmeaning_car_0093_mask.png,text_meaning_control,english,car,car,black,white,neutral_object,the word says {},car,0.347900390625,True
textmeaning_car_0094,/content/stroop_expanded_vlm/text_meaning_control/images/textmeaning_car_0094.png,/content/stroop_expanded_vlm/text_meaning_control/masks/textmeaning_car_0094_mask.png,text_meaning_control,english,car,car,black,white,neutral_object,the word says {},car,0.345458984375,True
textmeaning_car_0095,/content/stroop_expanded_vlm/text_meaning_control/images/textmeaning_car_0095.png,/content/stroop_expanded_vlm/text_meaning_control/masks/textmeaning_car_0095_mask.png,text_meaning_control,english,car,car,black,white,neutral_object,the word says {},car,0.34912109375,True
textmeaning_car_0096,/content/stroop_expanded_vlm/text_meaning_control/images/textmeaning_car_0096.png,/content/stroop_expanded_vlm/text_meaning_control/masks/textmeaning_car_0096_mask.png,text_meaning_control,english,car,car,black,white,neutral_object,the word says {},car,0.35205078125,True
textmeaning_car_0097,/content/stroop_expanded_vlm/text_meaning_control/images/textmeaning_car_0097.png,/content/stroop_expanded_vlm/text_meaning_control/masks/textmeaning_car_0097_mask.png,text_meaning_control,english,car,car,black,white,neutral_object,the word says {},car,0.3515625,True
textmeaning_car_0098,/content/stroop_expanded_vlm/text_meaning_control/images/textmeaning_car_0098.png,/content/stroop_expanded_vlm/text_meaning_control/masks/textmeaning_car_0098_mask.png,text_meaning_control,english,car,car,black,white,neutral_object,the word says {},car,0.352783203125,True
textmeaning_car_0099,/content/stroop_expanded_vlm/text_meaning_control/images/textmeaning_car_0099.png,/content/stroop_expanded_vlm/text_meaning_control/masks/textmeaning_car_0099_mask.png,text_meaning_control,english,car,car,black,white,neutral_object,the word says {},car,0.34765625,True
textmeaning_book_0000,/content/stroop_expanded_vlm/text_meaning_control/images/textmeaning_book_0000.png,/content/stroop_expanded_vlm/text_meaning_control/masks/textmeaning_book_0000_mask.png,text_meaning_control,english,book,book,black,white,neutral_object,the word says {},book,0.31689453125,True
textmeaning_book_0001,/content/stroop_expanded_vlm/text_meaning_control/images/textmeaning_book_0001.png,/content/stroop_expanded_vlm/text_meaning_control/masks/textmeaning_book_0001_mask.png,text_meaning_control,english,book,book,black,white,neutral_object,the word says {},book,0.31591796875,True
textmeaning_book_0002,/content/stroop_expanded_vlm/text_meaning_control/images/textmeaning_book_0002.png,/content/stroop_expanded_vlm/text_meaning_control/masks/textmeaning_book_0002_mask.png,text_meaning_control,english,book,book,black,white,neutral_object,the word says {},book,0.314208984375,True
textmeaning_book_0003,/content/stroop_expanded_vlm/text_meaning_control/images/textmeaning_book_0003.png,/content/stroop_expanded_vlm/text_meaning_control/masks/textmeaning_book_0003_mask.png,text_meaning_control,english,book,book,black,white,neutral_object,the word says {},book,0.317138671875,True
textmeaning_book_0004,/content/stroop_expanded_vlm/text_meaning_control/images/textmeaning_book_0004.png,/content/stroop_expanded_vlm/text_meaning_control/masks/textmeaning_book_0004_mask.png,text_meaning_control,english,book,book,black,white,neutral_object,the word says {},book,0.3173828125,True
textmeaning_book_0005,/content/stroop_expanded_vlm/text_meaning_control/images/textmeaning_book_0005.png,/content/stroop_expanded_vlm/text_meaning_control/masks/textmeaning_book_0005_mask.png,text_meaning_control,english,book,book,black,white,neutral_object,the word says {},book,0.324951171875,True
textmeaning_book_0006,/content/stroop_expanded_vlm/text_meaning_control/images/textmeaning_book_0006.png,/content/stroop_expanded_vlm/text_meaning_control/masks/textmeaning_book_0006_mask.png,text_meaning_control,english,book,book,black,white,neutral_object,the word says {},book,0.317138671875,True
textmeaning_book_0007,/content/stroop_expanded_vlm/text_meaning_control/images/textmeaning_book_0007.png,/content/stroop_expanded_vlm/text_meaning_control/masks/textmeaning_book_0007_mask.png,text_meaning_control,english,book,book,black,white,neutral_object,the word says {},book,0.3154296875,True
textmeaning_book_0008,/content/stroop_expanded_vlm/text_meaning_control/images/textmeaning_book_0008.png,/content/stroop_expanded_vlm/text_meaning_control/masks/textmeaning_book_0008_mask.png,text_meaning_control,english,book,book,black,white,neutral_object,the word says {},book,0.320068359375,True
textmeaning_book_0009,/content/stroop_expanded_vlm/text_meaning_control/images/textmeaning_book_0009.png,/content/stroop_expanded_vlm/text_meaning_control/masks/textmeaning_book_0009_mask.png,text_meaning_control,english,book,book,black,white,neutral_object,the word says {},book,0.31396484375,True
textmeaning_book_0010,/content/stroop_expanded_vlm/text_meaning_control/images/textmeaning_book_0010.png,/content/stroop_expanded_vlm/text_meaning_control/masks/textmeaning_book_0010_mask.png,text_meaning_control,english,book,book,black,white,neutral_object,the word says {},book,0.3134765625,True
textmeaning_book_0011,/content/stroop_expanded_vlm/text_meaning_control/images/textmeaning_book_0011.png,/content/stroop_expanded_vlm/text_meaning_control/masks/textmeaning_book_0011_mask.png,text_meaning_control,english,book,book,black,white,neutral_object,the word says {},book,0.317626953125,True
textmeaning_book_0012,/content/stroop_expanded_vlm/text_meaning_control/images/textmeaning_book_0012.png,/content/stroop_expanded_vlm/text_meaning_control/masks/textmeaning_book_0012_mask.png,text_meaning_control,english,book,book,black,white,neutral_object,the word says {},book,0.323974609375,True
textmeaning_book_0013,/content/stroop_expanded_vlm/text_meaning_control/images/textmeaning_book_0013.png,/content/stroop_expanded_vlm/text_meaning_control/masks/textmeaning_book_0013_mask.png,text_meaning_control,english,book,book,black,white,neutral_object,the word says {},book,0.321533203125,True
textmeaning_book_0014,/content/stroop_expanded_vlm/text_meaning_control/images/textmeaning_book_0014.png,/content/stroop_expanded_vlm/text_meaning_control/masks/textmeaning_book_0014_mask.png,text_meaning_control,english,book,book,black,white,neutral_object,the word says {},book,0.3203125,True
textmeaning_book_0015,/content/stroop_expanded_vlm/text_meaning_control/images/textmeaning_book_0015.png,/content/stroop_expanded_vlm/text_meaning_control/masks/textmeaning_book_0015_mask.png,text_meaning_control,english,book,book,black,white,neutral_object,the word says {},book,0.315185546875,True
textmeaning_book_0016,/content/stroop_expanded_vlm/text_meaning_control/images/textmeaning_book_0016.png,/content/stroop_expanded_vlm/text_meaning_control/masks/textmeaning_book_0016_mask.png,text_meaning_control,english,book,book,black,white,neutral_object,the word says {},book,0.31982421875,True
textmeaning_book_0017,/content/stroop_expanded_vlm/text_meaning_control/images/textmeaning_book_0017.png,/content/stroop_expanded_vlm/text_meaning_control/masks/textmeaning_book_0017_mask.png,text_meaning_control,english,book,book,black,white,neutral_object,the word says {},book,0.322265625,True
textmeaning_book_0018,/content/stroop_expanded_vlm/text_meaning_control/images/textmeaning_book_0018.png,/content/stroop_expanded_vlm/text_meaning_control/masks/textmeaning_book_0018_mask.png,text_meaning_control,english,book,book,black,white,neutral_object,the word says {},book,0.3125,True
textmeaning_book_0019,/content/stroop_expanded_vlm/text_meaning_control/images/textmeaning_book_0019.png,/content/stroop_expanded_vlm/text_meaning_control/masks/textmeaning_book_0019_mask.png,text_meaning_control,english,book,book,black,white,neutral_object,the word says {},book,0.3251953125,True
textmeaning_book_0020,/content/stroop_expanded_vlm/text_meaning_control/images/textmeaning_book_0020.png,/content/stroop_expanded_vlm/text_meaning_control/masks/textmeaning_book_0020_mask.png,text_meaning_control,english,book,book,black,white,neutral_object,the word says {},book,0.3134765625,True
textmeaning_book_0021,/content/stroop_expanded_vlm/text_meaning_control/images/textmeaning_book_0021.png,/content/stroop_expanded_vlm/text_meaning_control/masks/textmeaning_book_0021_mask.png,text_meaning_control,english,book,book,black,white,neutral_object,the word says {},book,0.32373046875,True
textmeaning_book_0022,/content/stroop_expanded_vlm/text_meaning_control/images/textmeaning_book_0022.png,/content/stroop_expanded_vlm/text_meaning_control/masks/textmeaning_book_0022_mask.png,text_meaning_control,english,book,book,black,white,neutral_object,the word says {},book,0.320556640625,True
textmeaning_book_0023,/content/stroop_expanded_vlm/text_meaning_control/images/textmeaning_book_0023.png,/content/stroop_expanded_vlm/text_meaning_control/masks/textmeaning_book_0023_mask.png,text_meaning_control,english,book,book,black,white,neutral_object,the word says {},book,0.322265625,True
textmeaning_book_0024,/content/stroop_expanded_vlm/text_meaning_control/images/textmeaning_book_0024.png,/content/stroop_expanded_vlm/text_meaning_control/masks/textmeaning_book_0024_mask.png,text_meaning_control,english,book,book,black,white,neutral_object,the word says {},book,0.322021484375,True
textmeaning_book_0025,/content/stroop_expanded_vlm/text_meaning_control/images/textmeaning_book_0025.png,/content/stroop_expanded_vlm/text_meaning_control/masks/textmeaning_book_0025_mask.png,text_meaning_control,english,book,book,black,white,neutral_object,the word says {},book,0.314697265625,True
textmeaning_book_0026,/content/stroop_expanded_vlm/text_meaning_control/images/textmeaning_book_0026.png,/content/stroop_expanded_vlm/text_meaning_control/masks/textmeaning_book_0026_mask.png,text_meaning_control,english,book,book,black,white,neutral_object,the word says {},book,0.3076171875,True
textmeaning_book_0027,/content/stroop_expanded_vlm/text_meaning_control/images/textmeaning_book_0027.png,/content/stroop_expanded_vlm/text_meaning_control/masks/textmeaning_book_0027_mask.png,text_meaning_control,english,book,book,black,white,neutral_object,the word says {},book,0.319091796875,True
textmeaning_book_0028,/content/stroop_expanded_vlm/text_meaning_control/images/textmeaning_book_0028.png,/content/stroop_expanded_vlm/text_meaning_control/masks/textmeaning_book_0028_mask.png,text_meaning_control,english,book,book,black,white,neutral_object,the word says {},book,0.31982421875,True
textmeaning_book_0029,/content/stroop_expanded_vlm/text_meaning_control/images/textmeaning_book_0029.png,/content/stroop_expanded_vlm/text_meaning_control/masks/textmeaning_book_0029_mask.png,text_meaning_control,english,book,book,black,white,neutral_object,the word says {},book,0.315673828125,True
textmeaning_book_0030,/content/stroop_expanded_vlm/text_meaning_control/images/textmeaning_book_0030.png,/content/stroop_expanded_vlm/text_meaning_control/masks/textmeaning_book_0030_mask.png,text_meaning_control,english,book,book,black,white,neutral_object,the word says {},book,0.316162109375,True
textmeaning_book_0031,/content/stroop_expanded_vlm/text_meaning_control/images/textmeaning_book_0031.png,/content/stroop_expanded_vlm/text_meaning_control/masks/textmeaning_book_0031_mask.png,text_meaning_control,english,book,book,black,white,neutral_object,the word says {},book,0.314208984375,True
textmeaning_book_0032,/content/stroop_expanded_vlm/text_meaning_control/images/textmeaning_book_0032.png,/content/stroop_expanded_vlm/text_meaning_control/masks/textmeaning_book_0032_mask.png,text_meaning_control,english,book,book,black,white,neutral_object,the word says {},book,0.321044921875,True
textmeaning_book_0033,/content/stroop_expanded_vlm/text_meaning_control/images/textmeaning_book_0033.png,/content/stroop_expanded_vlm/text_meaning_control/masks/textmeaning_book_0033_mask.png,text_meaning_control,english,book,book,black,white,neutral_object,the word says {},book,0.3232421875,True
textmeaning_book_0034,/content/stroop_expanded_vlm/text_meaning_control/images/textmeaning_book_0034.png,/content/stroop_expanded_vlm/text_meaning_control/masks/textmeaning_book_0034_mask.png,text_meaning_control,english,book,book,black,white,neutral_object,the word says {},book,0.31787109375,True
textmeaning_book_0035,/content/stroop_expanded_vlm/text_meaning_control/images/textmeaning_book_0035.png,/content/stroop_expanded_vlm/text_meaning_control/masks/textmeaning_book_0035_mask.png,text_meaning_control,english,book,book,black,white,neutral_object,the word says {},book,0.3193359375,True
textmeaning_book_0036,/content/stroop_expanded_vlm/text_meaning_control/images/textmeaning_book_0036.png,/content/stroop_expanded_vlm/text_meaning_control/masks/textmeaning_book_0036_mask.png,text_meaning_control,english,book,book,black,white,neutral_object,the word says {},book,0.313232421875,True
textmeaning_book_0037,/content/stroop_expanded_vlm/text_meaning_control/images/textmeaning_book_0037.png,/content/stroop_expanded_vlm/text_meaning_control/masks/textmeaning_book_0037_mask.png,text_meaning_control,english,book,book,black,white,neutral_object,the word says {},book,0.31640625,True
textmeaning_book_0038,/content/stroop_expanded_vlm/text_meaning_control/images/textmeaning_book_0038.png,/content/stroop_expanded_vlm/text_meaning_control/masks/textmeaning_book_0038_mask.png,text_meaning_control,english,book,book,black,white,neutral_object,the word says {},book,0.310302734375,True
textmeaning_book_0039,/content/stroop_expanded_vlm/text_meaning_control/images/textmeaning_book_0039.png,/content/stroop_expanded_vlm/text_meaning_control/masks/textmeaning_book_0039_mask.png,text_meaning_control,english,book,book,black,white,neutral_object,the word says {},book,0.320068359375,True
textmeaning_book_0040,/content/stroop_expanded_vlm/text_meaning_control/images/textmeaning_book_0040.png,/content/stroop_expanded_vlm/text_meaning_control/masks/textmeaning_book_0040_mask.png,text_meaning_control,english,book,book,black,white,neutral_object,the word says {},book,0.31494140625,True
textmeaning_book_0041,/content/stroop_expanded_vlm/text_meaning_control/images/textmeaning_book_0041.png,/content/stroop_expanded_vlm/text_meaning_control/masks/textmeaning_book_0041_mask.png,text_meaning_control,english,book,book,black,white,neutral_object,the word says {},book,0.313232421875,True
textmeaning_book_0042,/content/stroop_expanded_vlm/text_meaning_control/images/textmeaning_book_0042.png,/content/stroop_expanded_vlm/text_meaning_control/masks/textmeaning_book_0042_mask.png,text_meaning_control,english,book,book,black,white,neutral_object,the word says {},book,0.31787109375,True
textmeaning_book_0043,/content/stroop_expanded_vlm/text_meaning_control/images/textmeaning_book_0043.png,/content/stroop_expanded_vlm/text_meaning_control/masks/textmeaning_book_0043_mask.png,text_meaning_control,english,book,book,black,white,neutral_object,the word says {},book,0.31494140625,True
textmeaning_book_0044,/content/stroop_expanded_vlm/text_meaning_control/images/textmeaning_book_0044.png,/content/stroop_expanded_vlm/text_meaning_control/masks/textmeaning_book_0044_mask.png,text_meaning_control,english,book,book,black,white,neutral_object,the word says {},book,0.318115234375,True
textmeaning_book_0045,/content/stroop_expanded_vlm/text_meaning_control/images/textmeaning_book_0045.png,/content/stroop_expanded_vlm/text_meaning_control/masks/textmeaning_book_0045_mask.png,text_meaning_control,english,book,book,black,white,neutral_object,the word says {},book,0.322998046875,True
textmeaning_book_0046,/content/stroop_expanded_vlm/text_meaning_control/images/textmeaning_book_0046.png,/content/stroop_expanded_vlm/text_meaning_control/masks/textmeaning_book_0046_mask.png,text_meaning_control,english,book,book,black,white,neutral_object,the word says {},book,0.311279296875,True
textmeaning_book_0047,/content/stroop_expanded_vlm/text_meaning_control/images/textmeaning_book_0047.png,/content/stroop_expanded_vlm/text_meaning_control/masks/textmeaning_book_0047_mask.png,text_meaning_control,english,book,book,black,white,neutral_object,the word says {},book,0.316650390625,True
textmeaning_book_0048,/content/stroop_expanded_vlm/text_meaning_control/images/textmeaning_book_0048.png,/content/stroop_expanded_vlm/text_meaning_control/masks/textmeaning_book_0048_mask.png,text_meaning_control,english,book,book,black,white,neutral_object,the word says {},book,0.318603515625,True
textmeaning_book_0049,/content/stroop_expanded_vlm/text_meaning_control/images/textmeaning_book_0049.png,/content/stroop_expanded_vlm/text_meaning_control/masks/textmeaning_book_0049_mask.png,text_meaning_control,english,book,book,black,white,neutral_object,the word says {},book,0.32470703125,True
textmeaning_book_0050,/content/stroop_expanded_vlm/text_meaning_control/images/textmeaning_book_0050.png,/content/stroop_expanded_vlm/text_meaning_control/masks/textmeaning_book_0050_mask.png,text_meaning_control,english,book,book,black,white,neutral_object,the word says {},book,0.31640625,True
textmeaning_book_0051,/content/stroop_expanded_vlm/text_meaning_control/images/textmeaning_book_0051.png,/content/stroop_expanded_vlm/text_meaning_control/masks/textmeaning_book_0051_mask.png,text_meaning_control,english,book,book,black,white,neutral_object,the word says {},book,0.327880859375,True
textmeaning_book_0052,/content/stroop_expanded_vlm/text_meaning_control/images/textmeaning_book_0052.png,/content/stroop_expanded_vlm/text_meaning_control/masks/textmeaning_book_0052_mask.png,text_meaning_control,english,book,book,black,white,neutral_object,the word says {},book,0.322021484375,True
textmeaning_book_0053,/content/stroop_expanded_vlm/text_meaning_control/images/textmeaning_book_0053.png,/content/stroop_expanded_vlm/text_meaning_control/masks/textmeaning_book_0053_mask.png,text_meaning_control,english,book,book,black,white,neutral_object,the word says {},book,0.31396484375,True
textmeaning_book_0054,/content/stroop_expanded_vlm/text_meaning_control/images/textmeaning_book_0054.png,/content/stroop_expanded_vlm/text_meaning_control/masks/textmeaning_book_0054_mask.png,text_meaning_control,english,book,book,black,white,neutral_object,the word says {},book,0.32080078125,True
textmeaning_book_0055,/content/stroop_expanded_vlm/text_meaning_control/images/textmeaning_book_0055.png,/content/stroop_expanded_vlm/text_meaning_control/masks/textmeaning_book_0055_mask.png,text_meaning_control,english,book,book,black,white,neutral_object,the word says {},book,0.3251953125,True
textmeaning_book_0056,/content/stroop_expanded_vlm/text_meaning_control/images/textmeaning_book_0056.png,/content/stroop_expanded_vlm/text_meaning_control/masks/textmeaning_book_0056_mask.png,text_meaning_control,english,book,book,black,white,neutral_object,the word says {},book,0.313232421875,True
textmeaning_book_0057,/content/stroop_expanded_vlm/text_meaning_control/images/textmeaning_book_0057.png,/content/stroop_expanded_vlm/text_meaning_control/masks/textmeaning_book_0057_mask.png,text_meaning_control,english,book,book,black,white,neutral_object,the word says {},book,0.319580078125,True
textmeaning_book_0058,/content/stroop_expanded_vlm/text_meaning_control/images/textmeaning_book_0058.png,/content/stroop_expanded_vlm/text_meaning_control/masks/textmeaning_book_0058_mask.png,text_meaning_control,english,book,book,black,white,neutral_object,the word says {},book,0.317138671875,True
textmeaning_book_0059,/content/stroop_expanded_vlm/text_meaning_control/images/textmeaning_book_0059.png,/content/stroop_expanded_vlm/text_meaning_control/masks/textmeaning_book_0059_mask.png,text_meaning_control,english,book,book,black,white,neutral_object,the word says {},book,0.306396484375,True
textmeaning_book_0060,/content/stroop_expanded_vlm/text_meaning_control/images/textmeaning_book_0060.png,/content/stroop_expanded_vlm/text_meaning_control/masks/textmeaning_book_0060_mask.png,text_meaning_control,english,book,book,black,white,neutral_object,the word says {},book,0.31494140625,True
textmeaning_book_0061,/content/stroop_expanded_vlm/text_meaning_control/images/textmeaning_book_0061.png,/content/stroop_expanded_vlm/text_meaning_control/masks/textmeaning_book_0061_mask.png,text_meaning_control,english,book,book,black,white,neutral_object,the word says {},book,0.313720703125,True
textmeaning_book_0062,/content/stroop_expanded_vlm/text_meaning_control/images/textmeaning_book_0062.png,/content/stroop_expanded_vlm/text_meaning_control/masks/textmeaning_book_0062_mask.png,text_meaning_control,english,book,book,black,white,neutral_object,the word says {},book,0.312744140625,True
textmeaning_book_0063,/content/stroop_expanded_vlm/text_meaning_control/images/textmeaning_book_0063.png,/content/stroop_expanded_vlm/text_meaning_control/masks/textmeaning_book_0063_mask.png,text_meaning_control,english,book,book,black,white,neutral_object,the word says {},book,0.319580078125,True
textmeaning_book_0064,/content/stroop_expanded_vlm/text_meaning_control/images/textmeaning_book_0064.png,/content/stroop_expanded_vlm/text_meaning_control/masks/textmeaning_book_0064_mask.png,text_meaning_control,english,book,book,black,white,neutral_object,the word says {},book,0.3310546875,True
textmeaning_book_0065,/content/stroop_expanded_vlm/text_meaning_control/images/textmeaning_book_0065.png,/content/stroop_expanded_vlm/text_meaning_control/masks/textmeaning_book_0065_mask.png,text_meaning_control,english,book,book,black,white,neutral_object,the word says {},book,0.317138671875,True
textmeaning_book_0066,/content/stroop_expanded_vlm/text_meaning_control/images/textmeaning_book_0066.png,/content/stroop_expanded_vlm/text_meaning_control/masks/textmeaning_book_0066_mask.png,text_meaning_control,english,book,book,black,white,neutral_object,the word says {},book,0.320068359375,True
textmeaning_book_0067,/content/stroop_expanded_vlm/text_meaning_control/images/textmeaning_book_0067.png,/content/stroop_expanded_vlm/text_meaning_control/masks/textmeaning_book_0067_mask.png,text_meaning_control,english,book,book,black,white,neutral_object,the word says {},book,0.317626953125,True
textmeaning_book_0068,/content/stroop_expanded_vlm/text_meaning_control/images/textmeaning_book_0068.png,/content/stroop_expanded_vlm/text_meaning_control/masks/textmeaning_book_0068_mask.png,text_meaning_control,english,book,book,black,white,neutral_object,the word says {},book,0.31689453125,True
textmeaning_book_0069,/content/stroop_expanded_vlm/text_meaning_control/images/textmeaning_book_0069.png,/content/stroop_expanded_vlm/text_meaning_control/masks/textmeaning_book_0069_mask.png,text_meaning_control,english,book,book,black,white,neutral_object,the word says {},book,0.315185546875,True
textmeaning_book_0070,/content/stroop_expanded_vlm/text_meaning_control/images/textmeaning_book_0070.png,/content/stroop_expanded_vlm/text_meaning_control/masks/textmeaning_book_0070_mask.png,text_meaning_control,english,book,book,black,white,neutral_object,the word says {},book,0.3232421875,True
textmeaning_book_0071,/content/stroop_expanded_vlm/text_meaning_control/images/textmeaning_book_0071.png,/content/stroop_expanded_vlm/text_meaning_control/masks/textmeaning_book_0071_mask.png,text_meaning_control,english,book,book,black,white,neutral_object,the word says {},book,0.306396484375,True
textmeaning_book_0072,/content/stroop_expanded_vlm/text_meaning_control/images/textmeaning_book_0072.png,/content/stroop_expanded_vlm/text_meaning_control/masks/textmeaning_book_0072_mask.png,text_meaning_control,english,book,book,black,white,neutral_object,the word says {},book,0.319091796875,True
textmeaning_book_0073,/content/stroop_expanded_vlm/text_meaning_control/images/textmeaning_book_0073.png,/content/stroop_expanded_vlm/text_meaning_control/masks/textmeaning_book_0073_mask.png,text_meaning_control,english,book,book,black,white,neutral_object,the word says {},book,0.318359375,True
textmeaning_book_0074,/content/stroop_expanded_vlm/text_meaning_control/images/textmeaning_book_0074.png,/content/stroop_expanded_vlm/text_meaning_control/masks/textmeaning_book_0074_mask.png,text_meaning_control,english,book,book,black,white,neutral_object,the word says {},book,0.322265625,True
textmeaning_book_0075,/content/stroop_expanded_vlm/text_meaning_control/images/textmeaning_book_0075.png,/content/stroop_expanded_vlm/text_meaning_control/masks/textmeaning_book_0075_mask.png,text_meaning_control,english,book,book,black,white,neutral_object,the word says {},book,0.32763671875,True
textmeaning_book_0076,/content/stroop_expanded_vlm/text_meaning_control/images/textmeaning_book_0076.png,/content/stroop_expanded_vlm/text_meaning_control/masks/textmeaning_book_0076_mask.png,text_meaning_control,english,book,book,black,white,neutral_object,the word says {},book,0.312744140625,True
textmeaning_book_0077,/content/stroop_expanded_vlm/text_meaning_control/images/textmeaning_book_0077.png,/content/stroop_expanded_vlm/text_meaning_control/masks/textmeaning_book_0077_mask.png,text_meaning_control,english,book,book,black,white,neutral_object,the word says {},book,0.320068359375,True
textmeaning_book_0078,/content/stroop_expanded_vlm/text_meaning_control/images/textmeaning_book_0078.png,/content/stroop_expanded_vlm/text_meaning_control/masks/textmeaning_book_0078_mask.png,text_meaning_control,english,book,book,black,white,neutral_object,the word says {},book,0.3076171875,True
textmeaning_book_0079,/content/stroop_expanded_vlm/text_meaning_control/images/textmeaning_book_0079.png,/content/stroop_expanded_vlm/text_meaning_control/masks/textmeaning_book_0079_mask.png,text_meaning_control,english,book,book,black,white,neutral_object,the word says {},book,0.316650390625,True
textmeaning_book_0080,/content/stroop_expanded_vlm/text_meaning_control/images/textmeaning_book_0080.png,/content/stroop_expanded_vlm/text_meaning_control/masks/textmeaning_book_0080_mask.png,text_meaning_control,english,book,book,black,white,neutral_object,the word says {},book,0.322998046875,True
textmeaning_book_0081,/content/stroop_expanded_vlm/text_meaning_control/images/textmeaning_book_0081.png,/content/stroop_expanded_vlm/text_meaning_control/masks/textmeaning_book_0081_mask.png,text_meaning_control,english,book,book,black,white,neutral_object,the word says {},book,0.325439453125,True
textmeaning_book_0082,/content/stroop_expanded_vlm/text_meaning_control/images/textmeaning_book_0082.png,/content/stroop_expanded_vlm/text_meaning_control/masks/textmeaning_book_0082_mask.png,text_meaning_control,english,book,book,black,white,neutral_object,the word says {},book,0.32275390625,True
textmeaning_book_0083,/content/stroop_expanded_vlm/text_meaning_control/images/textmeaning_book_0083.png,/content/stroop_expanded_vlm/text_meaning_control/masks/textmeaning_book_0083_mask.png,text_meaning_control,english,book,book,black,white,neutral_object,the word says {},book,0.322021484375,True
textmeaning_book_0084,/content/stroop_expanded_vlm/text_meaning_control/images/textmeaning_book_0084.png,/content/stroop_expanded_vlm/text_meaning_control/masks/textmeaning_book_0084_mask.png,text_meaning_control,english,book,book,black,white,neutral_object,the word says {},book,0.31298828125,True
textmeaning_book_0085,/content/stroop_expanded_vlm/text_meaning_control/images/textmeaning_book_0085.png,/content/stroop_expanded_vlm/text_meaning_control/masks/textmeaning_book_0085_mask.png,text_meaning_control,english,book,book,black,white,neutral_object,the word says {},book,0.322021484375,True
textmeaning_book_0086,/content/stroop_expanded_vlm/text_meaning_control/images/textmeaning_book_0086.png,/content/stroop_expanded_vlm/text_meaning_control/masks/textmeaning_book_0086_mask.png,text_meaning_control,english,book,book,black,white,neutral_object,the word says {},book,0.319091796875,True
textmeaning_book_0087,/content/stroop_expanded_vlm/text_meaning_control/images/textmeaning_book_0087.png,/content/stroop_expanded_vlm/text_meaning_control/masks/textmeaning_book_0087_mask.png,text_meaning_control,english,book,book,black,white,neutral_object,the word says {},book,0.318359375,True
textmeaning_book_0088,/content/stroop_expanded_vlm/text_meaning_control/images/textmeaning_book_0088.png,/content/stroop_expanded_vlm/text_meaning_control/masks/textmeaning_book_0088_mask.png,text_meaning_control,english,book,book,black,white,neutral_object,the word says {},book,0.313720703125,True
textmeaning_book_0089,/content/stroop_expanded_vlm/text_meaning_control/images/textmeaning_book_0089.png,/content/stroop_expanded_vlm/text_meaning_control/masks/textmeaning_book_0089_mask.png,text_meaning_control,english,book,book,black,white,neutral_object,the word says {},book,0.32177734375,True
textmeaning_book_0090,/content/stroop_expanded_vlm/text_meaning_control/images/textmeaning_book_0090.png,/content/stroop_expanded_vlm/text_meaning_control/masks/textmeaning_book_0090_mask.png,text_meaning_control,english,book,book,black,white,neutral_object,the word says {},book,0.31396484375,True
textmeaning_book_0091,/content/stroop_expanded_vlm/text_meaning_control/images/textmeaning_book_0091.png,/content/stroop_expanded_vlm/text_meaning_control/masks/textmeaning_book_0091_mask.png,text_meaning_control,english,book,book,black,white,neutral_object,the word says {},book,0.32421875,True
textmeaning_book_0092,/content/stroop_expanded_vlm/text_meaning_control/images/textmeaning_book_0092.png,/content/stroop_expanded_vlm/text_meaning_control/masks/textmeaning_book_0092_mask.png,text_meaning_control,english,book,book,black,white,neutral_object,the word says {},book,0.31640625,True
textmeaning_book_0093,/content/stroop_expanded_vlm/text_meaning_control/images/textmeaning_book_0093.png,/content/stroop_expanded_vlm/text_meaning_control/masks/textmeaning_book_0093_mask.png,text_meaning_control,english,book,book,black,white,neutral_object,the word says {},book,0.323974609375,True
textmeaning_book_0094,/content/stroop_expanded_vlm/text_meaning_control/images/textmeaning_book_0094.png,/content/stroop_expanded_vlm/text_meaning_control/masks/textmeaning_book_0094_mask.png,text_meaning_control,english,book,book,black,white,neutral_object,the word says {},book,0.314697265625,True
textmeaning_book_0095,/content/stroop_expanded_vlm/text_meaning_control/images/textmeaning_book_0095.png,/content/stroop_expanded_vlm/text_meaning_control/masks/textmeaning_book_0095_mask.png,text_meaning_control,english,book,book,black,white,neutral_object,the word says {},book,0.321533203125,True
textmeaning_book_0096,/content/stroop_expanded_vlm/text_meaning_control/images/textmeaning_book_0096.png,/content/stroop_expanded_vlm/text_meaning_control/masks/textmeaning_book_0096_mask.png,text_meaning_control,english,book,book,black,white,neutral_object,the word says {},book,0.32080078125,True
textmeaning_book_0097,/content/stroop_expanded_vlm/text_meaning_control/images/textmeaning_book_0097.png,/content/stroop_expanded_vlm/text_meaning_control/masks/textmeaning_book_0097_mask.png,text_meaning_control,english,book,book,black,white,neutral_object,the word says {},book,0.325927734375,True
textmeaning_book_0098,/content/stroop_expanded_vlm/text_meaning_control/images/textmeaning_book_0098.png,/content/stroop_expanded_vlm/text_meaning_control/masks/textmeaning_book_0098_mask.png,text_meaning_control,english,book,book,black,white,neutral_object,the word says {},book,0.31640625,True
textmeaning_book_0099,/content/stroop_expanded_vlm/text_meaning_control/images/textmeaning_book_0099.png,/content/stroop_expanded_vlm/text_meaning_control/masks/textmeaning_book_0099_mask.png,text_meaning_control,english,book,book,black,white,neutral_object,the word says {},book,0.31640625,True
textmeaning_phone_0000,/content/stroop_expanded_vlm/text_meaning_control/images/textmeaning_phone_0000.png,/content/stroop_expanded_vlm/text_meaning_control/masks/textmeaning_phone_0000_mask.png,text_meaning_control,english,phone,phone,black,white,neutral_object,the word says {},phone,0.34228515625,True
textmeaning_phone_0001,/content/stroop_expanded_vlm/text_meaning_control/images/textmeaning_phone_0001.png,/content/stroop_expanded_vlm/text_meaning_control/masks/textmeaning_phone_0001_mask.png,text_meaning_control,english,phone,phone,black,white,neutral_object,the word says {},phone,0.3388671875,True
textmeaning_phone_0002,/content/stroop_expanded_vlm/text_meaning_control/images/textmeaning_phone_0002.png,/content/stroop_expanded_vlm/text_meaning_control/masks/textmeaning_phone_0002_mask.png,text_meaning_control,english,phone,phone,black,white,neutral_object,the word says {},phone,0.343017578125,True
textmeaning_phone_0003,/content/stroop_expanded_vlm/text_meaning_control/images/textmeaning_phone_0003.png,/content/stroop_expanded_vlm/text_meaning_control/masks/textmeaning_phone_0003_mask.png,text_meaning_control,english,phone,phone,black,white,neutral_object,the word says {},phone,0.34423828125,True
textmeaning_phone_0004,/content/stroop_expanded_vlm/text_meaning_control/images/textmeaning_phone_0004.png,/content/stroop_expanded_vlm/text_meaning_control/masks/textmeaning_phone_0004_mask.png,text_meaning_control,english,phone,phone,black,white,neutral_object,the word says {},phone,0.334228515625,True
textmeaning_phone_0005,/content/stroop_expanded_vlm/text_meaning_control/images/textmeaning_phone_0005.png,/content/stroop_expanded_vlm/text_meaning_control/masks/textmeaning_phone_0005_mask.png,text_meaning_control,english,phone,phone,black,white,neutral_object,the word says {},phone,0.341552734375,True
textmeaning_phone_0006,/content/stroop_expanded_vlm/text_meaning_control/images/textmeaning_phone_0006.png,/content/stroop_expanded_vlm/text_meaning_control/masks/textmeaning_phone_0006_mask.png,text_meaning_control,english,phone,phone,black,white,neutral_object,the word says {},phone,0.34619140625,True
textmeaning_phone_0007,/content/stroop_expanded_vlm/text_meaning_control/images/textmeaning_phone_0007.png,/content/stroop_expanded_vlm/text_meaning_control/masks/textmeaning_phone_0007_mask.png,text_meaning_control,english,phone,phone,black,white,neutral_object,the word says {},phone,0.333984375,True
textmeaning_phone_0008,/content/stroop_expanded_vlm/text_meaning_control/images/textmeaning_phone_0008.png,/content/stroop_expanded_vlm/text_meaning_control/masks/textmeaning_phone_0008_mask.png,text_meaning_control,english,phone,phone,black,white,neutral_object,the word says {},phone,0.340576171875,True
textmeaning_phone_0009,/content/stroop_expanded_vlm/text_meaning_control/images/textmeaning_phone_0009.png,/content/stroop_expanded_vlm/text_meaning_control/masks/textmeaning_phone_0009_mask.png,text_meaning_control,english,phone,phone,black,white,neutral_object,the word says {},phone,0.338623046875,True
textmeaning_phone_0010,/content/stroop_expanded_vlm/text_meaning_control/images/textmeaning_phone_0010.png,/content/stroop_expanded_vlm/text_meaning_control/masks/textmeaning_phone_0010_mask.png,text_meaning_control,english,phone,phone,black,white,neutral_object,the word says {},phone,0.3408203125,True
textmeaning_phone_0011,/content/stroop_expanded_vlm/text_meaning_control/images/textmeaning_phone_0011.png,/content/stroop_expanded_vlm/text_meaning_control/masks/textmeaning_phone_0011_mask.png,text_meaning_control,english,phone,phone,black,white,neutral_object,the word says {},phone,0.342529296875,True
textmeaning_phone_0012,/content/stroop_expanded_vlm/text_meaning_control/images/textmeaning_phone_0012.png,/content/stroop_expanded_vlm/text_meaning_control/masks/textmeaning_phone_0012_mask.png,text_meaning_control,english,phone,phone,black,white,neutral_object,the word says {},phone,0.339111328125,True
textmeaning_phone_0013,/content/stroop_expanded_vlm/text_meaning_control/images/textmeaning_phone_0013.png,/content/stroop_expanded_vlm/text_meaning_control/masks/textmeaning_phone_0013_mask.png,text_meaning_control,english,phone,phone,black,white,neutral_object,the word says {},phone,0.341064453125,True
textmeaning_phone_0014,/content/stroop_expanded_vlm/text_meaning_control/images/textmeaning_phone_0014.png,/content/stroop_expanded_vlm/text_meaning_control/masks/textmeaning_phone_0014_mask.png,text_meaning_control,english,phone,phone,black,white,neutral_object,the word says {},phone,0.32861328125,True
textmeaning_phone_0015,/content/stroop_expanded_vlm/text_meaning_control/images/textmeaning_phone_0015.png,/content/stroop_expanded_vlm/text_meaning_control/masks/textmeaning_phone_0015_mask.png,text_meaning_control,english,phone,phone,black,white,neutral_object,the word says {},phone,0.341552734375,True
textmeaning_phone_0016,/content/stroop_expanded_vlm/text_meaning_control/images/textmeaning_phone_0016.png,/content/stroop_expanded_vlm/text_meaning_control/masks/textmeaning_phone_0016_mask.png,text_meaning_control,english,phone,phone,black,white,neutral_object,the word says {},phone,0.33935546875,True
textmeaning_phone_0017,/content/stroop_expanded_vlm/text_meaning_control/images/textmeaning_phone_0017.png,/content/stroop_expanded_vlm/text_meaning_control/masks/textmeaning_phone_0017_mask.png,text_meaning_control,english,phone,phone,black,white,neutral_object,the word says {},phone,0.329833984375,True
textmeaning_phone_0018,/content/stroop_expanded_vlm/text_meaning_control/images/textmeaning_phone_0018.png,/content/stroop_expanded_vlm/text_meaning_control/masks/textmeaning_phone_0018_mask.png,text_meaning_control,english,phone,phone,black,white,neutral_object,the word says {},phone,0.334228515625,True
textmeaning_phone_0019,/content/stroop_expanded_vlm/text_meaning_control/images/textmeaning_phone_0019.png,/content/stroop_expanded_vlm/text_meaning_control/masks/textmeaning_phone_0019_mask.png,text_meaning_control,english,phone,phone,black,white,neutral_object,the word says {},phone,0.34033203125,True
textmeaning_phone_0020,/content/stroop_expanded_vlm/text_meaning_control/images/textmeaning_phone_0020.png,/content/stroop_expanded_vlm/text_meaning_control/masks/textmeaning_phone_0020_mask.png,text_meaning_control,english,phone,phone,black,white,neutral_object,the word says {},phone,0.344970703125,True
textmeaning_phone_0021,/content/stroop_expanded_vlm/text_meaning_control/images/textmeaning_phone_0021.png,/content/stroop_expanded_vlm/text_meaning_control/masks/textmeaning_phone_0021_mask.png,text_meaning_control,english,phone,phone,black,white,neutral_object,the word says {},phone,0.34130859375,True
textmeaning_phone_0022,/content/stroop_expanded_vlm/text_meaning_control/images/textmeaning_phone_0022.png,/content/stroop_expanded_vlm/text_meaning_control/masks/textmeaning_phone_0022_mask.png,text_meaning_control,english,phone,phone,black,white,neutral_object,the word says {},phone,0.340576171875,True
textmeaning_phone_0023,/content/stroop_expanded_vlm/text_meaning_control/images/textmeaning_phone_0023.png,/content/stroop_expanded_vlm/text_meaning_control/masks/textmeaning_phone_0023_mask.png,text_meaning_control,english,phone,phone,black,white,neutral_object,the word says {},phone,0.3427734375,True
textmeaning_phone_0024,/content/stroop_expanded_vlm/text_meaning_control/images/textmeaning_phone_0024.png,/content/stroop_expanded_vlm/text_meaning_control/masks/textmeaning_phone_0024_mask.png,text_meaning_control,english,phone,phone,black,white,neutral_object,the word says {},phone,0.3447265625,True
textmeaning_phone_0025,/content/stroop_expanded_vlm/text_meaning_control/images/textmeaning_phone_0025.png,/content/stroop_expanded_vlm/text_meaning_control/masks/textmeaning_phone_0025_mask.png,text_meaning_control,english,phone,phone,black,white,neutral_object,the word says {},phone,0.33740234375,True
textmeaning_phone_0026,/content/stroop_expanded_vlm/text_meaning_control/images/textmeaning_phone_0026.png,/content/stroop_expanded_vlm/text_meaning_control/masks/textmeaning_phone_0026_mask.png,text_meaning_control,english,phone,phone,black,white,neutral_object,the word says {},phone,0.33984375,True
textmeaning_phone_0027,/content/stroop_expanded_vlm/text_meaning_control/images/textmeaning_phone_0027.png,/content/stroop_expanded_vlm/text_meaning_control/masks/textmeaning_phone_0027_mask.png,text_meaning_control,english,phone,phone,black,white,neutral_object,the word says {},phone,0.329345703125,True
textmeaning_phone_0028,/content/stroop_expanded_vlm/text_meaning_control/images/textmeaning_phone_0028.png,/content/stroop_expanded_vlm/text_meaning_control/masks/textmeaning_phone_0028_mask.png,text_meaning_control,english,phone,phone,black,white,neutral_object,the word says {},phone,0.343505859375,True
textmeaning_phone_0029,/content/stroop_expanded_vlm/text_meaning_control/images/textmeaning_phone_0029.png,/content/stroop_expanded_vlm/text_meaning_control/masks/textmeaning_phone_0029_mask.png,text_meaning_control,english,phone,phone,black,white,neutral_object,the word says {},phone,0.326171875,True
textmeaning_phone_0030,/content/stroop_expanded_vlm/text_meaning_control/images/textmeaning_phone_0030.png,/content/stroop_expanded_vlm/text_meaning_control/masks/textmeaning_phone_0030_mask.png,text_meaning_control,english,phone,phone,black,white,neutral_object,the word says {},phone,0.33349609375,True
textmeaning_phone_0031,/content/stroop_expanded_vlm/text_meaning_control/images/textmeaning_phone_0031.png,/content/stroop_expanded_vlm/text_meaning_control/masks/textmeaning_phone_0031_mask.png,text_meaning_control,english,phone,phone,black,white,neutral_object,the word says {},phone,0.342041015625,True
textmeaning_phone_0032,/content/stroop_expanded_vlm/text_meaning_control/images/textmeaning_phone_0032.png,/content/stroop_expanded_vlm/text_meaning_control/masks/textmeaning_phone_0032_mask.png,text_meaning_control,english,phone,phone,black,white,neutral_object,the word says {},phone,0.33740234375,True
textmeaning_phone_0033,/content/stroop_expanded_vlm/text_meaning_control/images/textmeaning_phone_0033.png,/content/stroop_expanded_vlm/text_meaning_control/masks/textmeaning_phone_0033_mask.png,text_meaning_control,english,phone,phone,black,white,neutral_object,the word says {},phone,0.33740234375,True
textmeaning_phone_0034,/content/stroop_expanded_vlm/text_meaning_control/images/textmeaning_phone_0034.png,/content/stroop_expanded_vlm/text_meaning_control/masks/textmeaning_phone_0034_mask.png,text_meaning_control,english,phone,phone,black,white,neutral_object,the word says {},phone,0.3310546875,True
textmeaning_phone_0035,/content/stroop_expanded_vlm/text_meaning_control/images/textmeaning_phone_0035.png,/content/stroop_expanded_vlm/text_meaning_control/masks/textmeaning_phone_0035_mask.png,text_meaning_control,english,phone,phone,black,white,neutral_object,the word says {},phone,0.336181640625,True
textmeaning_phone_0036,/content/stroop_expanded_vlm/text_meaning_control/images/textmeaning_phone_0036.png,/content/stroop_expanded_vlm/text_meaning_control/masks/textmeaning_phone_0036_mask.png,text_meaning_control,english,phone,phone,black,white,neutral_object,the word says {},phone,0.33837890625,True
textmeaning_phone_0037,/content/stroop_expanded_vlm/text_meaning_control/images/textmeaning_phone_0037.png,/content/stroop_expanded_vlm/text_meaning_control/masks/textmeaning_phone_0037_mask.png,text_meaning_control,english,phone,phone,black,white,neutral_object,the word says {},phone,0.34130859375,True
textmeaning_phone_0038,/content/stroop_expanded_vlm/text_meaning_control/images/textmeaning_phone_0038.png,/content/stroop_expanded_vlm/text_meaning_control/masks/textmeaning_phone_0038_mask.png,text_meaning_control,english,phone,phone,black,white,neutral_object,the word says {},phone,0.332763671875,True
textmeaning_phone_0039,/content/stroop_expanded_vlm/text_meaning_control/images/textmeaning_phone_0039.png,/content/stroop_expanded_vlm/text_meaning_control/masks/textmeaning_phone_0039_mask.png,text_meaning_control,english,phone,phone,black,white,neutral_object,the word says {},phone,0.326904296875,True
textmeaning_phone_0040,/content/stroop_expanded_vlm/text_meaning_control/images/textmeaning_phone_0040.png,/content/stroop_expanded_vlm/text_meaning_control/masks/textmeaning_phone_0040_mask.png,text_meaning_control,english,phone,phone,black,white,neutral_object,the word says {},phone,0.34130859375,True
textmeaning_phone_0041,/content/stroop_expanded_vlm/text_meaning_control/images/textmeaning_phone_0041.png,/content/stroop_expanded_vlm/text_meaning_control/masks/textmeaning_phone_0041_mask.png,text_meaning_control,english,phone,phone,black,white,neutral_object,the word says {},phone,0.3271484375,True
textmeaning_phone_0042,/content/stroop_expanded_vlm/text_meaning_control/images/textmeaning_phone_0042.png,/content/stroop_expanded_vlm/text_meaning_control/masks/textmeaning_phone_0042_mask.png,text_meaning_control,english,phone,phone,black,white,neutral_object,the word says {},phone,0.342041015625,True
textmeaning_phone_0043,/content/stroop_expanded_vlm/text_meaning_control/images/textmeaning_phone_0043.png,/content/stroop_expanded_vlm/text_meaning_control/masks/textmeaning_phone_0043_mask.png,text_meaning_control,english,phone,phone,black,white,neutral_object,the word says {},phone,0.3408203125,True
textmeaning_phone_0044,/content/stroop_expanded_vlm/text_meaning_control/images/textmeaning_phone_0044.png,/content/stroop_expanded_vlm/text_meaning_control/masks/textmeaning_phone_0044_mask.png,text_meaning_control,english,phone,phone,black,white,neutral_object,the word says {},phone,0.3359375,True
textmeaning_phone_0045,/content/stroop_expanded_vlm/text_meaning_control/images/textmeaning_phone_0045.png,/content/stroop_expanded_vlm/text_meaning_control/masks/textmeaning_phone_0045_mask.png,text_meaning_control,english,phone,phone,black,white,neutral_object,the word says {},phone,0.325439453125,True
textmeaning_phone_0046,/content/stroop_expanded_vlm/text_meaning_control/images/textmeaning_phone_0046.png,/content/stroop_expanded_vlm/text_meaning_control/masks/textmeaning_phone_0046_mask.png,text_meaning_control,english,phone,phone,black,white,neutral_object,the word says {},phone,0.3359375,True
textmeaning_phone_0047,/content/stroop_expanded_vlm/text_meaning_control/images/textmeaning_phone_0047.png,/content/stroop_expanded_vlm/text_meaning_control/masks/textmeaning_phone_0047_mask.png,text_meaning_control,english,phone,phone,black,white,neutral_object,the word says {},phone,0.341064453125,True
textmeaning_phone_0048,/content/stroop_expanded_vlm/text_meaning_control/images/textmeaning_phone_0048.png,/content/stroop_expanded_vlm/text_meaning_control/masks/textmeaning_phone_0048_mask.png,text_meaning_control,english,phone,phone,black,white,neutral_object,the word says {},phone,0.32861328125,True
textmeaning_phone_0049,/content/stroop_expanded_vlm/text_meaning_control/images/textmeaning_phone_0049.png,/content/stroop_expanded_vlm/text_meaning_control/masks/textmeaning_phone_0049_mask.png,text_meaning_control,english,phone,phone,black,white,neutral_object,the word says {},phone,0.336181640625,True
textmeaning_phone_0050,/content/stroop_expanded_vlm/text_meaning_control/images/textmeaning_phone_0050.png,/content/stroop_expanded_vlm/text_meaning_control/masks/textmeaning_phone_0050_mask.png,text_meaning_control,english,phone,phone,black,white,neutral_object,the word says {},phone,0.343994140625,True
textmeaning_phone_0051,/content/stroop_expanded_vlm/text_meaning_control/images/textmeaning_phone_0051.png,/content/stroop_expanded_vlm/text_meaning_control/masks/textmeaning_phone_0051_mask.png,text_meaning_control,english,phone,phone,black,white,neutral_object,the word says {},phone,0.3408203125,True
textmeaning_phone_0052,/content/stroop_expanded_vlm/text_meaning_control/images/textmeaning_phone_0052.png,/content/stroop_expanded_vlm/text_meaning_control/masks/textmeaning_phone_0052_mask.png,text_meaning_control,english,phone,phone,black,white,neutral_object,the word says {},phone,0.3310546875,True
textmeaning_phone_0053,/content/stroop_expanded_vlm/text_meaning_control/images/textmeaning_phone_0053.png,/content/stroop_expanded_vlm/text_meaning_control/masks/textmeaning_phone_0053_mask.png,text_meaning_control,english,phone,phone,black,white,neutral_object,the word says {},phone,0.34375,True
textmeaning_phone_0054,/content/stroop_expanded_vlm/text_meaning_control/images/textmeaning_phone_0054.png,/content/stroop_expanded_vlm/text_meaning_control/masks/textmeaning_phone_0054_mask.png,text_meaning_control,english,phone,phone,black,white,neutral_object,the word says {},phone,0.3359375,True
textmeaning_phone_0055,/content/stroop_expanded_vlm/text_meaning_control/images/textmeaning_phone_0055.png,/content/stroop_expanded_vlm/text_meaning_control/masks/textmeaning_phone_0055_mask.png,text_meaning_control,english,phone,phone,black,white,neutral_object,the word says {},phone,0.340576171875,True
textmeaning_phone_0056,/content/stroop_expanded_vlm/text_meaning_control/images/textmeaning_phone_0056.png,/content/stroop_expanded_vlm/text_meaning_control/masks/textmeaning_phone_0056_mask.png,text_meaning_control,english,phone,phone,black,white,neutral_object,the word says {},phone,0.3388671875,True
textmeaning_phone_0057,/content/stroop_expanded_vlm/text_meaning_control/images/textmeaning_phone_0057.png,/content/stroop_expanded_vlm/text_meaning_control/masks/textmeaning_phone_0057_mask.png,text_meaning_control,english,phone,phone,black,white,neutral_object,the word says {},phone,0.332763671875,True
textmeaning_phone_0058,/content/stroop_expanded_vlm/text_meaning_control/images/textmeaning_phone_0058.png,/content/stroop_expanded_vlm/text_meaning_control/masks/textmeaning_phone_0058_mask.png,text_meaning_control,english,phone,phone,black,white,neutral_object,the word says {},phone,0.33935546875,True
textmeaning_phone_0059,/content/stroop_expanded_vlm/text_meaning_control/images/textmeaning_phone_0059.png,/content/stroop_expanded_vlm/text_meaning_control/masks/textmeaning_phone_0059_mask.png,text_meaning_control,english,phone,phone,black,white,neutral_object,the word says {},phone,0.33642578125,True
textmeaning_phone_0060,/content/stroop_expanded_vlm/text_meaning_control/images/textmeaning_phone_0060.png,/content/stroop_expanded_vlm/text_meaning_control/masks/textmeaning_phone_0060_mask.png,text_meaning_control,english,phone,phone,black,white,neutral_object,the word says {},phone,0.3349609375,True
textmeaning_phone_0061,/content/stroop_expanded_vlm/text_meaning_control/images/textmeaning_phone_0061.png,/content/stroop_expanded_vlm/text_meaning_control/masks/textmeaning_phone_0061_mask.png,text_meaning_control,english,phone,phone,black,white,neutral_object,the word says {},phone,0.337890625,True
textmeaning_phone_0062,/content/stroop_expanded_vlm/text_meaning_control/images/textmeaning_phone_0062.png,/content/stroop_expanded_vlm/text_meaning_control/masks/textmeaning_phone_0062_mask.png,text_meaning_control,english,phone,phone,black,white,neutral_object,the word says {},phone,0.343505859375,True
textmeaning_phone_0063,/content/stroop_expanded_vlm/text_meaning_control/images/textmeaning_phone_0063.png,/content/stroop_expanded_vlm/text_meaning_control/masks/textmeaning_phone_0063_mask.png,text_meaning_control,english,phone,phone,black,white,neutral_object,the word says {},phone,0.338623046875,True
textmeaning_phone_0064,/content/stroop_expanded_vlm/text_meaning_control/images/textmeaning_phone_0064.png,/content/stroop_expanded_vlm/text_meaning_control/masks/textmeaning_phone_0064_mask.png,text_meaning_control,english,phone,phone,black,white,neutral_object,the word says {},phone,0.329833984375,True
textmeaning_phone_0065,/content/stroop_expanded_vlm/text_meaning_control/images/textmeaning_phone_0065.png,/content/stroop_expanded_vlm/text_meaning_control/masks/textmeaning_phone_0065_mask.png,text_meaning_control,english,phone,phone,black,white,neutral_object,the word says {},phone,0.34130859375,True
textmeaning_phone_0066,/content/stroop_expanded_vlm/text_meaning_control/images/textmeaning_phone_0066.png,/content/stroop_expanded_vlm/text_meaning_control/masks/textmeaning_phone_0066_mask.png,text_meaning_control,english,phone,phone,black,white,neutral_object,the word says {},phone,0.33740234375,True
textmeaning_phone_0067,/content/stroop_expanded_vlm/text_meaning_control/images/textmeaning_phone_0067.png,/content/stroop_expanded_vlm/text_meaning_control/masks/textmeaning_phone_0067_mask.png,text_meaning_control,english,phone,phone,black,white,neutral_object,the word says {},phone,0.33642578125,True
textmeaning_phone_0068,/content/stroop_expanded_vlm/text_meaning_control/images/textmeaning_phone_0068.png,/content/stroop_expanded_vlm/text_meaning_control/masks/textmeaning_phone_0068_mask.png,text_meaning_control,english,phone,phone,black,white,neutral_object,the word says {},phone,0.34326171875,True
textmeaning_phone_0069,/content/stroop_expanded_vlm/text_meaning_control/images/textmeaning_phone_0069.png,/content/stroop_expanded_vlm/text_meaning_control/masks/textmeaning_phone_0069_mask.png,text_meaning_control,english,phone,phone,black,white,neutral_object,the word says {},phone,0.33984375,True
textmeaning_phone_0070,/content/stroop_expanded_vlm/text_meaning_control/images/textmeaning_phone_0070.png,/content/stroop_expanded_vlm/text_meaning_control/masks/textmeaning_phone_0070_mask.png,text_meaning_control,english,phone,phone,black,white,neutral_object,the word says {},phone,0.329345703125,True
textmeaning_phone_0071,/content/stroop_expanded_vlm/text_meaning_control/images/textmeaning_phone_0071.png,/content/stroop_expanded_vlm/text_meaning_control/masks/textmeaning_phone_0071_mask.png,text_meaning_control,english,phone,phone,black,white,neutral_object,the word says {},phone,0.336181640625,True
textmeaning_phone_0072,/content/stroop_expanded_vlm/text_meaning_control/images/textmeaning_phone_0072.png,/content/stroop_expanded_vlm/text_meaning_control/masks/textmeaning_phone_0072_mask.png,text_meaning_control,english,phone,phone,black,white,neutral_object,the word says {},phone,0.341796875,True
textmeaning_phone_0073,/content/stroop_expanded_vlm/text_meaning_control/images/textmeaning_phone_0073.png,/content/stroop_expanded_vlm/text_meaning_control/masks/textmeaning_phone_0073_mask.png,text_meaning_control,english,phone,phone,black,white,neutral_object,the word says {},phone,0.33837890625,True
textmeaning_phone_0074,/content/stroop_expanded_vlm/text_meaning_control/images/textmeaning_phone_0074.png,/content/stroop_expanded_vlm/text_meaning_control/masks/textmeaning_phone_0074_mask.png,text_meaning_control,english,phone,phone,black,white,neutral_object,the word says {},phone,0.326416015625,True
textmeaning_phone_0075,/content/stroop_expanded_vlm/text_meaning_control/images/textmeaning_phone_0075.png,/content/stroop_expanded_vlm/text_meaning_control/masks/textmeaning_phone_0075_mask.png,text_meaning_control,english,phone,phone,black,white,neutral_object,the word says {},phone,0.339599609375,True
textmeaning_phone_0076,/content/stroop_expanded_vlm/text_meaning_control/images/textmeaning_phone_0076.png,/content/stroop_expanded_vlm/text_meaning_control/masks/textmeaning_phone_0076_mask.png,text_meaning_control,english,phone,phone,black,white,neutral_object,the word says {},phone,0.34033203125,True
textmeaning_phone_0077,/content/stroop_expanded_vlm/text_meaning_control/images/textmeaning_phone_0077.png,/content/stroop_expanded_vlm/text_meaning_control/masks/textmeaning_phone_0077_mask.png,text_meaning_control,english,phone,phone,black,white,neutral_object,the word says {},phone,0.3349609375,True
textmeaning_phone_0078,/content/stroop_expanded_vlm/text_meaning_control/images/textmeaning_phone_0078.png,/content/stroop_expanded_vlm/text_meaning_control/masks/textmeaning_phone_0078_mask.png,text_meaning_control,english,phone,phone,black,white,neutral_object,the word says {},phone,0.331787109375,True
textmeaning_phone_0079,/content/stroop_expanded_vlm/text_meaning_control/images/textmeaning_phone_0079.png,/content/stroop_expanded_vlm/text_meaning_control/masks/textmeaning_phone_0079_mask.png,text_meaning_control,english,phone,phone,black,white,neutral_object,the word says {},phone,0.339111328125,True
textmeaning_phone_0080,/content/stroop_expanded_vlm/text_meaning_control/images/textmeaning_phone_0080.png,/content/stroop_expanded_vlm/text_meaning_control/masks/textmeaning_phone_0080_mask.png,text_meaning_control,english,phone,phone,black,white,neutral_object,the word says {},phone,0.32763671875,True
textmeaning_phone_0081,/content/stroop_expanded_vlm/text_meaning_control/images/textmeaning_phone_0081.png,/content/stroop_expanded_vlm/text_meaning_control/masks/textmeaning_phone_0081_mask.png,text_meaning_control,english,phone,phone,black,white,neutral_object,the word says {},phone,0.338134765625,True
textmeaning_phone_0082,/content/stroop_expanded_vlm/text_meaning_control/images/textmeaning_phone_0082.png,/content/stroop_expanded_vlm/text_meaning_control/masks/textmeaning_phone_0082_mask.png,text_meaning_control,english,phone,phone,black,white,neutral_object,the word says {},phone,0.32958984375,True
textmeaning_phone_0083,/content/stroop_expanded_vlm/text_meaning_control/images/textmeaning_phone_0083.png,/content/stroop_expanded_vlm/text_meaning_control/masks/textmeaning_phone_0083_mask.png,text_meaning_control,english,phone,phone,black,white,neutral_object,the word says {},phone,0.338623046875,True
textmeaning_phone_0084,/content/stroop_expanded_vlm/text_meaning_control/images/textmeaning_phone_0084.png,/content/stroop_expanded_vlm/text_meaning_control/masks/textmeaning_phone_0084_mask.png,text_meaning_control,english,phone,phone,black,white,neutral_object,the word says {},phone,0.340576171875,True
textmeaning_phone_0085,/content/stroop_expanded_vlm/text_meaning_control/images/textmeaning_phone_0085.png,/content/stroop_expanded_vlm/text_meaning_control/masks/textmeaning_phone_0085_mask.png,text_meaning_control,english,phone,phone,black,white,neutral_object,the word says {},phone,0.3427734375,True
textmeaning_phone_0086,/content/stroop_expanded_vlm/text_meaning_control/images/textmeaning_phone_0086.png,/content/stroop_expanded_vlm/text_meaning_control/masks/textmeaning_phone_0086_mask.png,text_meaning_control,english,phone,phone,black,white,neutral_object,the word says {},phone,0.3388671875,True
textmeaning_phone_0087,/content/stroop_expanded_vlm/text_meaning_control/images/textmeaning_phone_0087.png,/content/stroop_expanded_vlm/text_meaning_control/masks/textmeaning_phone_0087_mask.png,text_meaning_control,english,phone,phone,black,white,neutral_object,the word says {},phone,0.337890625,True
textmeaning_phone_0088,/content/stroop_expanded_vlm/text_meaning_control/images/textmeaning_phone_0088.png,/content/stroop_expanded_vlm/text_meaning_control/masks/textmeaning_phone_0088_mask.png,text_meaning_control,english,phone,phone,black,white,neutral_object,the word says {},phone,0.34130859375,True
textmeaning_phone_0089,/content/stroop_expanded_vlm/text_meaning_control/images/textmeaning_phone_0089.png,/content/stroop_expanded_vlm/text_meaning_control/masks/textmeaning_phone_0089_mask.png,text_meaning_control,english,phone,phone,black,white,neutral_object,the word says {},phone,0.337890625,True
textmeaning_phone_0090,/content/stroop_expanded_vlm/text_meaning_control/images/textmeaning_phone_0090.png,/content/stroop_expanded_vlm/text_meaning_control/masks/textmeaning_phone_0090_mask.png,text_meaning_control,english,phone,phone,black,white,neutral_object,the word says {},phone,0.341796875,True
textmeaning_phone_0091,/content/stroop_expanded_vlm/text_meaning_control/images/textmeaning_phone_0091.png,/content/stroop_expanded_vlm/text_meaning_control/masks/textmeaning_phone_0091_mask.png,text_meaning_control,english,phone,phone,black,white,neutral_object,the word says {},phone,0.329345703125,True
textmeaning_phone_0092,/content/stroop_expanded_vlm/text_meaning_control/images/textmeaning_phone_0092.png,/content/stroop_expanded_vlm/text_meaning_control/masks/textmeaning_phone_0092_mask.png,text_meaning_control,english,phone,phone,black,white,neutral_object,the word says {},phone,0.342529296875,True
textmeaning_phone_0093,/content/stroop_expanded_vlm/text_meaning_control/images/textmeaning_phone_0093.png,/content/stroop_expanded_vlm/text_meaning_control/masks/textmeaning_phone_0093_mask.png,text_meaning_control,english,phone,phone,black,white,neutral_object,the word says {},phone,0.3369140625,True
textmeaning_phone_0094,/content/stroop_expanded_vlm/text_meaning_control/images/textmeaning_phone_0094.png,/content/stroop_expanded_vlm/text_meaning_control/masks/textmeaning_phone_0094_mask.png,text_meaning_control,english,phone,phone,black,white,neutral_object,the word says {},phone,0.3447265625,True
textmeaning_phone_0095,/content/stroop_expanded_vlm/text_meaning_control/images/textmeaning_phone_0095.png,/content/stroop_expanded_vlm/text_meaning_control/masks/textmeaning_phone_0095_mask.png,text_meaning_control,english,phone,phone,black,white,neutral_object,the word says {},phone,0.322509765625,True
textmeaning_phone_0096,/content/stroop_expanded_vlm/text_meaning_control/images/textmeaning_phone_0096.png,/content/stroop_expanded_vlm/text_meaning_control/masks/textmeaning_phone_0096_mask.png,text_meaning_control,english,phone,phone,black,white,neutral_object,the word says {},phone,0.341796875,True
textmeaning_phone_0097,/content/stroop_expanded_vlm/text_meaning_control/images/textmeaning_phone_0097.png,/content/stroop_expanded_vlm/text_meaning_control/masks/textmeaning_phone_0097_mask.png,text_meaning_control,english,phone,phone,black,white,neutral_object,the word says {},phone,0.342041015625,True
textmeaning_phone_0098,/content/stroop_expanded_vlm/text_meaning_control/images/textmeaning_phone_0098.png,/content/stroop_expanded_vlm/text_meaning_control/masks/textmeaning_phone_0098_mask.png,text_meaning_control,english,phone,phone,black,white,neutral_object,the word says {},phone,0.345458984375,True
textmeaning_phone_0099,/content/stroop_expanded_vlm/text_meaning_control/images/textmeaning_phone_0099.png,/content/stroop_expanded_vlm/text_meaning_control/masks/textmeaning_phone_0099_mask.png,text_meaning_control,english,phone,phone,black,white,neutral_object,the word says {},phone,0.343505859375,True
textmeaning_chair_0000,/content/stroop_expanded_vlm/text_meaning_control/images/textmeaning_chair_0000.png,/content/stroop_expanded_vlm/text_meaning_control/masks/textmeaning_chair_0000_mask.png,text_meaning_control,english,chair,chair,black,white,neutral_object,the word says {},chair,0.36767578125,True
textmeaning_chair_0001,/content/stroop_expanded_vlm/text_meaning_control/images/textmeaning_chair_0001.png,/content/stroop_expanded_vlm/text_meaning_control/masks/textmeaning_chair_0001_mask.png,text_meaning_control,english,chair,chair,black,white,neutral_object,the word says {},chair,0.361083984375,True
textmeaning_chair_0002,/content/stroop_expanded_vlm/text_meaning_control/images/textmeaning_chair_0002.png,/content/stroop_expanded_vlm/text_meaning_control/masks/textmeaning_chair_0002_mask.png,text_meaning_control,english,chair,chair,black,white,neutral_object,the word says {},chair,0.365966796875,True
textmeaning_chair_0003,/content/stroop_expanded_vlm/text_meaning_control/images/textmeaning_chair_0003.png,/content/stroop_expanded_vlm/text_meaning_control/masks/textmeaning_chair_0003_mask.png,text_meaning_control,english,chair,chair,black,white,neutral_object,the word says {},chair,0.36328125,True
textmeaning_chair_0004,/content/stroop_expanded_vlm/text_meaning_control/images/textmeaning_chair_0004.png,/content/stroop_expanded_vlm/text_meaning_control/masks/textmeaning_chair_0004_mask.png,text_meaning_control,english,chair,chair,black,white,neutral_object,the word says {},chair,0.362060546875,True
textmeaning_chair_0005,/content/stroop_expanded_vlm/text_meaning_control/images/textmeaning_chair_0005.png,/content/stroop_expanded_vlm/text_meaning_control/masks/textmeaning_chair_0005_mask.png,text_meaning_control,english,chair,chair,black,white,neutral_object,the word says {},chair,0.36083984375,True
textmeaning_chair_0006,/content/stroop_expanded_vlm/text_meaning_control/images/textmeaning_chair_0006.png,/content/stroop_expanded_vlm/text_meaning_control/masks/textmeaning_chair_0006_mask.png,text_meaning_control,english,chair,chair,black,white,neutral_object,the word says {},chair,0.361572265625,True
textmeaning_chair_0007,/content/stroop_expanded_vlm/text_meaning_control/images/textmeaning_chair_0007.png,/content/stroop_expanded_vlm/text_meaning_control/masks/textmeaning_chair_0007_mask.png,text_meaning_control,english,chair,chair,black,white,neutral_object,the word says {},chair,0.36572265625,True
textmeaning_chair_0008,/content/stroop_expanded_vlm/text_meaning_control/images/textmeaning_chair_0008.png,/content/stroop_expanded_vlm/text_meaning_control/masks/textmeaning_chair_0008_mask.png,text_meaning_control,english,chair,chair,black,white,neutral_object,the word says {},chair,0.35302734375,True
textmeaning_chair_0009,/content/stroop_expanded_vlm/text_meaning_control/images/textmeaning_chair_0009.png,/content/stroop_expanded_vlm/text_meaning_control/masks/textmeaning_chair_0009_mask.png,text_meaning_control,english,chair,chair,black,white,neutral_object,the word says {},chair,0.3583984375,True
textmeaning_chair_0010,/content/stroop_expanded_vlm/text_meaning_control/images/textmeaning_chair_0010.png,/content/stroop_expanded_vlm/text_meaning_control/masks/textmeaning_chair_0010_mask.png,text_meaning_control,english,chair,chair,black,white,neutral_object,the word says {},chair,0.36328125,True
textmeaning_chair_0011,/content/stroop_expanded_vlm/text_meaning_control/images/textmeaning_chair_0011.png,/content/stroop_expanded_vlm/text_meaning_control/masks/textmeaning_chair_0011_mask.png,text_meaning_control,english,chair,chair,black,white,neutral_object,the word says {},chair,0.36474609375,True
textmeaning_chair_0012,/content/stroop_expanded_vlm/text_meaning_control/images/textmeaning_chair_0012.png,/content/stroop_expanded_vlm/text_meaning_control/masks/textmeaning_chair_0012_mask.png,text_meaning_control,english,chair,chair,black,white,neutral_object,the word says {},chair,0.36767578125,True
textmeaning_chair_0013,/content/stroop_expanded_vlm/text_meaning_control/images/textmeaning_chair_0013.png,/content/stroop_expanded_vlm/text_meaning_control/masks/textmeaning_chair_0013_mask.png,text_meaning_control,english,chair,chair,black,white,neutral_object,the word says {},chair,0.35986328125,True
textmeaning_chair_0014,/content/stroop_expanded_vlm/text_meaning_control/images/textmeaning_chair_0014.png,/content/stroop_expanded_vlm/text_meaning_control/masks/textmeaning_chair_0014_mask.png,text_meaning_control,english,chair,chair,black,white,neutral_object,the word says {},chair,0.360107421875,True
textmeaning_chair_0015,/content/stroop_expanded_vlm/text_meaning_control/images/textmeaning_chair_0015.png,/content/stroop_expanded_vlm/text_meaning_control/masks/textmeaning_chair_0015_mask.png,text_meaning_control,english,chair,chair,black,white,neutral_object,the word says {},chair,0.365966796875,True
textmeaning_chair_0016,/content/stroop_expanded_vlm/text_meaning_control/images/textmeaning_chair_0016.png,/content/stroop_expanded_vlm/text_meaning_control/masks/textmeaning_chair_0016_mask.png,text_meaning_control,english,chair,chair,black,white,neutral_object,the word says {},chair,0.360595703125,True
textmeaning_chair_0017,/content/stroop_expanded_vlm/text_meaning_control/images/textmeaning_chair_0017.png,/content/stroop_expanded_vlm/text_meaning_control/masks/textmeaning_chair_0017_mask.png,text_meaning_control,english,chair,chair,black,white,neutral_object,the word says {},chair,0.364501953125,True
textmeaning_chair_0018,/content/stroop_expanded_vlm/text_meaning_control/images/textmeaning_chair_0018.png,/content/stroop_expanded_vlm/text_meaning_control/masks/textmeaning_chair_0018_mask.png,text_meaning_control,english,chair,chair,black,white,neutral_object,the word says {},chair,0.36669921875,True
textmeaning_chair_0019,/content/stroop_expanded_vlm/text_meaning_control/images/textmeaning_chair_0019.png,/content/stroop_expanded_vlm/text_meaning_control/masks/textmeaning_chair_0019_mask.png,text_meaning_control,english,chair,chair,black,white,neutral_object,the word says {},chair,0.36767578125,True
textmeaning_chair_0020,/content/stroop_expanded_vlm/text_meaning_control/images/textmeaning_chair_0020.png,/content/stroop_expanded_vlm/text_meaning_control/masks/textmeaning_chair_0020_mask.png,text_meaning_control,english,chair,chair,black,white,neutral_object,the word says {},chair,0.363525390625,True
textmeaning_chair_0021,/content/stroop_expanded_vlm/text_meaning_control/images/textmeaning_chair_0021.png,/content/stroop_expanded_vlm/text_meaning_control/masks/textmeaning_chair_0021_mask.png,text_meaning_control,english,chair,chair,black,white,neutral_object,the word says {},chair,0.361572265625,True
textmeaning_chair_0022,/content/stroop_expanded_vlm/text_meaning_control/images/textmeaning_chair_0022.png,/content/stroop_expanded_vlm/text_meaning_control/masks/textmeaning_chair_0022_mask.png,text_meaning_control,english,chair,chair,black,white,neutral_object,the word says {},chair,0.366455078125,True
textmeaning_chair_0023,/content/stroop_expanded_vlm/text_meaning_control/images/textmeaning_chair_0023.png,/content/stroop_expanded_vlm/text_meaning_control/masks/textmeaning_chair_0023_mask.png,text_meaning_control,english,chair,chair,black,white,neutral_object,the word says {},chair,0.358642578125,True
textmeaning_chair_0024,/content/stroop_expanded_vlm/text_meaning_control/images/textmeaning_chair_0024.png,/content/stroop_expanded_vlm/text_meaning_control/masks/textmeaning_chair_0024_mask.png,text_meaning_control,english,chair,chair,black,white,neutral_object,the word says {},chair,0.360107421875,True
textmeaning_chair_0025,/content/stroop_expanded_vlm/text_meaning_control/images/textmeaning_chair_0025.png,/content/stroop_expanded_vlm/text_meaning_control/masks/textmeaning_chair_0025_mask.png,text_meaning_control,english,chair,chair,black,white,neutral_object,the word says {},chair,0.361083984375,True
textmeaning_chair_0026,/content/stroop_expanded_vlm/text_meaning_control/images/textmeaning_chair_0026.png,/content/stroop_expanded_vlm/text_meaning_control/masks/textmeaning_chair_0026_mask.png,text_meaning_control,english,chair,chair,black,white,neutral_object,the word says {},chair,0.367431640625,True
textmeaning_chair_0027,/content/stroop_expanded_vlm/text_meaning_control/images/textmeaning_chair_0027.png,/content/stroop_expanded_vlm/text_meaning_control/masks/textmeaning_chair_0027_mask.png,text_meaning_control,english,chair,chair,black,white,neutral_object,the word says {},chair,0.36328125,True
textmeaning_chair_0028,/content/stroop_expanded_vlm/text_meaning_control/images/textmeaning_chair_0028.png,/content/stroop_expanded_vlm/text_meaning_control/masks/textmeaning_chair_0028_mask.png,text_meaning_control,english,chair,chair,black,white,neutral_object,the word says {},chair,0.358642578125,True
textmeaning_chair_0029,/content/stroop_expanded_vlm/text_meaning_control/images/textmeaning_chair_0029.png,/content/stroop_expanded_vlm/text_meaning_control/masks/textmeaning_chair_0029_mask.png,text_meaning_control,english,chair,chair,black,white,neutral_object,the word says {},chair,0.364990234375,True
textmeaning_chair_0030,/content/stroop_expanded_vlm/text_meaning_control/images/textmeaning_chair_0030.png,/content/stroop_expanded_vlm/text_meaning_control/masks/textmeaning_chair_0030_mask.png,text_meaning_control,english,chair,chair,black,white,neutral_object,the word says {},chair,0.35888671875,True
textmeaning_chair_0031,/content/stroop_expanded_vlm/text_meaning_control/images/textmeaning_chair_0031.png,/content/stroop_expanded_vlm/text_meaning_control/masks/textmeaning_chair_0031_mask.png,text_meaning_control,english,chair,chair,black,white,neutral_object,the word says {},chair,0.35498046875,True
textmeaning_chair_0032,/content/stroop_expanded_vlm/text_meaning_control/images/textmeaning_chair_0032.png,/content/stroop_expanded_vlm/text_meaning_control/masks/textmeaning_chair_0032_mask.png,text_meaning_control,english,chair,chair,black,white,neutral_object,the word says {},chair,0.363525390625,True
textmeaning_chair_0033,/content/stroop_expanded_vlm/text_meaning_control/images/textmeaning_chair_0033.png,/content/stroop_expanded_vlm/text_meaning_control/masks/textmeaning_chair_0033_mask.png,text_meaning_control,english,chair,chair,black,white,neutral_object,the word says {},chair,0.351318359375,True
textmeaning_chair_0034,/content/stroop_expanded_vlm/text_meaning_control/images/textmeaning_chair_0034.png,/content/stroop_expanded_vlm/text_meaning_control/masks/textmeaning_chair_0034_mask.png,text_meaning_control,english,chair,chair,black,white,neutral_object,the word says {},chair,0.3662109375,True
textmeaning_chair_0035,/content/stroop_expanded_vlm/text_meaning_control/images/textmeaning_chair_0035.png,/content/stroop_expanded_vlm/text_meaning_control/masks/textmeaning_chair_0035_mask.png,text_meaning_control,english,chair,chair,black,white,neutral_object,the word says {},chair,0.35595703125,True
textmeaning_chair_0036,/content/stroop_expanded_vlm/text_meaning_control/images/textmeaning_chair_0036.png,/content/stroop_expanded_vlm/text_meaning_control/masks/textmeaning_chair_0036_mask.png,text_meaning_control,english,chair,chair,black,white,neutral_object,the word says {},chair,0.360107421875,True
textmeaning_chair_0037,/content/stroop_expanded_vlm/text_meaning_control/images/textmeaning_chair_0037.png,/content/stroop_expanded_vlm/text_meaning_control/masks/textmeaning_chair_0037_mask.png,text_meaning_control,english,chair,chair,black,white,neutral_object,the word says {},chair,0.34521484375,True
textmeaning_chair_0038,/content/stroop_expanded_vlm/text_meaning_control/images/textmeaning_chair_0038.png,/content/stroop_expanded_vlm/text_meaning_control/masks/textmeaning_chair_0038_mask.png,text_meaning_control,english,chair,chair,black,white,neutral_object,the word says {},chair,0.35791015625,True
textmeaning_chair_0039,/content/stroop_expanded_vlm/text_meaning_control/images/textmeaning_chair_0039.png,/content/stroop_expanded_vlm/text_meaning_control/masks/textmeaning_chair_0039_mask.png,text_meaning_control,english,chair,chair,black,white,neutral_object,the word says {},chair,0.35546875,True
textmeaning_chair_0040,/content/stroop_expanded_vlm/text_meaning_control/images/textmeaning_chair_0040.png,/content/stroop_expanded_vlm/text_meaning_control/masks/textmeaning_chair_0040_mask.png,text_meaning_control,english,chair,chair,black,white,neutral_object,the word says {},chair,0.36474609375,True
textmeaning_chair_0041,/content/stroop_expanded_vlm/text_meaning_control/images/textmeaning_chair_0041.png,/content/stroop_expanded_vlm/text_meaning_control/masks/textmeaning_chair_0041_mask.png,text_meaning_control,english,chair,chair,black,white,neutral_object,the word says {},chair,0.358154296875,True
textmeaning_chair_0042,/content/stroop_expanded_vlm/text_meaning_control/images/textmeaning_chair_0042.png,/content/stroop_expanded_vlm/text_meaning_control/masks/textmeaning_chair_0042_mask.png,text_meaning_control,english,chair,chair,black,white,neutral_object,the word says {},chair,0.36279296875,True
textmeaning_chair_0043,/content/stroop_expanded_vlm/text_meaning_control/images/textmeaning_chair_0043.png,/content/stroop_expanded_vlm/text_meaning_control/masks/textmeaning_chair_0043_mask.png,text_meaning_control,english,chair,chair,black,white,neutral_object,the word says {},chair,0.362060546875,True
textmeaning_chair_0044,/content/stroop_expanded_vlm/text_meaning_control/images/textmeaning_chair_0044.png,/content/stroop_expanded_vlm/text_meaning_control/masks/textmeaning_chair_0044_mask.png,text_meaning_control,english,chair,chair,black,white,neutral_object,the word says {},chair,0.35498046875,True
textmeaning_chair_0045,/content/stroop_expanded_vlm/text_meaning_control/images/textmeaning_chair_0045.png,/content/stroop_expanded_vlm/text_meaning_control/masks/textmeaning_chair_0045_mask.png,text_meaning_control,english,chair,chair,black,white,neutral_object,the word says {},chair,0.3603515625,True
textmeaning_chair_0046,/content/stroop_expanded_vlm/text_meaning_control/images/textmeaning_chair_0046.png,/content/stroop_expanded_vlm/text_meaning_control/masks/textmeaning_chair_0046_mask.png,text_meaning_control,english,chair,chair,black,white,neutral_object,the word says {},chair,0.36328125,True
textmeaning_chair_0047,/content/stroop_expanded_vlm/text_meaning_control/images/textmeaning_chair_0047.png,/content/stroop_expanded_vlm/text_meaning_control/masks/textmeaning_chair_0047_mask.png,text_meaning_control,english,chair,chair,black,white,neutral_object,the word says {},chair,0.364990234375,True
textmeaning_chair_0048,/content/stroop_expanded_vlm/text_meaning_control/images/textmeaning_chair_0048.png,/content/stroop_expanded_vlm/text_meaning_control/masks/textmeaning_chair_0048_mask.png,text_meaning_control,english,chair,chair,black,white,neutral_object,the word says {},chair,0.352783203125,True
textmeaning_chair_0049,/content/stroop_expanded_vlm/text_meaning_control/images/textmeaning_chair_0049.png,/content/stroop_expanded_vlm/text_meaning_control/masks/textmeaning_chair_0049_mask.png,text_meaning_control,english,chair,chair,black,white,neutral_object,the word says {},chair,0.36083984375,True
textmeaning_chair_0050,/content/stroop_expanded_vlm/text_meaning_control/images/textmeaning_chair_0050.png,/content/stroop_expanded_vlm/text_meaning_control/masks/textmeaning_chair_0050_mask.png,text_meaning_control,english,chair,chair,black,white,neutral_object,the word says {},chair,0.360595703125,True
textmeaning_chair_0051,/content/stroop_expanded_vlm/text_meaning_control/images/textmeaning_chair_0051.png,/content/stroop_expanded_vlm/text_meaning_control/masks/textmeaning_chair_0051_mask.png,text_meaning_control,english,chair,chair,black,white,neutral_object,the word says {},chair,0.361328125,True
textmeaning_chair_0052,/content/stroop_expanded_vlm/text_meaning_control/images/textmeaning_chair_0052.png,/content/stroop_expanded_vlm/text_meaning_control/masks/textmeaning_chair_0052_mask.png,text_meaning_control,english,chair,chair,black,white,neutral_object,the word says {},chair,0.361083984375,True
textmeaning_chair_0053,/content/stroop_expanded_vlm/text_meaning_control/images/textmeaning_chair_0053.png,/content/stroop_expanded_vlm/text_meaning_control/masks/textmeaning_chair_0053_mask.png,text_meaning_control,english,chair,chair,black,white,neutral_object,the word says {},chair,0.35888671875,True
textmeaning_chair_0054,/content/stroop_expanded_vlm/text_meaning_control/images/textmeaning_chair_0054.png,/content/stroop_expanded_vlm/text_meaning_control/masks/textmeaning_chair_0054_mask.png,text_meaning_control,english,chair,chair,black,white,neutral_object,the word says {},chair,0.35986328125,True
textmeaning_chair_0055,/content/stroop_expanded_vlm/text_meaning_control/images/textmeaning_chair_0055.png,/content/stroop_expanded_vlm/text_meaning_control/masks/textmeaning_chair_0055_mask.png,text_meaning_control,english,chair,chair,black,white,neutral_object,the word says {},chair,0.365966796875,True
textmeaning_chair_0056,/content/stroop_expanded_vlm/text_meaning_control/images/textmeaning_chair_0056.png,/content/stroop_expanded_vlm/text_meaning_control/masks/textmeaning_chair_0056_mask.png,text_meaning_control,english,chair,chair,black,white,neutral_object,the word says {},chair,0.365966796875,True
textmeaning_chair_0057,/content/stroop_expanded_vlm/text_meaning_control/images/textmeaning_chair_0057.png,/content/stroop_expanded_vlm/text_meaning_control/masks/textmeaning_chair_0057_mask.png,text_meaning_control,english,chair,chair,black,white,neutral_object,the word says {},chair,0.358642578125,True
textmeaning_chair_0058,/content/stroop_expanded_vlm/text_meaning_control/images/textmeaning_chair_0058.png,/content/stroop_expanded_vlm/text_meaning_control/masks/textmeaning_chair_0058_mask.png,text_meaning_control,english,chair,chair,black,white,neutral_object,the word says {},chair,0.36669921875,True
textmeaning_chair_0059,/content/stroop_expanded_vlm/text_meaning_control/images/textmeaning_chair_0059.png,/content/stroop_expanded_vlm/text_meaning_control/masks/textmeaning_chair_0059_mask.png,text_meaning_control,english,chair,chair,black,white,neutral_object,the word says {},chair,0.35986328125,True
textmeaning_chair_0060,/content/stroop_expanded_vlm/text_meaning_control/images/textmeaning_chair_0060.png,/content/stroop_expanded_vlm/text_meaning_control/masks/textmeaning_chair_0060_mask.png,text_meaning_control,english,chair,chair,black,white,neutral_object,the word says {},chair,0.36181640625,True
textmeaning_chair_0061,/content/stroop_expanded_vlm/text_meaning_control/images/textmeaning_chair_0061.png,/content/stroop_expanded_vlm/text_meaning_control/masks/textmeaning_chair_0061_mask.png,text_meaning_control,english,chair,chair,black,white,neutral_object,the word says {},chair,0.36376953125,True
textmeaning_chair_0062,/content/stroop_expanded_vlm/text_meaning_control/images/textmeaning_chair_0062.png,/content/stroop_expanded_vlm/text_meaning_control/masks/textmeaning_chair_0062_mask.png,text_meaning_control,english,chair,chair,black,white,neutral_object,the word says {},chair,0.36669921875,True
textmeaning_chair_0063,/content/stroop_expanded_vlm/text_meaning_control/images/textmeaning_chair_0063.png,/content/stroop_expanded_vlm/text_meaning_control/masks/textmeaning_chair_0063_mask.png,text_meaning_control,english,chair,chair,black,white,neutral_object,the word says {},chair,0.368408203125,True
textmeaning_chair_0064,/content/stroop_expanded_vlm/text_meaning_control/images/textmeaning_chair_0064.png,/content/stroop_expanded_vlm/text_meaning_control/masks/textmeaning_chair_0064_mask.png,text_meaning_control,english,chair,chair,black,white,neutral_object,the word says {},chair,0.34765625,True
textmeaning_chair_0065,/content/stroop_expanded_vlm/text_meaning_control/images/textmeaning_chair_0065.png,/content/stroop_expanded_vlm/text_meaning_control/masks/textmeaning_chair_0065_mask.png,text_meaning_control,english,chair,chair,black,white,neutral_object,the word says {},chair,0.3662109375,True
textmeaning_chair_0066,/content/stroop_expanded_vlm/text_meaning_control/images/textmeaning_chair_0066.png,/content/stroop_expanded_vlm/text_meaning_control/masks/textmeaning_chair_0066_mask.png,text_meaning_control,english,chair,chair,black,white,neutral_object,the word says {},chair,0.36328125,True
textmeaning_chair_0067,/content/stroop_expanded_vlm/text_meaning_control/images/textmeaning_chair_0067.png,/content/stroop_expanded_vlm/text_meaning_control/masks/textmeaning_chair_0067_mask.png,text_meaning_control,english,chair,chair,black,white,neutral_object,the word says {},chair,0.3671875,True
textmeaning_chair_0068,/content/stroop_expanded_vlm/text_meaning_control/images/textmeaning_chair_0068.png,/content/stroop_expanded_vlm/text_meaning_control/masks/textmeaning_chair_0068_mask.png,text_meaning_control,english,chair,chair,black,white,neutral_object,the word says {},chair,0.360107421875,True
textmeaning_chair_0069,/content/stroop_expanded_vlm/text_meaning_control/images/textmeaning_chair_0069.png,/content/stroop_expanded_vlm/text_meaning_control/masks/textmeaning_chair_0069_mask.png,text_meaning_control,english,chair,chair,black,white,neutral_object,the word says {},chair,0.36279296875,True
textmeaning_chair_0070,/content/stroop_expanded_vlm/text_meaning_control/images/textmeaning_chair_0070.png,/content/stroop_expanded_vlm/text_meaning_control/masks/textmeaning_chair_0070_mask.png,text_meaning_control,english,chair,chair,black,white,neutral_object,the word says {},chair,0.3544921875,True
textmeaning_chair_0071,/content/stroop_expanded_vlm/text_meaning_control/images/textmeaning_chair_0071.png,/content/stroop_expanded_vlm/text_meaning_control/masks/textmeaning_chair_0071_mask.png,text_meaning_control,english,chair,chair,black,white,neutral_object,the word says {},chair,0.360595703125,True
textmeaning_chair_0072,/content/stroop_expanded_vlm/text_meaning_control/images/textmeaning_chair_0072.png,/content/stroop_expanded_vlm/text_meaning_control/masks/textmeaning_chair_0072_mask.png,text_meaning_control,english,chair,chair,black,white,neutral_object,the word says {},chair,0.353759765625,True
textmeaning_chair_0073,/content/stroop_expanded_vlm/text_meaning_control/images/textmeaning_chair_0073.png,/content/stroop_expanded_vlm/text_meaning_control/masks/textmeaning_chair_0073_mask.png,text_meaning_control,english,chair,chair,black,white,neutral_object,the word says {},chair,0.367431640625,True
textmeaning_chair_0074,/content/stroop_expanded_vlm/text_meaning_control/images/textmeaning_chair_0074.png,/content/stroop_expanded_vlm/text_meaning_control/masks/textmeaning_chair_0074_mask.png,text_meaning_control,english,chair,chair,black,white,neutral_object,the word says {},chair,0.36376953125,True
textmeaning_chair_0075,/content/stroop_expanded_vlm/text_meaning_control/images/textmeaning_chair_0075.png,/content/stroop_expanded_vlm/text_meaning_control/masks/textmeaning_chair_0075_mask.png,text_meaning_control,english,chair,chair,black,white,neutral_object,the word says {},chair,0.365478515625,True
textmeaning_chair_0076,/content/stroop_expanded_vlm/text_meaning_control/images/textmeaning_chair_0076.png,/content/stroop_expanded_vlm/text_meaning_control/masks/textmeaning_chair_0076_mask.png,text_meaning_control,english,chair,chair,black,white,neutral_object,the word says {},chair,0.367919921875,True
textmeaning_chair_0077,/content/stroop_expanded_vlm/text_meaning_control/images/textmeaning_chair_0077.png,/content/stroop_expanded_vlm/text_meaning_control/masks/textmeaning_chair_0077_mask.png,text_meaning_control,english,chair,chair,black,white,neutral_object,the word says {},chair,0.363525390625,True
textmeaning_chair_0078,/content/stroop_expanded_vlm/text_meaning_control/images/textmeaning_chair_0078.png,/content/stroop_expanded_vlm/text_meaning_control/masks/textmeaning_chair_0078_mask.png,text_meaning_control,english,chair,chair,black,white,neutral_object,the word says {},chair,0.366943359375,True
textmeaning_chair_0079,/content/stroop_expanded_vlm/text_meaning_control/images/textmeaning_chair_0079.png,/content/stroop_expanded_vlm/text_meaning_control/masks/textmeaning_chair_0079_mask.png,text_meaning_control,english,chair,chair,black,white,neutral_object,the word says {},chair,0.355224609375,True
textmeaning_chair_0080,/content/stroop_expanded_vlm/text_meaning_control/images/textmeaning_chair_0080.png,/content/stroop_expanded_vlm/text_meaning_control/masks/textmeaning_chair_0080_mask.png,text_meaning_control,english,chair,chair,black,white,neutral_object,the word says {},chair,0.35107421875,True
textmeaning_chair_0081,/content/stroop_expanded_vlm/text_meaning_control/images/textmeaning_chair_0081.png,/content/stroop_expanded_vlm/text_meaning_control/masks/textmeaning_chair_0081_mask.png,text_meaning_control,english,chair,chair,black,white,neutral_object,the word says {},chair,0.36279296875,True
textmeaning_chair_0082,/content/stroop_expanded_vlm/text_meaning_control/images/textmeaning_chair_0082.png,/content/stroop_expanded_vlm/text_meaning_control/masks/textmeaning_chair_0082_mask.png,text_meaning_control,english,chair,chair,black,white,neutral_object,the word says {},chair,0.36572265625,True
textmeaning_chair_0083,/content/stroop_expanded_vlm/text_meaning_control/images/textmeaning_chair_0083.png,/content/stroop_expanded_vlm/text_meaning_control/masks/textmeaning_chair_0083_mask.png,text_meaning_control,english,chair,chair,black,white,neutral_object,the word says {},chair,0.36376953125,True
textmeaning_chair_0084,/content/stroop_expanded_vlm/text_meaning_control/images/textmeaning_chair_0084.png,/content/stroop_expanded_vlm/text_meaning_control/masks/textmeaning_chair_0084_mask.png,text_meaning_control,english,chair,chair,black,white,neutral_object,the word says {},chair,0.361572265625,True
textmeaning_chair_0085,/content/stroop_expanded_vlm/text_meaning_control/images/textmeaning_chair_0085.png,/content/stroop_expanded_vlm/text_meaning_control/masks/textmeaning_chair_0085_mask.png,text_meaning_control,english,chair,chair,black,white,neutral_object,the word says {},chair,0.35546875,True
textmeaning_chair_0086,/content/stroop_expanded_vlm/text_meaning_control/images/textmeaning_chair_0086.png,/content/stroop_expanded_vlm/text_meaning_control/masks/textmeaning_chair_0086_mask.png,text_meaning_control,english,chair,chair,black,white,neutral_object,the word says {},chair,0.34765625,True
textmeaning_chair_0087,/content/stroop_expanded_vlm/text_meaning_control/images/textmeaning_chair_0087.png,/content/stroop_expanded_vlm/text_meaning_control/masks/textmeaning_chair_0087_mask.png,text_meaning_control,english,chair,chair,black,white,neutral_object,the word says {},chair,0.357421875,True
textmeaning_chair_0088,/content/stroop_expanded_vlm/text_meaning_control/images/textmeaning_chair_0088.png,/content/stroop_expanded_vlm/text_meaning_control/masks/textmeaning_chair_0088_mask.png,text_meaning_control,english,chair,chair,black,white,neutral_object,the word says {},chair,0.359619140625,True
textmeaning_chair_0089,/content/stroop_expanded_vlm/text_meaning_control/images/textmeaning_chair_0089.png,/content/stroop_expanded_vlm/text_meaning_control/masks/textmeaning_chair_0089_mask.png,text_meaning_control,english,chair,chair,black,white,neutral_object,the word says {},chair,0.358154296875,True
textmeaning_chair_0090,/content/stroop_expanded_vlm/text_meaning_control/images/textmeaning_chair_0090.png,/content/stroop_expanded_vlm/text_meaning_control/masks/textmeaning_chair_0090_mask.png,text_meaning_control,english,chair,chair,black,white,neutral_object,the word says {},chair,0.3623046875,True
textmeaning_chair_0091,/content/stroop_expanded_vlm/text_meaning_control/images/textmeaning_chair_0091.png,/content/stroop_expanded_vlm/text_meaning_control/masks/textmeaning_chair_0091_mask.png,text_meaning_control,english,chair,chair,black,white,neutral_object,the word says {},chair,0.365234375,True
textmeaning_chair_0092,/content/stroop_expanded_vlm/text_meaning_control/images/textmeaning_chair_0092.png,/content/stroop_expanded_vlm/text_meaning_control/masks/textmeaning_chair_0092_mask.png,text_meaning_control,english,chair,chair,black,white,neutral_object,the word says {},chair,0.358154296875,True
textmeaning_chair_0093,/content/stroop_expanded_vlm/text_meaning_control/images/textmeaning_chair_0093.png,/content/stroop_expanded_vlm/text_meaning_control/masks/textmeaning_chair_0093_mask.png,text_meaning_control,english,chair,chair,black,white,neutral_object,the word says {},chair,0.356689453125,True
textmeaning_chair_0094,/content/stroop_expanded_vlm/text_meaning_control/images/textmeaning_chair_0094.png,/content/stroop_expanded_vlm/text_meaning_control/masks/textmeaning_chair_0094_mask.png,text_meaning_control,english,chair,chair,black,white,neutral_object,the word says {},chair,0.36279296875,True
textmeaning_chair_0095,/content/stroop_expanded_vlm/text_meaning_control/images/textmeaning_chair_0095.png,/content/stroop_expanded_vlm/text_meaning_control/masks/textmeaning_chair_0095_mask.png,text_meaning_control,english,chair,chair,black,white,neutral_object,the word says {},chair,0.365478515625,True
textmeaning_chair_0096,/content/stroop_expanded_vlm/text_meaning_control/images/textmeaning_chair_0096.png,/content/stroop_expanded_vlm/text_meaning_control/masks/textmeaning_chair_0096_mask.png,text_meaning_control,english,chair,chair,black,white,neutral_object,the word says {},chair,0.35986328125,True
textmeaning_chair_0097,/content/stroop_expanded_vlm/text_meaning_control/images/textmeaning_chair_0097.png,/content/stroop_expanded_vlm/text_meaning_control/masks/textmeaning_chair_0097_mask.png,text_meaning_control,english,chair,chair,black,white,neutral_object,the word says {},chair,0.3671875,True
textmeaning_chair_0098,/content/stroop_expanded_vlm/text_meaning_control/images/textmeaning_chair_0098.png,/content/stroop_expanded_vlm/text_meaning_control/masks/textmeaning_chair_0098_mask.png,text_meaning_control,english,chair,chair,black,white,neutral_object,the word says {},chair,0.3525390625,True
textmeaning_chair_0099,/content/stroop_expanded_vlm/text_meaning_control/images/textmeaning_chair_0099.png,/content/stroop_expanded_vlm/text_meaning_control/masks/textmeaning_chair_0099_mask.png,text_meaning_control,english,chair,chair,black,white,neutral_object,the word says {},chair,0.353759765625,True
textmeaning_music_0000,/content/stroop_expanded_vlm/text_meaning_control/images/textmeaning_music_0000.png,/content/stroop_expanded_vlm/text_meaning_control/masks/textmeaning_music_0000_mask.png,text_meaning_control,english,music,music,black,white,neutral_object,the word says {},music,0.294189453125,True
textmeaning_music_0001,/content/stroop_expanded_vlm/text_meaning_control/images/textmeaning_music_0001.png,/content/stroop_expanded_vlm/text_meaning_control/masks/textmeaning_music_0001_mask.png,text_meaning_control,english,music,music,black,white,neutral_object,the word says {},music,0.30126953125,True
textmeaning_music_0002,/content/stroop_expanded_vlm/text_meaning_control/images/textmeaning_music_0002.png,/content/stroop_expanded_vlm/text_meaning_control/masks/textmeaning_music_0002_mask.png,text_meaning_control,english,music,music,black,white,neutral_object,the word says {},music,0.291748046875,True
textmeaning_music_0003,/content/stroop_expanded_vlm/text_meaning_control/images/textmeaning_music_0003.png,/content/stroop_expanded_vlm/text_meaning_control/masks/textmeaning_music_0003_mask.png,text_meaning_control,english,music,music,black,white,neutral_object,the word says {},music,0.293701171875,True
textmeaning_music_0004,/content/stroop_expanded_vlm/text_meaning_control/images/textmeaning_music_0004.png,/content/stroop_expanded_vlm/text_meaning_control/masks/textmeaning_music_0004_mask.png,text_meaning_control,english,music,music,black,white,neutral_object,the word says {},music,0.29541015625,True
textmeaning_music_0005,/content/stroop_expanded_vlm/text_meaning_control/images/textmeaning_music_0005.png,/content/stroop_expanded_vlm/text_meaning_control/masks/textmeaning_music_0005_mask.png,text_meaning_control,english,music,music,black,white,neutral_object,the word says {},music,0.3017578125,True
textmeaning_music_0006,/content/stroop_expanded_vlm/text_meaning_control/images/textmeaning_music_0006.png,/content/stroop_expanded_vlm/text_meaning_control/masks/textmeaning_music_0006_mask.png,text_meaning_control,english,music,music,black,white,neutral_object,the word says {},music,0.295654296875,True
textmeaning_music_0007,/content/stroop_expanded_vlm/text_meaning_control/images/textmeaning_music_0007.png,/content/stroop_expanded_vlm/text_meaning_control/masks/textmeaning_music_0007_mask.png,text_meaning_control,english,music,music,black,white,neutral_object,the word says {},music,0.30078125,True
textmeaning_music_0008,/content/stroop_expanded_vlm/text_meaning_control/images/textmeaning_music_0008.png,/content/stroop_expanded_vlm/text_meaning_control/masks/textmeaning_music_0008_mask.png,text_meaning_control,english,music,music,black,white,neutral_object,the word says {},music,0.29541015625,True
textmeaning_music_0009,/content/stroop_expanded_vlm/text_meaning_control/images/textmeaning_music_0009.png,/content/stroop_expanded_vlm/text_meaning_control/masks/textmeaning_music_0009_mask.png,text_meaning_control,english,music,music,black,white,neutral_object,the word says {},music,0.29345703125,True
textmeaning_music_0010,/content/stroop_expanded_vlm/text_meaning_control/images/textmeaning_music_0010.png,/content/stroop_expanded_vlm/text_meaning_control/masks/textmeaning_music_0010_mask.png,text_meaning_control,english,music,music,black,white,neutral_object,the word says {},music,0.30029296875,True
textmeaning_music_0011,/content/stroop_expanded_vlm/text_meaning_control/images/textmeaning_music_0011.png,/content/stroop_expanded_vlm/text_meaning_control/masks/textmeaning_music_0011_mask.png,text_meaning_control,english,music,music,black,white,neutral_object,the word says {},music,0.297119140625,True
textmeaning_music_0012,/content/stroop_expanded_vlm/text_meaning_control/images/textmeaning_music_0012.png,/content/stroop_expanded_vlm/text_meaning_control/masks/textmeaning_music_0012_mask.png,text_meaning_control,english,music,music,black,white,neutral_object,the word says {},music,0.294189453125,True
textmeaning_music_0013,/content/stroop_expanded_vlm/text_meaning_control/images/textmeaning_music_0013.png,/content/stroop_expanded_vlm/text_meaning_control/masks/textmeaning_music_0013_mask.png,text_meaning_control,english,music,music,black,white,neutral_object,the word says {},music,0.3017578125,True
textmeaning_music_0014,/content/stroop_expanded_vlm/text_meaning_control/images/textmeaning_music_0014.png,/content/stroop_expanded_vlm/text_meaning_control/masks/textmeaning_music_0014_mask.png,text_meaning_control,english,music,music,black,white,neutral_object,the word says {},music,0.29931640625,True
textmeaning_music_0015,/content/stroop_expanded_vlm/text_meaning_control/images/textmeaning_music_0015.png,/content/stroop_expanded_vlm/text_meaning_control/masks/textmeaning_music_0015_mask.png,text_meaning_control,english,music,music,black,white,neutral_object,the word says {},music,0.2958984375,True
textmeaning_music_0016,/content/stroop_expanded_vlm/text_meaning_control/images/textmeaning_music_0016.png,/content/stroop_expanded_vlm/text_meaning_control/masks/textmeaning_music_0016_mask.png,text_meaning_control,english,music,music,black,white,neutral_object,the word says {},music,0.29443359375,True
textmeaning_music_0017,/content/stroop_expanded_vlm/text_meaning_control/images/textmeaning_music_0017.png,/content/stroop_expanded_vlm/text_meaning_control/masks/textmeaning_music_0017_mask.png,text_meaning_control,english,music,music,black,white,neutral_object,the word says {},music,0.300537109375,True
textmeaning_music_0018,/content/stroop_expanded_vlm/text_meaning_control/images/textmeaning_music_0018.png,/content/stroop_expanded_vlm/text_meaning_control/masks/textmeaning_music_0018_mask.png,text_meaning_control,english,music,music,black,white,neutral_object,the word says {},music,0.29443359375,True
textmeaning_music_0019,/content/stroop_expanded_vlm/text_meaning_control/images/textmeaning_music_0019.png,/content/stroop_expanded_vlm/text_meaning_control/masks/textmeaning_music_0019_mask.png,text_meaning_control,english,music,music,black,white,neutral_object,the word says {},music,0.297119140625,True
textmeaning_music_0020,/content/stroop_expanded_vlm/text_meaning_control/images/textmeaning_music_0020.png,/content/stroop_expanded_vlm/text_meaning_control/masks/textmeaning_music_0020_mask.png,text_meaning_control,english,music,music,black,white,neutral_object,the word says {},music,0.296142578125,True
textmeaning_music_0021,/content/stroop_expanded_vlm/text_meaning_control/images/textmeaning_music_0021.png,/content/stroop_expanded_vlm/text_meaning_control/masks/textmeaning_music_0021_mask.png,text_meaning_control,english,music,music,black,white,neutral_object,the word says {},music,0.3017578125,True
textmeaning_music_0022,/content/stroop_expanded_vlm/text_meaning_control/images/textmeaning_music_0022.png,/content/stroop_expanded_vlm/text_meaning_control/masks/textmeaning_music_0022_mask.png,text_meaning_control,english,music,music,black,white,neutral_object,the word says {},music,0.295654296875,True
textmeaning_music_0023,/content/stroop_expanded_vlm/text_meaning_control/images/textmeaning_music_0023.png,/content/stroop_expanded_vlm/text_meaning_control/masks/textmeaning_music_0023_mask.png,text_meaning_control,english,music,music,black,white,neutral_object,the word says {},music,0.2939453125,True
textmeaning_music_0024,/content/stroop_expanded_vlm/text_meaning_control/images/textmeaning_music_0024.png,/content/stroop_expanded_vlm/text_meaning_control/masks/textmeaning_music_0024_mask.png,text_meaning_control,english,music,music,black,white,neutral_object,the word says {},music,0.298583984375,True
textmeaning_music_0025,/content/stroop_expanded_vlm/text_meaning_control/images/textmeaning_music_0025.png,/content/stroop_expanded_vlm/text_meaning_control/masks/textmeaning_music_0025_mask.png,text_meaning_control,english,music,music,black,white,neutral_object,the word says {},music,0.29541015625,True
textmeaning_music_0026,/content/stroop_expanded_vlm/text_meaning_control/images/textmeaning_music_0026.png,/content/stroop_expanded_vlm/text_meaning_control/masks/textmeaning_music_0026_mask.png,text_meaning_control,english,music,music,black,white,neutral_object,the word says {},music,0.294677734375,True
textmeaning_music_0027,/content/stroop_expanded_vlm/text_meaning_control/images/textmeaning_music_0027.png,/content/stroop_expanded_vlm/text_meaning_control/masks/textmeaning_music_0027_mask.png,text_meaning_control,english,music,music,black,white,neutral_object,the word says {},music,0.29833984375,True
textmeaning_music_0028,/content/stroop_expanded_vlm/text_meaning_control/images/textmeaning_music_0028.png,/content/stroop_expanded_vlm/text_meaning_control/masks/textmeaning_music_0028_mask.png,text_meaning_control,english,music,music,black,white,neutral_object,the word says {},music,0.298583984375,True
textmeaning_music_0029,/content/stroop_expanded_vlm/text_meaning_control/images/textmeaning_music_0029.png,/content/stroop_expanded_vlm/text_meaning_control/masks/textmeaning_music_0029_mask.png,text_meaning_control,english,music,music,black,white,neutral_object,the word says {},music,0.2958984375,True
textmeaning_music_0030,/content/stroop_expanded_vlm/text_meaning_control/images/textmeaning_music_0030.png,/content/stroop_expanded_vlm/text_meaning_control/masks/textmeaning_music_0030_mask.png,text_meaning_control,english,music,music,black,white,neutral_object,the word says {},music,0.2939453125,True
textmeaning_music_0031,/content/stroop_expanded_vlm/text_meaning_control/images/textmeaning_music_0031.png,/content/stroop_expanded_vlm/text_meaning_control/masks/textmeaning_music_0031_mask.png,text_meaning_control,english,music,music,black,white,neutral_object,the word says {},music,0.294677734375,True
textmeaning_music_0032,/content/stroop_expanded_vlm/text_meaning_control/images/textmeaning_music_0032.png,/content/stroop_expanded_vlm/text_meaning_control/masks/textmeaning_music_0032_mask.png,text_meaning_control,english,music,music,black,white,neutral_object,the word says {},music,0.295166015625,True
textmeaning_music_0033,/content/stroop_expanded_vlm/text_meaning_control/images/textmeaning_music_0033.png,/content/stroop_expanded_vlm/text_meaning_control/masks/textmeaning_music_0033_mask.png,text_meaning_control,english,music,music,black,white,neutral_object,the word says {},music,0.30322265625,True
textmeaning_music_0034,/content/stroop_expanded_vlm/text_meaning_control/images/textmeaning_music_0034.png,/content/stroop_expanded_vlm/text_meaning_control/masks/textmeaning_music_0034_mask.png,text_meaning_control,english,music,music,black,white,neutral_object,the word says {},music,0.302490234375,True
textmeaning_music_0035,/content/stroop_expanded_vlm/text_meaning_control/images/textmeaning_music_0035.png,/content/stroop_expanded_vlm/text_meaning_control/masks/textmeaning_music_0035_mask.png,text_meaning_control,english,music,music,black,white,neutral_object,the word says {},music,0.297607421875,True
textmeaning_music_0036,/content/stroop_expanded_vlm/text_meaning_control/images/textmeaning_music_0036.png,/content/stroop_expanded_vlm/text_meaning_control/masks/textmeaning_music_0036_mask.png,text_meaning_control,english,music,music,black,white,neutral_object,the word says {},music,0.294677734375,True
textmeaning_music_0037,/content/stroop_expanded_vlm/text_meaning_control/images/textmeaning_music_0037.png,/content/stroop_expanded_vlm/text_meaning_control/masks/textmeaning_music_0037_mask.png,text_meaning_control,english,music,music,black,white,neutral_object,the word says {},music,0.296630859375,True
textmeaning_music_0038,/content/stroop_expanded_vlm/text_meaning_control/images/textmeaning_music_0038.png,/content/stroop_expanded_vlm/text_meaning_control/masks/textmeaning_music_0038_mask.png,text_meaning_control,english,music,music,black,white,neutral_object,the word says {},music,0.300048828125,True
textmeaning_music_0039,/content/stroop_expanded_vlm/text_meaning_control/images/textmeaning_music_0039.png,/content/stroop_expanded_vlm/text_meaning_control/masks/textmeaning_music_0039_mask.png,text_meaning_control,english,music,music,black,white,neutral_object,the word says {},music,0.29638671875,True
textmeaning_music_0040,/content/stroop_expanded_vlm/text_meaning_control/images/textmeaning_music_0040.png,/content/stroop_expanded_vlm/text_meaning_control/masks/textmeaning_music_0040_mask.png,text_meaning_control,english,music,music,black,white,neutral_object,the word says {},music,0.295654296875,True
textmeaning_music_0041,/content/stroop_expanded_vlm/text_meaning_control/images/textmeaning_music_0041.png,/content/stroop_expanded_vlm/text_meaning_control/masks/textmeaning_music_0041_mask.png,text_meaning_control,english,music,music,black,white,neutral_object,the word says {},music,0.2978515625,True
textmeaning_music_0042,/content/stroop_expanded_vlm/text_meaning_control/images/textmeaning_music_0042.png,/content/stroop_expanded_vlm/text_meaning_control/masks/textmeaning_music_0042_mask.png,text_meaning_control,english,music,music,black,white,neutral_object,the word says {},music,0.30224609375,True
textmeaning_music_0043,/content/stroop_expanded_vlm/text_meaning_control/images/textmeaning_music_0043.png,/content/stroop_expanded_vlm/text_meaning_control/masks/textmeaning_music_0043_mask.png,text_meaning_control,english,music,music,black,white,neutral_object,the word says {},music,0.29345703125,True
textmeaning_music_0044,/content/stroop_expanded_vlm/text_meaning_control/images/textmeaning_music_0044.png,/content/stroop_expanded_vlm/text_meaning_control/masks/textmeaning_music_0044_mask.png,text_meaning_control,english,music,music,black,white,neutral_object,the word says {},music,0.30224609375,True
textmeaning_music_0045,/content/stroop_expanded_vlm/text_meaning_control/images/textmeaning_music_0045.png,/content/stroop_expanded_vlm/text_meaning_control/masks/textmeaning_music_0045_mask.png,text_meaning_control,english,music,music,black,white,neutral_object,the word says {},music,0.299560546875,True
textmeaning_music_0046,/content/stroop_expanded_vlm/text_meaning_control/images/textmeaning_music_0046.png,/content/stroop_expanded_vlm/text_meaning_control/masks/textmeaning_music_0046_mask.png,text_meaning_control,english,music,music,black,white,neutral_object,the word says {},music,0.289794921875,True
textmeaning_music_0047,/content/stroop_expanded_vlm/text_meaning_control/images/textmeaning_music_0047.png,/content/stroop_expanded_vlm/text_meaning_control/masks/textmeaning_music_0047_mask.png,text_meaning_control,english,music,music,black,white,neutral_object,the word says {},music,0.300048828125,True
textmeaning_music_0048,/content/stroop_expanded_vlm/text_meaning_control/images/textmeaning_music_0048.png,/content/stroop_expanded_vlm/text_meaning_control/masks/textmeaning_music_0048_mask.png,text_meaning_control,english,music,music,black,white,neutral_object,the word says {},music,0.29248046875,True
textmeaning_music_0049,/content/stroop_expanded_vlm/text_meaning_control/images/textmeaning_music_0049.png,/content/stroop_expanded_vlm/text_meaning_control/masks/textmeaning_music_0049_mask.png,text_meaning_control,english,music,music,black,white,neutral_object,the word says {},music,0.298583984375,True
textmeaning_music_0050,/content/stroop_expanded_vlm/text_meaning_control/images/textmeaning_music_0050.png,/content/stroop_expanded_vlm/text_meaning_control/masks/textmeaning_music_0050_mask.png,text_meaning_control,english,music,music,black,white,neutral_object,the word says {},music,0.296875,True
textmeaning_music_0051,/content/stroop_expanded_vlm/text_meaning_control/images/textmeaning_music_0051.png,/content/stroop_expanded_vlm/text_meaning_control/masks/textmeaning_music_0051_mask.png,text_meaning_control,english,music,music,black,white,neutral_object,the word says {},music,0.291015625,True
textmeaning_music_0052,/content/stroop_expanded_vlm/text_meaning_control/images/textmeaning_music_0052.png,/content/stroop_expanded_vlm/text_meaning_control/masks/textmeaning_music_0052_mask.png,text_meaning_control,english,music,music,black,white,neutral_object,the word says {},music,0.29833984375,True
textmeaning_music_0053,/content/stroop_expanded_vlm/text_meaning_control/images/textmeaning_music_0053.png,/content/stroop_expanded_vlm/text_meaning_control/masks/textmeaning_music_0053_mask.png,text_meaning_control,english,music,music,black,white,neutral_object,the word says {},music,0.298583984375,True
textmeaning_music_0054,/content/stroop_expanded_vlm/text_meaning_control/images/textmeaning_music_0054.png,/content/stroop_expanded_vlm/text_meaning_control/masks/textmeaning_music_0054_mask.png,text_meaning_control,english,music,music,black,white,neutral_object,the word says {},music,0.3056640625,True
textmeaning_music_0055,/content/stroop_expanded_vlm/text_meaning_control/images/textmeaning_music_0055.png,/content/stroop_expanded_vlm/text_meaning_control/masks/textmeaning_music_0055_mask.png,text_meaning_control,english,music,music,black,white,neutral_object,the word says {},music,0.300048828125,True
textmeaning_music_0056,/content/stroop_expanded_vlm/text_meaning_control/images/textmeaning_music_0056.png,/content/stroop_expanded_vlm/text_meaning_control/masks/textmeaning_music_0056_mask.png,text_meaning_control,english,music,music,black,white,neutral_object,the word says {},music,0.299072265625,True
textmeaning_music_0057,/content/stroop_expanded_vlm/text_meaning_control/images/textmeaning_music_0057.png,/content/stroop_expanded_vlm/text_meaning_control/masks/textmeaning_music_0057_mask.png,text_meaning_control,english,music,music,black,white,neutral_object,the word says {},music,0.29541015625,True
textmeaning_music_0058,/content/stroop_expanded_vlm/text_meaning_control/images/textmeaning_music_0058.png,/content/stroop_expanded_vlm/text_meaning_control/masks/textmeaning_music_0058_mask.png,text_meaning_control,english,music,music,black,white,neutral_object,the word says {},music,0.29833984375,True
textmeaning_music_0059,/content/stroop_expanded_vlm/text_meaning_control/images/textmeaning_music_0059.png,/content/stroop_expanded_vlm/text_meaning_control/masks/textmeaning_music_0059_mask.png,text_meaning_control,english,music,music,black,white,neutral_object,the word says {},music,0.300048828125,True
textmeaning_music_0060,/content/stroop_expanded_vlm/text_meaning_control/images/textmeaning_music_0060.png,/content/stroop_expanded_vlm/text_meaning_control/masks/textmeaning_music_0060_mask.png,text_meaning_control,english,music,music,black,white,neutral_object,the word says {},music,0.294677734375,True
textmeaning_music_0061,/content/stroop_expanded_vlm/text_meaning_control/images/textmeaning_music_0061.png,/content/stroop_expanded_vlm/text_meaning_control/masks/textmeaning_music_0061_mask.png,text_meaning_control,english,music,music,black,white,neutral_object,the word says {},music,0.297119140625,True
textmeaning_music_0062,/content/stroop_expanded_vlm/text_meaning_control/images/textmeaning_music_0062.png,/content/stroop_expanded_vlm/text_meaning_control/masks/textmeaning_music_0062_mask.png,text_meaning_control,english,music,music,black,white,neutral_object,the word says {},music,0.287353515625,True
textmeaning_music_0063,/content/stroop_expanded_vlm/text_meaning_control/images/textmeaning_music_0063.png,/content/stroop_expanded_vlm/text_meaning_control/masks/textmeaning_music_0063_mask.png,text_meaning_control,english,music,music,black,white,neutral_object,the word says {},music,0.29833984375,True
textmeaning_music_0064,/content/stroop_expanded_vlm/text_meaning_control/images/textmeaning_music_0064.png,/content/stroop_expanded_vlm/text_meaning_control/masks/textmeaning_music_0064_mask.png,text_meaning_control,english,music,music,black,white,neutral_object,the word says {},music,0.307373046875,True
textmeaning_music_0065,/content/stroop_expanded_vlm/text_meaning_control/images/textmeaning_music_0065.png,/content/stroop_expanded_vlm/text_meaning_control/masks/textmeaning_music_0065_mask.png,text_meaning_control,english,music,music,black,white,neutral_object,the word says {},music,0.297119140625,True
textmeaning_music_0066,/content/stroop_expanded_vlm/text_meaning_control/images/textmeaning_music_0066.png,/content/stroop_expanded_vlm/text_meaning_control/masks/textmeaning_music_0066_mask.png,text_meaning_control,english,music,music,black,white,neutral_object,the word says {},music,0.290771484375,True
textmeaning_music_0067,/content/stroop_expanded_vlm/text_meaning_control/images/textmeaning_music_0067.png,/content/stroop_expanded_vlm/text_meaning_control/masks/textmeaning_music_0067_mask.png,text_meaning_control,english,music,music,black,white,neutral_object,the word says {},music,0.30419921875,True
textmeaning_music_0068,/content/stroop_expanded_vlm/text_meaning_control/images/textmeaning_music_0068.png,/content/stroop_expanded_vlm/text_meaning_control/masks/textmeaning_music_0068_mask.png,text_meaning_control,english,music,music,black,white,neutral_object,the word says {},music,0.299072265625,True
textmeaning_music_0069,/content/stroop_expanded_vlm/text_meaning_control/images/textmeaning_music_0069.png,/content/stroop_expanded_vlm/text_meaning_control/masks/textmeaning_music_0069_mask.png,text_meaning_control,english,music,music,black,white,neutral_object,the word says {},music,0.295654296875,True
textmeaning_music_0070,/content/stroop_expanded_vlm/text_meaning_control/images/textmeaning_music_0070.png,/content/stroop_expanded_vlm/text_meaning_control/masks/textmeaning_music_0070_mask.png,text_meaning_control,english,music,music,black,white,neutral_object,the word says {},music,0.297119140625,True
textmeaning_music_0071,/content/stroop_expanded_vlm/text_meaning_control/images/textmeaning_music_0071.png,/content/stroop_expanded_vlm/text_meaning_control/masks/textmeaning_music_0071_mask.png,text_meaning_control,english,music,music,black,white,neutral_object,the word says {},music,0.294921875,True
textmeaning_music_0072,/content/stroop_expanded_vlm/text_meaning_control/images/textmeaning_music_0072.png,/content/stroop_expanded_vlm/text_meaning_control/masks/textmeaning_music_0072_mask.png,text_meaning_control,english,music,music,black,white,neutral_object,the word says {},music,0.2939453125,True
textmeaning_music_0073,/content/stroop_expanded_vlm/text_meaning_control/images/textmeaning_music_0073.png,/content/stroop_expanded_vlm/text_meaning_control/masks/textmeaning_music_0073_mask.png,text_meaning_control,english,music,music,black,white,neutral_object,the word says {},music,0.2919921875,True
textmeaning_music_0074,/content/stroop_expanded_vlm/text_meaning_control/images/textmeaning_music_0074.png,/content/stroop_expanded_vlm/text_meaning_control/masks/textmeaning_music_0074_mask.png,text_meaning_control,english,music,music,black,white,neutral_object,the word says {},music,0.29052734375,True
textmeaning_music_0075,/content/stroop_expanded_vlm/text_meaning_control/images/textmeaning_music_0075.png,/content/stroop_expanded_vlm/text_meaning_control/masks/textmeaning_music_0075_mask.png,text_meaning_control,english,music,music,black,white,neutral_object,the word says {},music,0.294677734375,True
textmeaning_music_0076,/content/stroop_expanded_vlm/text_meaning_control/images/textmeaning_music_0076.png,/content/stroop_expanded_vlm/text_meaning_control/masks/textmeaning_music_0076_mask.png,text_meaning_control,english,music,music,black,white,neutral_object,the word says {},music,0.293212890625,True
textmeaning_music_0077,/content/stroop_expanded_vlm/text_meaning_control/images/textmeaning_music_0077.png,/content/stroop_expanded_vlm/text_meaning_control/masks/textmeaning_music_0077_mask.png,text_meaning_control,english,music,music,black,white,neutral_object,the word says {},music,0.297607421875,True
textmeaning_music_0078,/content/stroop_expanded_vlm/text_meaning_control/images/textmeaning_music_0078.png,/content/stroop_expanded_vlm/text_meaning_control/masks/textmeaning_music_0078_mask.png,text_meaning_control,english,music,music,black,white,neutral_object,the word says {},music,0.295654296875,True
textmeaning_music_0079,/content/stroop_expanded_vlm/text_meaning_control/images/textmeaning_music_0079.png,/content/stroop_expanded_vlm/text_meaning_control/masks/textmeaning_music_0079_mask.png,text_meaning_control,english,music,music,black,white,neutral_object,the word says {},music,0.298828125,True
textmeaning_music_0080,/content/stroop_expanded_vlm/text_meaning_control/images/textmeaning_music_0080.png,/content/stroop_expanded_vlm/text_meaning_control/masks/textmeaning_music_0080_mask.png,text_meaning_control,english,music,music,black,white,neutral_object,the word says {},music,0.30615234375,True
textmeaning_music_0081,/content/stroop_expanded_vlm/text_meaning_control/images/textmeaning_music_0081.png,/content/stroop_expanded_vlm/text_meaning_control/masks/textmeaning_music_0081_mask.png,text_meaning_control,english,music,music,black,white,neutral_object,the word says {},music,0.302490234375,True
textmeaning_music_0082,/content/stroop_expanded_vlm/text_meaning_control/images/textmeaning_music_0082.png,/content/stroop_expanded_vlm/text_meaning_control/masks/textmeaning_music_0082_mask.png,text_meaning_control,english,music,music,black,white,neutral_object,the word says {},music,0.29736328125,True
textmeaning_music_0083,/content/stroop_expanded_vlm/text_meaning_control/images/textmeaning_music_0083.png,/content/stroop_expanded_vlm/text_meaning_control/masks/textmeaning_music_0083_mask.png,text_meaning_control,english,music,music,black,white,neutral_object,the word says {},music,0.297119140625,True
textmeaning_music_0084,/content/stroop_expanded_vlm/text_meaning_control/images/textmeaning_music_0084.png,/content/stroop_expanded_vlm/text_meaning_control/masks/textmeaning_music_0084_mask.png,text_meaning_control,english,music,music,black,white,neutral_object,the word says {},music,0.29443359375,True
textmeaning_music_0085,/content/stroop_expanded_vlm/text_meaning_control/images/textmeaning_music_0085.png,/content/stroop_expanded_vlm/text_meaning_control/masks/textmeaning_music_0085_mask.png,text_meaning_control,english,music,music,black,white,neutral_object,the word says {},music,0.30419921875,True
textmeaning_music_0086,/content/stroop_expanded_vlm/text_meaning_control/images/textmeaning_music_0086.png,/content/stroop_expanded_vlm/text_meaning_control/masks/textmeaning_music_0086_mask.png,text_meaning_control,english,music,music,black,white,neutral_object,the word says {},music,0.30224609375,True
textmeaning_music_0087,/content/stroop_expanded_vlm/text_meaning_control/images/textmeaning_music_0087.png,/content/stroop_expanded_vlm/text_meaning_control/masks/textmeaning_music_0087_mask.png,text_meaning_control,english,music,music,black,white,neutral_object,the word says {},music,0.294677734375,True
textmeaning_music_0088,/content/stroop_expanded_vlm/text_meaning_control/images/textmeaning_music_0088.png,/content/stroop_expanded_vlm/text_meaning_control/masks/textmeaning_music_0088_mask.png,text_meaning_control,english,music,music,black,white,neutral_object,the word says {},music,0.296630859375,True
textmeaning_music_0089,/content/stroop_expanded_vlm/text_meaning_control/images/textmeaning_music_0089.png,/content/stroop_expanded_vlm/text_meaning_control/masks/textmeaning_music_0089_mask.png,text_meaning_control,english,music,music,black,white,neutral_object,the word says {},music,0.292236328125,True
textmeaning_music_0090,/content/stroop_expanded_vlm/text_meaning_control/images/textmeaning_music_0090.png,/content/stroop_expanded_vlm/text_meaning_control/masks/textmeaning_music_0090_mask.png,text_meaning_control,english,music,music,black,white,neutral_object,the word says {},music,0.29248046875,True
textmeaning_music_0091,/content/stroop_expanded_vlm/text_meaning_control/images/textmeaning_music_0091.png,/content/stroop_expanded_vlm/text_meaning_control/masks/textmeaning_music_0091_mask.png,text_meaning_control,english,music,music,black,white,neutral_object,the word says {},music,0.29345703125,True
textmeaning_music_0092,/content/stroop_expanded_vlm/text_meaning_control/images/textmeaning_music_0092.png,/content/stroop_expanded_vlm/text_meaning_control/masks/textmeaning_music_0092_mask.png,text_meaning_control,english,music,music,black,white,neutral_object,the word says {},music,0.2890625,True
textmeaning_music_0093,/content/stroop_expanded_vlm/text_meaning_control/images/textmeaning_music_0093.png,/content/stroop_expanded_vlm/text_meaning_control/masks/textmeaning_music_0093_mask.png,text_meaning_control,english,music,music,black,white,neutral_object,the word says {},music,0.295166015625,True
textmeaning_music_0094,/content/stroop_expanded_vlm/text_meaning_control/images/textmeaning_music_0094.png,/content/stroop_expanded_vlm/text_meaning_control/masks/textmeaning_music_0094_mask.png,text_meaning_control,english,music,music,black,white,neutral_object,the word says {},music,0.29638671875,True
textmeaning_music_0095,/content/stroop_expanded_vlm/text_meaning_control/images/textmeaning_music_0095.png,/content/stroop_expanded_vlm/text_meaning_control/masks/textmeaning_music_0095_mask.png,text_meaning_control,english,music,music,black,white,neutral_object,the word says {},music,0.295166015625,True
textmeaning_music_0096,/content/stroop_expanded_vlm/text_meaning_control/images/textmeaning_music_0096.png,/content/stroop_expanded_vlm/text_meaning_control/masks/textmeaning_music_0096_mask.png,text_meaning_control,english,music,music,black,white,neutral_object,the word says {},music,0.29736328125,True
textmeaning_music_0097,/content/stroop_expanded_vlm/text_meaning_control/images/textmeaning_music_0097.png,/content/stroop_expanded_vlm/text_meaning_control/masks/textmeaning_music_0097_mask.png,text_meaning_control,english,music,music,black,white,neutral_object,the word says {},music,0.3017578125,True
textmeaning_music_0098,/content/stroop_expanded_vlm/text_meaning_control/images/textmeaning_music_0098.png,/content/stroop_expanded_vlm/text_meaning_control/masks/textmeaning_music_0098_mask.png,text_meaning_control,english,music,music,black,white,neutral_object,the word says {},music,0.295654296875,True
textmeaning_music_0099,/content/stroop_expanded_vlm/text_meaning_control/images/textmeaning_music_0099.png,/content/stroop_expanded_vlm/text_meaning_control/masks/textmeaning_music_0099_mask.png,text_meaning_control,english,music,music,black,white,neutral_object,the word says {},music,0.29443359375,True
